<?xml version="1.0" encoding="utf-8" ?>
<dwsync>
<file name="fddXMLreadme.txt" server="teamsite.loc.gov//default/main/LC-PUB/LC-HOME/WORKAREA/kmur/htdocs/digpres/formats/" local="130191793430000000" remote="130191793430000000" Dst="1" />
<file name="fdd000155.xml" server="teamsite.loc.gov//default/main/LC-PUB/LC-HOME/WORKAREA/kmur/htdocs/digpres/formats/" local="130584002730000000" remote="130584002730000000" Dst="2" />
<file name="fdd000108.xml" server="teamsite.loc.gov//default/main/LC-PUB/LC-HOME/WORKAREA/kmur/htdocs/digpres/formats/" local="130222245460000000" remote="130222245460000000" Dst="1" />
<file name="fdd000107.xml" server="teamsite.loc.gov//default/main/LC-PUB/LC-HOME/WORKAREA/kmur/htdocs/digpres/formats/" local="130222245460000000" remote="130222245460000000" Dst="1" />
<file name="fdd000106.xml" server="teamsite.loc.gov//default/main/LC-PUB/LC-HOME/WORKAREA/kmur/htdocs/digpres/formats/" local="130222245480000000" remote="130222245480000000" Dst="1" />
<file name="fdd000105.xml" server="teamsite.loc.gov//default/main/LC-PUB/LC-HOME/WORKAREA/kmur/htdocs/digpres/formats/" local="130222245490000000" remote="130222245490000000" Dst="1" />
<file name="fdd000079.xml" server="teamsite.loc.gov//default/main/LC-PUB/LC-HOME/WORKAREA/kmur/htdocs/digpres/formats/" local="130224470280000000" remote="130224470280000000" Dst="1" />
<file name="fdd000115.xml" server="teamsite.loc.gov//default/main/LC-PUB/LC-HOME/WORKAREA/kmur/htdocs/digpres/formats/" local="130224470300000000" remote="130224470300000000" Dst="1" />
<file name="fdd000046.xml" server="teamsite.loc.gov//default/main/LC-PUB/LC-HOME/WORKAREA/kmur/htdocs/digpres/formats/" local="130368815570000000" remote="130368815570000000" Dst="1" />
<file name="fdd000045.xml" server="teamsite.loc.gov//default/main/LC-PUB/LC-HOME/WORKAREA/kmur/htdocs/digpres/formats/" local="130368815580000000" remote="130368815580000000" Dst="1" />
<file name="fdd000044.xml" server="teamsite.loc.gov//default/main/LC-PUB/LC-HOME/WORKAREA/kmur/htdocs/digpres/formats/" local="130368815590000000" remote="130368815590000000" Dst="1" />
<file name="fdd000376.xml" server="teamsite.loc.gov//default/main/LC-PUB/LC-HOME/WORKAREA/kmur/htdocs/digpres/formats/" local="130722106130000000" remote="130722106130000000" Dst="2" />
<file name="fdd000375.xml" server="teamsite.loc.gov//default/main/LC-PUB/LC-HOME/WORKAREA/kmur/htdocs/digpres/formats/" local="130722106130000000" remote="130722106130000000" Dst="2" />
<file name="fdd000374.xml" server="teamsite.loc.gov//default/main/LC-PUB/LC-HOME/WORKAREA/kmur/htdocs/digpres/formats/" local="130722106120000000" remote="130722106120000000" Dst="2" />
<file name="fdd000373.xml" server="teamsite.loc.gov//default/main/LC-PUB/LC-HOME/WORKAREA/kmur/htdocs/digpres/formats/" local="130227064420000000" remote="130227064420000000" Dst="1" />
<file name="fdd000372.xml" server="teamsite.loc.gov//default/main/LC-PUB/LC-HOME/WORKAREA/kmur/htdocs/digpres/formats/" local="130227064430000000" remote="130227064430000000" Dst="1" />
<file name="fdd000371.xml" server="teamsite.loc.gov//default/main/LC-PUB/LC-HOME/WORKAREA/kmur/htdocs/digpres/formats/" local="130227064440000000" remote="130227064440000000" Dst="1" />
<file name="fdd000370.xml" server="teamsite.loc.gov//default/main/LC-PUB/LC-HOME/WORKAREA/kmur/htdocs/digpres/formats/" local="130670971980000000" remote="130670971980000000" Dst="1" />
<file name="fdd000369.xml" server="teamsite.loc.gov//default/main/LC-PUB/LC-HOME/WORKAREA/kmur/htdocs/digpres/formats/" local="130670971990000000" remote="130670971990000000" Dst="1" />
<file name="fdd000368.xml" server="teamsite.loc.gov//default/main/LC-PUB/LC-HOME/WORKAREA/kmur/htdocs/digpres/formats/" local="130869044770000000" remote="130869044770000000" Dst="2" />
<file name="fdd000367.xml" server="teamsite.loc.gov//default/main/LC-PUB/LC-HOME/WORKAREA/kmur/htdocs/digpres/formats/" local="131020232520000000" remote="131020232520000000" Dst="2" />
<file name="fdd000366.xml" server="teamsite.loc.gov//default/main/LC-PUB/LC-HOME/WORKAREA/kmur/htdocs/digpres/formats/" local="131020232520000000" remote="131020232520000000" Dst="2" />
<file name="fdd000365.xml" server="teamsite.loc.gov//default/main/LC-PUB/LC-HOME/WORKAREA/kmur/htdocs/digpres/formats/" local="131020232520000000" remote="131020232520000000" Dst="2" />
<file name="fdd000364.xml" server="teamsite.loc.gov//default/main/LC-PUB/LC-HOME/WORKAREA/kmur/htdocs/digpres/formats/" local="131020232520000000" remote="131020232520000000" Dst="2" />
<file name="fdd000353.xml" server="teamsite.loc.gov//default/main/LC-PUB/LC-HOME/WORKAREA/kmur/htdocs/digpres/formats/" local="131020232520000000" remote="131020232520000000" Dst="2" />
<file name="fdd000352.xml" server="teamsite.loc.gov//default/main/LC-PUB/LC-HOME/WORKAREA/kmur/htdocs/digpres/formats/" local="130586473100000000" remote="130586473100000000" Dst="2" />
<file name="fdd000351.xml" server="teamsite.loc.gov//default/main/LC-PUB/LC-HOME/WORKAREA/kmur/htdocs/digpres/formats/" local="130586473080000000" remote="130586473080000000" Dst="2" />
<file name="fdd000240.xml" server="teamsite.loc.gov//default/main/LC-PUB/LC-HOME/WORKAREA/kmur/htdocs/digpres/formats/" local="131020232520000000" remote="131020232520000000" Dst="2" />
<file name="fdd000129.xml" server="teamsite.loc.gov//default/main/LC-PUB/LC-HOME/WORKAREA/kmur/htdocs/digpres/formats/" local="130227064580000000" remote="130227064580000000" Dst="1" />
<file name="fdd000225.xml" server="teamsite.loc.gov//default/main/LC-PUB/LC-HOME/WORKAREA/kmur/htdocs/digpres/formats/" local="130368865500000000" remote="130368865500000000" Dst="1" />
<file name="fdd000048.xml" server="teamsite.loc.gov//default/main/LC-PUB/LC-HOME/WORKAREA/kmur/htdocs/digpres/formats/" local="130368815560000000" remote="130368815560000000" Dst="1" />
<file name="fdd000047.xml" server="teamsite.loc.gov//default/main/LC-PUB/LC-HOME/WORKAREA/kmur/htdocs/digpres/formats/" local="130368815570000000" remote="130368815570000000" Dst="1" />
<file name="fdd000005.xml" server="teamsite.loc.gov//default/main/LC-PUB/LC-HOME/WORKAREA/kmur/htdocs/digpres/formats/" local="130457555310000000" remote="130457557300000000" Dst="2" />
<file name="fdd000003.xml" server="teamsite.loc.gov//default/main/LC-PUB/LC-HOME/WORKAREA/kmur/htdocs/digpres/formats/" local="130229739870000000" remote="130229739870000000" Dst="1" />
<file name="fdd000049.xml" server="teamsite.loc.gov//default/main/LC-PUB/LC-HOME/WORKAREA/kmur/htdocs/digpres/formats/" local="130368815550000000" remote="130368815550000000" Dst="1" />
<file name="fdd000031.xml" server="teamsite.loc.gov//default/main/LC-PUB/LC-HOME/WORKAREA/kmur/htdocs/digpres/formats/" local="130666054020000000" remote="130666054020000000" Dst="1" />
<file name="fdd000020.xml" server="teamsite.loc.gov//default/main/LC-PUB/LC-HOME/WORKAREA/kmur/htdocs/digpres/formats/" local="130905930140000000" remote="130905930140000000" Dst="2" />
<file name="fdd000014.xml" server="teamsite.loc.gov//default/main/LC-PUB/LC-HOME/WORKAREA/kmur/htdocs/digpres/formats/" local="130723961050000000" remote="130723961050000000" Dst="2" />
<file name="fdd000335.xml" server="teamsite.loc.gov//default/main/LC-PUB/LC-HOME/WORKAREA/kmur/htdocs/digpres/formats/" local="130584002800000000" remote="130584002800000000" Dst="2" />
<file name="fdd000098.xml" server="teamsite.loc.gov//default/main/LC-PUB/LC-HOME/WORKAREA/kmur/htdocs/digpres/formats/" local="130234729350000000" remote="130234729350000000" Dst="1" />
<file name="fdd000097.xml" server="teamsite.loc.gov//default/main/LC-PUB/LC-HOME/WORKAREA/kmur/htdocs/digpres/formats/" local="130234729360000000" remote="130234729360000000" Dst="1" />
<file name="fdd000090.xml" server="teamsite.loc.gov//default/main/LC-PUB/LC-HOME/WORKAREA/kmur/htdocs/digpres/formats/" local="130368865550000000" remote="130368865550000000" Dst="1" />
<file name="fdd000094.xml" server="teamsite.loc.gov//default/main/LC-PUB/LC-HOME/WORKAREA/kmur/htdocs/digpres/formats/" local="130234746570000000" remote="130234746570000000" Dst="1" />
<file name="fdd000093.xml" server="teamsite.loc.gov//default/main/LC-PUB/LC-HOME/WORKAREA/kmur/htdocs/digpres/formats/" local="130234746570000000" remote="130234746570000000" Dst="1" />
<file name="fdd000092.xml" server="teamsite.loc.gov//default/main/LC-PUB/LC-HOME/WORKAREA/kmur/htdocs/digpres/formats/" local="130234746580000000" remote="130234746580000000" Dst="1" />
<file name="fdd000027.xml" server="teamsite.loc.gov//default/main/LC-PUB/LC-HOME/WORKAREA/kmur/htdocs/digpres/formats/" local="130234746590000000" remote="130234746590000000" Dst="1" />
<file name="fdd000119.xml" server="teamsite.loc.gov//default/main/LC-PUB/LC-HOME/WORKAREA/kmur/htdocs/digpres/formats/" local="130234879280000000" remote="130234879280000000" Dst="1" />
<file name="fdd000116.xml" server="teamsite.loc.gov//default/main/LC-PUB/LC-HOME/WORKAREA/kmur/htdocs/digpres/formats/" local="130369920860000000" remote="130369920860000000" Dst="1" />
<file name="fdd000112.xml" server="teamsite.loc.gov//default/main/LC-PUB/LC-HOME/WORKAREA/kmur/htdocs/digpres/formats/" local="130710842080000000" remote="130710842080000000" Dst="2" />
<file name="fdd000111.xml" server="teamsite.loc.gov//default/main/LC-PUB/LC-HOME/WORKAREA/kmur/htdocs/digpres/formats/" local="130234879310000000" remote="130234879310000000" Dst="1" />
<file name="fdd000099.xml" server="teamsite.loc.gov//default/main/LC-PUB/LC-HOME/WORKAREA/kmur/htdocs/digpres/formats/" local="130234879310000000" remote="130234879310000000" Dst="1" />
<file name="fdd000025.xml" server="teamsite.loc.gov//default/main/LC-PUB/LC-HOME/WORKAREA/kmur/htdocs/digpres/formats/" local="130234879330000000" remote="130234879330000000" Dst="1" />
<file name="fdd000120.xml" server="teamsite.loc.gov//default/main/LC-PUB/LC-HOME/WORKAREA/kmur/htdocs/digpres/formats/" local="130234886270000000" remote="130234886270000000" Dst="1" />
<file name="fdd000350.xml" server="teamsite.loc.gov//default/main/LC-PUB/LC-HOME/WORKAREA/kmur/htdocs/digpres/formats/" local="130656236950000000" remote="130656236950000000" Dst="1" />
<file name="fdd000174.xml" server="teamsite.loc.gov//default/main/LC-PUB/LC-HOME/WORKAREA/kmur/htdocs/digpres/formats/" local="130235754240000000" remote="130235754240000000" Dst="1" />
<file name="fdd000135.xml" server="teamsite.loc.gov//default/main/LC-PUB/LC-HOME/WORKAREA/kmur/htdocs/digpres/formats/" local="130235754260000000" remote="130235754260000000" Dst="1" />
<file name="fdd000132.xml" server="teamsite.loc.gov//default/main/LC-PUB/LC-HOME/WORKAREA/kmur/htdocs/digpres/formats/" local="130235754280000000" remote="130235754280000000" Dst="1" />
<file name="fdd000199.xml" server="teamsite.loc.gov//default/main/LC-PUB/LC-HOME/WORKAREA/kmur/htdocs/digpres/formats/" local="130403332870000000" remote="130403332870000000" Dst="2" />
<file name="fdd000188.xml" server="teamsite.loc.gov//default/main/LC-PUB/LC-HOME/WORKAREA/kmur/htdocs/digpres/formats/" local="130373693970000000" remote="130373693970000000" Dst="2" />
<file name="fdd000184.xml" server="teamsite.loc.gov//default/main/LC-PUB/LC-HOME/WORKAREA/kmur/htdocs/digpres/formats/" local="130666758040000000" remote="130666758040000000" Dst="1" />
<file name="fdd000180.xml" server="teamsite.loc.gov//default/main/LC-PUB/LC-HOME/WORKAREA/kmur/htdocs/digpres/formats/" local="130235835290000000" remote="130235835290000000" Dst="1" />
<file name="fdd000298.xml" server="teamsite.loc.gov//default/main/LC-PUB/LC-HOME/WORKAREA/kmur/htdocs/digpres/formats/" local="130653129350000000" remote="130653129350000000" Dst="1" />
<file name="fdd000022.xml" server="teamsite.loc.gov//default/main/LC-PUB/LC-HOME/WORKAREA/kmur/htdocs/digpres/formats/" local="130265018970000000" remote="130265018970000000" Dst="1" />
<file name="fdd000019.xml" server="teamsite.loc.gov//default/main/LC-PUB/LC-HOME/WORKAREA/kmur/htdocs/digpres/formats/" local="130265018980000000" remote="130265018980000000" Dst="1" />
<file name="fdd000018.xml" server="teamsite.loc.gov//default/main/LC-PUB/LC-HOME/WORKAREA/kmur/htdocs/digpres/formats/" local="130265018990000000" remote="130265018990000000" Dst="1" />
<file name="fdd000017.xml" server="teamsite.loc.gov//default/main/LC-PUB/LC-HOME/WORKAREA/kmur/htdocs/digpres/formats/" local="130265019000000000" remote="130265019000000000" Dst="1" />
<file name="fdd000016.xml" server="teamsite.loc.gov//default/main/LC-PUB/LC-HOME/WORKAREA/kmur/htdocs/digpres/formats/" local="130265019010000000" remote="130265019010000000" Dst="1" />
<file name="fdd000012.xml" server="teamsite.loc.gov//default/main/LC-PUB/LC-HOME/WORKAREA/kmur/htdocs/digpres/formats/" local="130583769280000000" remote="130583769280000000" Dst="2" />
<file name="fdd000011.xml" server="teamsite.loc.gov//default/main/LC-PUB/LC-HOME/WORKAREA/kmur/htdocs/digpres/formats/" local="130953713390000000" remote="130953715630000000" Dst="1" />
<file name="fdd000004.xml" server="teamsite.loc.gov//default/main/LC-PUB/LC-HOME/WORKAREA/kmur/htdocs/digpres/formats/" local="130695147100000000" remote="130695147100000000" Dst="2" />
<file name="fdd000001.xml" server="teamsite.loc.gov//default/main/LC-PUB/LC-HOME/WORKAREA/kmur/htdocs/digpres/formats/" local="130265019060000000" remote="130265019060000000" Dst="1" />
<file name="fdd000306.xml" server="teamsite.loc.gov//default/main/LC-PUB/LC-HOME/WORKAREA/kmur/htdocs/digpres/formats/" local="130664401460000000" remote="130664401460000000" Dst="1" />
<file name="fdd000305.xml" server="teamsite.loc.gov//default/main/LC-PUB/LC-HOME/WORKAREA/kmur/htdocs/digpres/formats/" local="130664401470000000" remote="130664401470000000" Dst="1" />
<file name="fdd000304.xml" server="teamsite.loc.gov//default/main/LC-PUB/LC-HOME/WORKAREA/kmur/htdocs/digpres/formats/" local="130665107980000000" remote="130665107980000000" Dst="1" />
<file name="fdd000288.xml" server="teamsite.loc.gov//default/main/LC-PUB/LC-HOME/WORKAREA/kmur/htdocs/digpres/formats/" local="130685649050000000" remote="130685649050000000" Dst="1" />
<file name="fdd000283.xml" server="teamsite.loc.gov//default/main/LC-PUB/LC-HOME/WORKAREA/kmur/htdocs/digpres/formats/" local="130685649060000000" remote="130685649060000000" Dst="1" />
<file name="fdd000282.xml" server="teamsite.loc.gov//default/main/LC-PUB/LC-HOME/WORKAREA/kmur/htdocs/digpres/formats/" local="130661690900000000" remote="130661690900000000" Dst="1" />
<file name="fdd000035.xml" server="teamsite.loc.gov//default/main/LC-PUB/LC-HOME/WORKAREA/kmur/htdocs/digpres/formats/" local="130583901810000000" remote="130583901810000000" Dst="2" />
<file name="fdd000034.xml" server="teamsite.loc.gov//default/main/LC-PUB/LC-HOME/WORKAREA/kmur/htdocs/digpres/formats/" local="130583901800000000" remote="130583901800000000" Dst="2" />
<file name="fdd000032.xml" server="teamsite.loc.gov//default/main/LC-PUB/LC-HOME/WORKAREA/kmur/htdocs/digpres/formats/" local="130368815620000000" remote="130368815620000000" Dst="1" />
<file name="fdd000114.xml" server="teamsite.loc.gov//default/main/LC-PUB/LC-HOME/WORKAREA/kmur/htdocs/digpres/formats/" local="130710842060000000" remote="130710842060000000" Dst="2" />
<file name="fdd000233.xml" server="teamsite.loc.gov//default/main/LC-PUB/LC-HOME/WORKAREA/kmur/htdocs/digpres/formats/" local="130368865500000000" remote="130368865500000000" Dst="1" />
<file name="fdd000054.xml" server="teamsite.loc.gov//default/main/LC-PUB/LC-HOME/WORKAREA/kmur/htdocs/digpres/formats/" local="130269228210000000" remote="130269228210000000" Dst="1" />
<file name="fdd000053.xml" server="teamsite.loc.gov//default/main/LC-PUB/LC-HOME/WORKAREA/kmur/htdocs/digpres/formats/" local="130695370050000000" remote="130695370050000000" Dst="2" />
<file name="fdd000051.xml" server="teamsite.loc.gov//default/main/LC-PUB/LC-HOME/WORKAREA/kmur/htdocs/digpres/formats/" local="130664401490000000" remote="130664401490000000" Dst="1" />
<file name="fdd000050.xml" server="teamsite.loc.gov//default/main/LC-PUB/LC-HOME/WORKAREA/kmur/htdocs/digpres/formats/" local="130269228240000000" remote="130269228240000000" Dst="1" />
<file name="fdd000059.xml" server="teamsite.loc.gov//default/main/LC-PUB/LC-HOME/WORKAREA/kmur/htdocs/digpres/formats/" local="131044294430000000" remote="131044294430000000" Dst="2" />
<file name="fdd000033.xml" server="teamsite.loc.gov//default/main/LC-PUB/LC-HOME/WORKAREA/kmur/htdocs/digpres/formats/" local="130368815620000000" remote="130368815620000000" Dst="1" />
<file name="fdd000028.xml" server="teamsite.loc.gov//default/main/LC-PUB/LC-HOME/WORKAREA/kmur/htdocs/digpres/formats/" local="130583901790000000" remote="130583901790000000" Dst="2" />
<file name="fdd000356.xml" server="teamsite.loc.gov//default/main/LC-PUB/LC-HOME/WORKAREA/kmur/htdocs/digpres/formats/" local="130271225660000000" remote="130271225660000000" Dst="1" />
<file name="fdd000308.xml" server="teamsite.loc.gov//default/main/LC-PUB/LC-HOME/WORKAREA/kmur/htdocs/digpres/formats/" local="130361125930000000" remote="130361125930000000" Dst="1" />
<file name="fdd000278.xml" server="teamsite.loc.gov//default/main/LC-PUB/LC-HOME/WORKAREA/kmur/htdocs/digpres/formats/" local="130271225690000000" remote="130271225690000000" Dst="1" />
<file name="fdd000242.xml" server="teamsite.loc.gov//default/main/LC-PUB/LC-HOME/WORKAREA/kmur/htdocs/digpres/formats/" local="130271225700000000" remote="130271225700000000" Dst="1" />
<file name="fdd000036.xml" server="teamsite.loc.gov//default/main/LC-PUB/LC-HOME/WORKAREA/kmur/htdocs/digpres/formats/" local="130710842090000000" remote="130710842090000000" Dst="2" />
<file name="fdd000230.xml" server="teamsite.loc.gov//default/main/LC-PUB/LC-HOME/WORKAREA/kmur/htdocs/digpres/formats/" local="130368815540000000" remote="130368815540000000" Dst="1" />
<file name="fdd000359.xml" server="teamsite.loc.gov//default/main/LC-PUB/LC-HOME/WORKAREA/kmur/htdocs/digpres/formats/" local="130275365510000000" remote="130275365510000000" Dst="1" />
<file name="fdd000110.xml" server="teamsite.loc.gov//default/main/LC-PUB/LC-HOME/WORKAREA/kmur/htdocs/digpres/formats/" local="130369920880000000" remote="130369920880000000" Dst="1" />
<file name="fdd000069.xml" server="teamsite.loc.gov//default/main/LC-PUB/LC-HOME/WORKAREA/kmur/htdocs/digpres/formats/" local="130275365540000000" remote="130275365540000000" Dst="1" />
<file name="fdd000068.xml" server="teamsite.loc.gov//default/main/LC-PUB/LC-HOME/WORKAREA/kmur/htdocs/digpres/formats/" local="131020324550000000" remote="131020324550000000" Dst="2" />
<file name="fdd000064.xml" server="teamsite.loc.gov//default/main/LC-PUB/LC-HOME/WORKAREA/kmur/htdocs/digpres/formats/" local="130275365570000000" remote="130275365570000000" Dst="1" />
<file name="fdd000063.xml" server="teamsite.loc.gov//default/main/LC-PUB/LC-HOME/WORKAREA/kmur/htdocs/digpres/formats/" local="131044294430000000" remote="131044294430000000" Dst="2" />
<file name="fdd000062.xml" server="teamsite.loc.gov//default/main/LC-PUB/LC-HOME/WORKAREA/kmur/htdocs/digpres/formats/" local="131020232520000000" remote="131020232520000000" Dst="2" />
<file name="fdd000061.xml" server="teamsite.loc.gov//default/main/LC-PUB/LC-HOME/WORKAREA/kmur/htdocs/digpres/formats/" local="131020232510000000" remote="131020232510000000" Dst="2" />
<file name="fdd000060.xml" server="teamsite.loc.gov//default/main/LC-PUB/LC-HOME/WORKAREA/kmur/htdocs/digpres/formats/" local="131020232510000000" remote="131020232510000000" Dst="2" />
<file name="fdd000100.xml" server="teamsite.loc.gov//default/main/LC-PUB/LC-HOME/WORKAREA/kmur/htdocs/digpres/formats/" local="130276259730000000" remote="130276259730000000" Dst="1" />
<file name="fdd000101.xml" server="teamsite.loc.gov//default/main/LC-PUB/LC-HOME/WORKAREA/kmur/htdocs/digpres/formats/" local="130276259750000000" remote="130276259750000000" Dst="1" />
<file name="fdd000095.xml" server="teamsite.loc.gov//default/main/LC-PUB/LC-HOME/WORKAREA/kmur/htdocs/digpres/formats/" local="130911418190000000" remote="130911418190000000" Dst="1" />
<file name="fdd000091.xml" server="teamsite.loc.gov//default/main/LC-PUB/LC-HOME/WORKAREA/kmur/htdocs/digpres/formats/" local="130724744850000000" remote="130724744850000000" Dst="2" />
<file name="fdd000089.xml" server="teamsite.loc.gov//default/main/LC-PUB/LC-HOME/WORKAREA/kmur/htdocs/digpres/formats/" local="130276259800000000" remote="130276259800000000" Dst="1" />
<file name="fdd000127.xml" server="teamsite.loc.gov//default/main/LC-PUB/LC-HOME/WORKAREA/kmur/htdocs/digpres/formats/" local="130583912810000000" remote="130583912810000000" Dst="2" />
<file name="fdd000121.xml" server="teamsite.loc.gov//default/main/LC-PUB/LC-HOME/WORKAREA/kmur/htdocs/digpres/formats/" local="130277064110000000" remote="130277064110000000" Dst="1" />
<file name="fdd000118.xml" server="teamsite.loc.gov//default/main/LC-PUB/LC-HOME/WORKAREA/kmur/htdocs/digpres/formats/" local="130995166820000000" remote="130995168930000000" Dst="1" />
<file name="fdd000096.xml" server="teamsite.loc.gov//default/main/LC-PUB/LC-HOME/WORKAREA/kmur/htdocs/digpres/formats/" local="130911418180000000" remote="130911418180000000" Dst="1" />
<file name="fdd000080.xml" server="teamsite.loc.gov//default/main/LC-PUB/LC-HOME/WORKAREA/kmur/htdocs/digpres/formats/" local="130583912780000000" remote="130583912780000000" Dst="2" />
<file name="fdd000130.xml" server="teamsite.loc.gov//default/main/LC-PUB/LC-HOME/WORKAREA/kmur/htdocs/digpres/formats/" local="130277088420000000" remote="130277088420000000" Dst="1" />
<file name="fdd000224.xml" server="teamsite.loc.gov//default/main/LC-PUB/LC-HOME/WORKAREA/kmur/htdocs/digpres/formats/" local="130368845110000000" remote="130368845110000000" Dst="1" />
<file name="fdd000223.xml" server="teamsite.loc.gov//default/main/LC-PUB/LC-HOME/WORKAREA/kmur/htdocs/digpres/formats/" local="130368841350000000" remote="130368841350000000" Dst="1" />
<file name="fdd000222.xml" server="teamsite.loc.gov//default/main/LC-PUB/LC-HOME/WORKAREA/kmur/htdocs/digpres/formats/" local="130368841330000000" remote="130368841330000000" Dst="1" />
<file name="fdd000221.xml" server="teamsite.loc.gov//default/main/LC-PUB/LC-HOME/WORKAREA/kmur/htdocs/digpres/formats/" local="130368841360000000" remote="130368841360000000" Dst="1" />
<file name="fdd000220.xml" server="teamsite.loc.gov//default/main/LC-PUB/LC-HOME/WORKAREA/kmur/htdocs/digpres/formats/" local="130368841370000000" remote="130368841370000000" Dst="1" />
<file name="fdd000219.xml" server="teamsite.loc.gov//default/main/LC-PUB/LC-HOME/WORKAREA/kmur/htdocs/digpres/formats/" local="130368841380000000" remote="130368841380000000" Dst="1" />
<file name="fdd000179.xml" server="teamsite.loc.gov//default/main/LC-PUB/LC-HOME/WORKAREA/kmur/htdocs/digpres/formats/" local="130277324390000000" remote="130277324390000000" Dst="1" />
<file name="fdd000162.xml" server="teamsite.loc.gov//default/main/LC-PUB/LC-HOME/WORKAREA/kmur/htdocs/digpres/formats/" local="130584002770000000" remote="130584002770000000" Dst="2" />
<file name="fdd000161.xml" server="teamsite.loc.gov//default/main/LC-PUB/LC-HOME/WORKAREA/kmur/htdocs/digpres/formats/" local="130584002760000000" remote="130584002760000000" Dst="2" />
<file name="fdd000140.xml" server="teamsite.loc.gov//default/main/LC-PUB/LC-HOME/WORKAREA/kmur/htdocs/digpres/formats/" local="130277324430000000" remote="130277324430000000" Dst="1" />
<file name="fdd000139.xml" server="teamsite.loc.gov//default/main/LC-PUB/LC-HOME/WORKAREA/kmur/htdocs/digpres/formats/" local="130277324450000000" remote="130277324450000000" Dst="1" />
<file name="fdd000088.xml" server="teamsite.loc.gov//default/main/LC-PUB/LC-HOME/WORKAREA/kmur/htdocs/digpres/formats/" local="130277324480000000" remote="130277324480000000" Dst="1" />
<file name="fdd000087.xml" server="teamsite.loc.gov//default/main/LC-PUB/LC-HOME/WORKAREA/kmur/htdocs/digpres/formats/" local="130670972000000000" remote="130670972000000000" Dst="1" />
<file name="fdd000086.xml" server="teamsite.loc.gov//default/main/LC-PUB/LC-HOME/WORKAREA/kmur/htdocs/digpres/formats/" local="130670972000000000" remote="130670972000000000" Dst="1" />
<file name="fdd000085.xml" server="teamsite.loc.gov//default/main/LC-PUB/LC-HOME/WORKAREA/kmur/htdocs/digpres/formats/" local="130277324530000000" remote="130277324530000000" Dst="1" />
<file name="fdd000084.xml" server="teamsite.loc.gov//default/main/LC-PUB/LC-HOME/WORKAREA/kmur/htdocs/digpres/formats/" local="130368034050000000" remote="130368034050000000" Dst="1" />
<file name="fdd000083.xml" server="teamsite.loc.gov//default/main/LC-PUB/LC-HOME/WORKAREA/kmur/htdocs/digpres/formats/" local="130368034060000000" remote="130368034060000000" Dst="1" />
<file name="fdd000082.xml" server="teamsite.loc.gov//default/main/LC-PUB/LC-HOME/WORKAREA/kmur/htdocs/digpres/formats/" local="130368034080000000" remote="130368034080000000" Dst="1" />
<file name="fdd000243.xml" server="teamsite.loc.gov//default/main/LC-PUB/LC-HOME/WORKAREA/kmur/htdocs/digpres/formats/" local="130278008540000000" remote="130278008540000000" Dst="1" />
<file name="fdd000241.xml" server="teamsite.loc.gov//default/main/LC-PUB/LC-HOME/WORKAREA/kmur/htdocs/digpres/formats/" local="130343815050000000" remote="130343815050000000" Dst="1" />
<file name="fdd000237.xml" server="teamsite.loc.gov//default/main/LC-PUB/LC-HOME/WORKAREA/kmur/htdocs/digpres/formats/" local="130695041720000000" remote="130695041720000000" Dst="2" />
<file name="fdd000236.xml" server="teamsite.loc.gov//default/main/LC-PUB/LC-HOME/WORKAREA/kmur/htdocs/digpres/formats/" local="130666053980000000" remote="130666053980000000" Dst="1" />
<file name="fdd000235.xml" server="teamsite.loc.gov//default/main/LC-PUB/LC-HOME/WORKAREA/kmur/htdocs/digpres/formats/" local="130278008580000000" remote="130278008580000000" Dst="1" />
<file name="fdd000232.xml" server="teamsite.loc.gov//default/main/LC-PUB/LC-HOME/WORKAREA/kmur/htdocs/digpres/formats/" local="130278008590000000" remote="130278008590000000" Dst="1" />
<file name="fdd000217.xml" server="teamsite.loc.gov//default/main/LC-PUB/LC-HOME/WORKAREA/kmur/htdocs/digpres/formats/" local="130368841410000000" remote="130368841410000000" Dst="1" />
<file name="fdd000216.xml" server="teamsite.loc.gov//default/main/LC-PUB/LC-HOME/WORKAREA/kmur/htdocs/digpres/formats/" local="130368841420000000" remote="130368841420000000" Dst="1" />
<file name="fdd000209.xml" server="teamsite.loc.gov//default/main/LC-PUB/LC-HOME/WORKAREA/kmur/htdocs/digpres/formats/" local="130278008640000000" remote="130278008640000000" Dst="1" />
<file name="fdd000234.xml" server="teamsite.loc.gov//default/main/LC-PUB/LC-HOME/WORKAREA/kmur/htdocs/digpres/formats/" local="130710842070000000" remote="130710842070000000" Dst="2" />
<file name="fdd000218.xml" server="teamsite.loc.gov//default/main/LC-PUB/LC-HOME/WORKAREA/kmur/htdocs/digpres/formats/" local="130368841400000000" remote="130368841400000000" Dst="1" />
<file name="fdd000215.xml" server="teamsite.loc.gov//default/main/LC-PUB/LC-HOME/WORKAREA/kmur/htdocs/digpres/formats/" local="130368841430000000" remote="130368841430000000" Dst="1" />
<file name="fdd000183.xml" server="teamsite.loc.gov//default/main/LC-PUB/LC-HOME/WORKAREA/kmur/htdocs/digpres/formats/" local="130280483390000000" remote="130280483390000000" Dst="1" />
<file name="fdd000173.xml" server="teamsite.loc.gov//default/main/LC-PUB/LC-HOME/WORKAREA/kmur/htdocs/digpres/formats/" local="130280483400000000" remote="130280483400000000" Dst="1" />
<file name="fdd000171.xml" server="teamsite.loc.gov//default/main/LC-PUB/LC-HOME/WORKAREA/kmur/htdocs/digpres/formats/" local="130280483410000000" remote="130280483410000000" Dst="1" />
<file name="fdd000137.xml" server="teamsite.loc.gov//default/main/LC-PUB/LC-HOME/WORKAREA/kmur/htdocs/digpres/formats/" local="130583912820000000" remote="130583912820000000" Dst="2" />
<file name="fdd000158.xml" server="teamsite.loc.gov//default/main/LC-PUB/LC-HOME/WORKAREA/kmur/htdocs/digpres/formats/" local="130584002750000000" remote="130584002750000000" Dst="2" />
<file name="fdd000154.xml" server="teamsite.loc.gov//default/main/LC-PUB/LC-HOME/WORKAREA/kmur/htdocs/digpres/formats/" local="130280559340000000" remote="130280559340000000" Dst="1" />
<file name="fdd000157.xml" server="teamsite.loc.gov//default/main/LC-PUB/LC-HOME/WORKAREA/kmur/htdocs/digpres/formats/" local="130584002740000000" remote="130584002740000000" Dst="2" />
<file name="fdd000144.xml" server="teamsite.loc.gov//default/main/LC-PUB/LC-HOME/WORKAREA/kmur/htdocs/digpres/formats/" local="130280559360000000" remote="130280559360000000" Dst="1" />
<file name="fdd000143.xml" server="teamsite.loc.gov//default/main/LC-PUB/LC-HOME/WORKAREA/kmur/htdocs/digpres/formats/" local="130583912830000000" remote="130583912830000000" Dst="2" />
<file name="fdd000142.xml" server="teamsite.loc.gov//default/main/LC-PUB/LC-HOME/WORKAREA/kmur/htdocs/digpres/formats/" local="130695370020000000" remote="130695370020000000" Dst="2" />
<file name="fdd000141.xml" server="teamsite.loc.gov//default/main/LC-PUB/LC-HOME/WORKAREA/kmur/htdocs/digpres/formats/" local="130691747540000000" remote="130691747540000000" Dst="1" />
<file name="fdd000286.xml" server="teamsite.loc.gov//default/main/LC-PUB/LC-HOME/WORKAREA/kmur/htdocs/digpres/formats/" local="130677996560000000" remote="130677996560000000" Dst="1" />
<file name="fdd000285.xml" server="teamsite.loc.gov//default/main/LC-PUB/LC-HOME/WORKAREA/kmur/htdocs/digpres/formats/" local="130661742290000000" remote="130661742290000000" Dst="1" />
<file name="fdd000284.xml" server="teamsite.loc.gov//default/main/LC-PUB/LC-HOME/WORKAREA/kmur/htdocs/digpres/formats/" local="130722106110000000" remote="130722106110000000" Dst="2" />
<file name="fdd000281.xml" server="teamsite.loc.gov//default/main/LC-PUB/LC-HOME/WORKAREA/kmur/htdocs/digpres/formats/" local="130680836290000000" remote="130680836290000000" Dst="1" />
<file name="fdd000280.xml" server="teamsite.loc.gov//default/main/LC-PUB/LC-HOME/WORKAREA/kmur/htdocs/digpres/formats/" local="130668358210000000" remote="130668358210000000" Dst="1" />
<file name="fdd000339.xml" server="teamsite.loc.gov//default/main/LC-PUB/LC-HOME/WORKAREA/kmur/htdocs/digpres/formats/" local="130670963190000000" remote="130670963190000000" Dst="1" />
<file name="fdd000341.xml" server="teamsite.loc.gov//default/main/LC-PUB/LC-HOME/WORKAREA/kmur/htdocs/digpres/formats/" local="130953713400000000" remote="130953715630000000" Dst="1" />
<file name="fdd000332.xml" server="teamsite.loc.gov//default/main/LC-PUB/LC-HOME/WORKAREA/kmur/htdocs/digpres/formats/" local="130670963190000000" remote="130670963190000000" Dst="1" />
<file name="fdd000330.xml" server="teamsite.loc.gov//default/main/LC-PUB/LC-HOME/WORKAREA/kmur/htdocs/digpres/formats/" local="130670360980000000" remote="130670360980000000" Dst="1" />
<file name="fdd000290.xml" server="teamsite.loc.gov//default/main/LC-PUB/LC-HOME/WORKAREA/kmur/htdocs/digpres/formats/" local="130665108020000000" remote="130665108020000000" Dst="1" />
<file name="fdd000255.xml" server="teamsite.loc.gov//default/main/LC-PUB/LC-HOME/WORKAREA/kmur/htdocs/digpres/formats/" local="130373693920000000" remote="130373693920000000" Dst="2" />
<file name="fdd000254.xml" server="teamsite.loc.gov//default/main/LC-PUB/LC-HOME/WORKAREA/kmur/htdocs/digpres/formats/" local="130373693920000000" remote="130373693920000000" Dst="2" />
<file name="fdd000253.xml" server="teamsite.loc.gov//default/main/LC-PUB/LC-HOME/WORKAREA/kmur/htdocs/digpres/formats/" local="130373693950000000" remote="130373693950000000" Dst="2" />
<file name="fdd000295.xml" server="teamsite.loc.gov//default/main/LC-PUB/LC-HOME/WORKAREA/kmur/htdocs/digpres/formats/" local="130724742740000000" remote="130724742740000000" Dst="2" />
<file name="fdd000342.xml" server="teamsite.loc.gov//default/main/LC-PUB/LC-HOME/WORKAREA/kmur/htdocs/digpres/formats/" local="130953713400000000" remote="130953715630000000" Dst="1" />
<file name="fdd000052.xml" server="teamsite.loc.gov//default/main/LC-PUB/LC-HOME/WORKAREA/kmur/htdocs/digpres/formats/" local="130852582370000000" remote="130852582370000000" Dst="2" />
<file name="fdd000363.xml" server="teamsite.loc.gov//default/main/LC-PUB/LC-HOME/WORKAREA/kmur/htdocs/digpres/formats/" local="130946844780000000" remote="130946844780000000" Dst="1" />
<file name="fdd000362.xml" server="teamsite.loc.gov//default/main/LC-PUB/LC-HOME/WORKAREA/kmur/htdocs/digpres/formats/" local="130343814970000000" remote="130343814970000000" Dst="1" />
<file name="fdd000361.xml" server="teamsite.loc.gov//default/main/LC-PUB/LC-HOME/WORKAREA/kmur/htdocs/digpres/formats/" local="130352230690000000" remote="130352230690000000" Dst="1" />
<file name="fdd000358.xml" server="teamsite.loc.gov//default/main/LC-PUB/LC-HOME/WORKAREA/kmur/htdocs/digpres/formats/" local="130283233660000000" remote="130283233660000000" Dst="1" />
<file name="fdd000357.xml" server="teamsite.loc.gov//default/main/LC-PUB/LC-HOME/WORKAREA/kmur/htdocs/digpres/formats/" local="130283233670000000" remote="130283233670000000" Dst="1" />
<file name="fdd000355.xml" server="teamsite.loc.gov//default/main/LC-PUB/LC-HOME/WORKAREA/kmur/htdocs/digpres/formats/" local="130283233680000000" remote="130283233680000000" Dst="1" />
<file name="fdd000354.xml" server="teamsite.loc.gov//default/main/LC-PUB/LC-HOME/WORKAREA/kmur/htdocs/digpres/formats/" local="130352230690000000" remote="130352230690000000" Dst="1" />
<file name="fdd000081.xml" server="teamsite.loc.gov//default/main/LC-PUB/LC-HOME/WORKAREA/kmur/htdocs/digpres/formats/" local="130583912780000000" remote="130583912780000000" Dst="2" />
<file name="fdd000248.xml" server="teamsite.loc.gov//default/main/LC-PUB/LC-HOME/WORKAREA/kmur/htdocs/digpres/formats/" local="130284211040000000" remote="130284211040000000" Dst="1" />
<file name="fdd000200.xml" server="teamsite.loc.gov//default/main/LC-PUB/LC-HOME/WORKAREA/kmur/htdocs/digpres/formats/" local="130392021140000000" remote="130392032610000000" Dst="2" />
<file name="fdd000349.xml" server="teamsite.loc.gov//default/main/LC-PUB/LC-HOME/WORKAREA/kmur/htdocs/digpres/formats/" local="131020232520000000" remote="131020232520000000" Dst="2" />
<file name="fdd000346.xml" server="teamsite.loc.gov//default/main/LC-PUB/LC-HOME/WORKAREA/kmur/htdocs/digpres/formats/" local="130862186410000000" remote="130862186410000000" Dst="2" />
<file name="fdd000345.xml" server="teamsite.loc.gov//default/main/LC-PUB/LC-HOME/WORKAREA/kmur/htdocs/digpres/formats/" local="130368033980000000" remote="130368033980000000" Dst="1" />
<file name="fdd000344.xml" server="teamsite.loc.gov//default/main/LC-PUB/LC-HOME/WORKAREA/kmur/htdocs/digpres/formats/" local="130584002810000000" remote="130584002810000000" Dst="2" />
<file name="fdd000343.xml" server="teamsite.loc.gov//default/main/LC-PUB/LC-HOME/WORKAREA/kmur/htdocs/digpres/formats/" local="130287610270000000" remote="130287610270000000" Dst="1" />
<file name="fdd000340.xml" server="teamsite.loc.gov//default/main/LC-PUB/LC-HOME/WORKAREA/kmur/htdocs/digpres/formats/" local="130666979120000000" remote="130666979120000000" Dst="1" />
<file name="fdd000338.xml" server="teamsite.loc.gov//default/main/LC-PUB/LC-HOME/WORKAREA/kmur/htdocs/digpres/formats/" local="130368033990000000" remote="130368033990000000" Dst="1" />
<file name="fdd000337.xml" server="teamsite.loc.gov//default/main/LC-PUB/LC-HOME/WORKAREA/kmur/htdocs/digpres/formats/" local="130368034000000000" remote="130368034000000000" Dst="1" />
<file name="fdd000336.xml" server="teamsite.loc.gov//default/main/LC-PUB/LC-HOME/WORKAREA/kmur/htdocs/digpres/formats/" local="130368034010000000" remote="130368034010000000" Dst="1" />
<file name="fdd000334.xml" server="teamsite.loc.gov//default/main/LC-PUB/LC-HOME/WORKAREA/kmur/htdocs/digpres/formats/" local="130287707280000000" remote="130287707280000000" Dst="1" />
<file name="fdd000333.xml" server="teamsite.loc.gov//default/main/LC-PUB/LC-HOME/WORKAREA/kmur/htdocs/digpres/formats/" local="130287707290000000" remote="130287707290000000" Dst="1" />
<file name="fdd000327.xml" server="teamsite.loc.gov//default/main/LC-PUB/LC-HOME/WORKAREA/kmur/htdocs/digpres/formats/" local="130665821380000000" remote="130665821380000000" Dst="1" />
<file name="fdd000326.xml" server="teamsite.loc.gov//default/main/LC-PUB/LC-HOME/WORKAREA/kmur/htdocs/digpres/formats/" local="130667733650000000" remote="130667733650000000" Dst="1" />
<file name="fdd000325.xml" server="teamsite.loc.gov//default/main/LC-PUB/LC-HOME/WORKAREA/kmur/htdocs/digpres/formats/" local="130945958990000000" remote="130945958990000000" Dst="1" />
<file name="fdd000329.xml" server="teamsite.loc.gov//default/main/LC-PUB/LC-HOME/WORKAREA/kmur/htdocs/digpres/formats/" local="130665212660000000" remote="130665212660000000" Dst="1" />
<file name="fdd000324.xml" server="teamsite.loc.gov//default/main/LC-PUB/LC-HOME/WORKAREA/kmur/htdocs/digpres/formats/" local="130666979120000000" remote="130666979120000000" Dst="1" />
<file name="fdd000323.xml" server="teamsite.loc.gov//default/main/LC-PUB/LC-HOME/WORKAREA/kmur/htdocs/digpres/formats/" local="130666067670000000" remote="130666067670000000" Dst="1" />
<file name="fdd000347.xml" server="teamsite.loc.gov//default/main/LC-PUB/LC-HOME/WORKAREA/kmur/htdocs/digpres/formats/" local="130584002820000000" remote="130584002820000000" Dst="2" />
<file name="fdd000322.xml" server="teamsite.loc.gov//default/main/LC-PUB/LC-HOME/WORKAREA/kmur/htdocs/digpres/formats/" local="130695081730000000" remote="130695081730000000" Dst="2" />
<file name="fdd000321.xml" server="teamsite.loc.gov//default/main/LC-PUB/LC-HOME/WORKAREA/kmur/htdocs/digpres/formats/" local="130695081750000000" remote="130695081750000000" Dst="2" />
<file name="fdd000320.xml" server="teamsite.loc.gov//default/main/LC-PUB/LC-HOME/WORKAREA/kmur/htdocs/digpres/formats/" local="130695061970000000" remote="130695061970000000" Dst="2" />
<file name="fdd000328.xml" server="teamsite.loc.gov//default/main/LC-PUB/LC-HOME/WORKAREA/kmur/htdocs/digpres/formats/" local="130666757950000000" remote="130666757950000000" Dst="1" />
<file name="fdd000319.xml" server="teamsite.loc.gov//default/main/LC-PUB/LC-HOME/WORKAREA/kmur/htdocs/digpres/formats/" local="130342926040000000" remote="130342926040000000" Dst="1" />
<file name="fdd000360.xml" server="teamsite.loc.gov//default/main/LC-PUB/LC-HOME/WORKAREA/kmur/htdocs/digpres/formats/" local="130383517630000000" remote="130383517630000000" Dst="2" />
<file name="fdd000318.xml" server="teamsite.loc.gov//default/main/LC-PUB/LC-HOME/WORKAREA/kmur/htdocs/digpres/formats/" local="130916624610000000" remote="130916624610000000" Dst="1" />
<file name="fdd000252.xml" server="teamsite.loc.gov//default/main/LC-PUB/LC-HOME/WORKAREA/kmur/htdocs/digpres/formats/" local="130294301260000000" remote="130294301260000000" Dst="1" />
<file name="fdd000251.xml" server="teamsite.loc.gov//default/main/LC-PUB/LC-HOME/WORKAREA/kmur/htdocs/digpres/formats/" local="130294301270000000" remote="130294301270000000" Dst="1" />
<file name="fdd000125.xml" server="teamsite.loc.gov//default/main/LC-PUB/LC-HOME/WORKAREA/kmur/htdocs/digpres/formats/" local="130905323930000000" remote="130905323930000000" Dst="2" />
<file name="fdd000124.xml" server="teamsite.loc.gov//default/main/LC-PUB/LC-HOME/WORKAREA/kmur/htdocs/digpres/formats/" local="130294301290000000" remote="130294301290000000" Dst="1" />
<file name="fdd000316.xml" server="teamsite.loc.gov//default/main/LC-PUB/LC-HOME/WORKAREA/kmur/htdocs/digpres/formats/" local="130294425890000000" remote="130294425890000000" Dst="1" />
<file name="fdd000315.xml" server="teamsite.loc.gov//default/main/LC-PUB/LC-HOME/WORKAREA/kmur/htdocs/digpres/formats/" local="130343814970000000" remote="130343814970000000" Dst="1" />
<file name="fdd000317.xml" server="teamsite.loc.gov//default/main/LC-PUB/LC-HOME/WORKAREA/kmur/htdocs/digpres/formats/" local="130294426040000000" remote="130294426040000000" Dst="1" />
<file name="fdd000314.xml" server="teamsite.loc.gov//default/main/LC-PUB/LC-HOME/WORKAREA/kmur/htdocs/digpres/formats/" local="130294426150000000" remote="130294426150000000" Dst="1" />
<file name="fdd000313.xml" server="teamsite.loc.gov//default/main/LC-PUB/LC-HOME/WORKAREA/kmur/htdocs/digpres/formats/" local="130294426560000000" remote="130294426560000000" Dst="1" />
<file name="fdd000312.xml" server="teamsite.loc.gov//default/main/LC-PUB/LC-HOME/WORKAREA/kmur/htdocs/digpres/formats/" local="130343815000000000" remote="130343815000000000" Dst="1" />
<file name="fdd000277.xml" server="teamsite.loc.gov//default/main/LC-PUB/LC-HOME/WORKAREA/kmur/htdocs/digpres/formats/" local="130296047110000000" remote="130296047110000000" Dst="1" />
<file name="fdd000123.xml" server="teamsite.loc.gov//default/main/LC-PUB/LC-HOME/WORKAREA/kmur/htdocs/digpres/formats/" local="130296048420000000" remote="130296048420000000" Dst="1" />
<file name="fdd000276.xml" server="teamsite.loc.gov//default/main/LC-PUB/LC-HOME/WORKAREA/kmur/htdocs/digpres/formats/" local="130695370000000000" remote="130695370000000000" Dst="2" />
<file name="fdd000122.xml" server="teamsite.loc.gov//default/main/LC-PUB/LC-HOME/WORKAREA/kmur/htdocs/digpres/formats/" local="130296048450000000" remote="130296048450000000" Dst="1" />
<file name="fdd000030.xml" server="teamsite.loc.gov//default/main/LC-PUB/LC-HOME/WORKAREA/kmur/htdocs/digpres/formats/" local="130867018270000000" remote="130867018270000000" Dst="2" />
<file name="fdd000263.xml" server="teamsite.loc.gov//default/main/LC-PUB/LC-HOME/WORKAREA/kmur/htdocs/digpres/formats/" local="130296333850000000" remote="130296333850000000" Dst="1" />
<file name="fdd000264.xml" server="teamsite.loc.gov//default/main/LC-PUB/LC-HOME/WORKAREA/kmur/htdocs/digpres/formats/" local="130296333850000000" remote="130296333850000000" Dst="1" />
<file name="fdd000075.xml" server="teamsite.loc.gov//default/main/LC-PUB/LC-HOME/WORKAREA/kmur/htdocs/digpres/formats/" local="130695370040000000" remote="130695370040000000" Dst="2" />
<file name="fdd000076.xml" server="teamsite.loc.gov//default/main/LC-PUB/LC-HOME/WORKAREA/kmur/htdocs/digpres/formats/" local="130296334130000000" remote="130296334130000000" Dst="1" />
<file name="fdd000275.xml" server="teamsite.loc.gov//default/main/LC-PUB/LC-HOME/WORKAREA/kmur/htdocs/digpres/formats/" local="130296861360000000" remote="130296861360000000" Dst="1" />
<file name="fdd000265.xml" server="teamsite.loc.gov//default/main/LC-PUB/LC-HOME/WORKAREA/kmur/htdocs/digpres/formats/" local="130912126130000000" remote="130912126130000000" Dst="1" />
<file name="fdd000266.xml" server="teamsite.loc.gov//default/main/LC-PUB/LC-HOME/WORKAREA/kmur/htdocs/digpres/formats/" local="130936489530000000" remote="130936489530000000" Dst="1" />
<file name="fdd000256.xml" server="teamsite.loc.gov//default/main/LC-PUB/LC-HOME/WORKAREA/kmur/htdocs/digpres/formats/" local="130695370010000000" remote="130695370010000000" Dst="2" />
<file name="fdd000077.xml" server="teamsite.loc.gov//default/main/LC-PUB/LC-HOME/WORKAREA/kmur/htdocs/digpres/formats/" local="130296864880000000" remote="130296864880000000" Dst="1" />
<file name="fdd000078.xml" server="teamsite.loc.gov//default/main/LC-PUB/LC-HOME/WORKAREA/kmur/htdocs/digpres/formats/" local="130729173240000000" remote="130729173240000000" Dst="2" />
<file name="fdd000302.xml" server="teamsite.loc.gov//default/main/LC-PUB/LC-HOME/WORKAREA/kmur/htdocs/digpres/formats/" local="130666757960000000" remote="130666757960000000" Dst="1" />
<file name="fdd000301.xml" server="teamsite.loc.gov//default/main/LC-PUB/LC-HOME/WORKAREA/kmur/htdocs/digpres/formats/" local="130666979160000000" remote="130666979160000000" Dst="1" />
<file name="fdd000307.xml" server="teamsite.loc.gov//default/main/LC-PUB/LC-HOME/WORKAREA/kmur/htdocs/digpres/formats/" local="130695146990000000" remote="130695146990000000" Dst="2" />
<file name="fdd000300.xml" server="teamsite.loc.gov//default/main/LC-PUB/LC-HOME/WORKAREA/kmur/htdocs/digpres/formats/" local="130666757970000000" remote="130666757970000000" Dst="1" />
<file name="fdd000377.xml" server="teamsite.loc.gov//default/main/LC-PUB/LC-HOME/WORKAREA/kmur/htdocs/digpres/formats/" local="131026971840000000" remote="131026977180000000" Dst="2" />
<file name="fdd000378.xml" server="teamsite.loc.gov//default/main/LC-PUB/LC-HOME/WORKAREA/kmur/htdocs/digpres/formats/" local="131026971840000000" remote="131026977180000000" Dst="2" />
<file name="fdd000303.xml" server="teamsite.loc.gov//default/main/LC-PUB/LC-HOME/WORKAREA/kmur/htdocs/digpres/formats/" local="130667495640000000" remote="130667495640000000" Dst="1" />
<file name="fdd000297.xml" server="teamsite.loc.gov//default/main/LC-PUB/LC-HOME/WORKAREA/kmur/htdocs/digpres/formats/" local="130666053940000000" remote="130666053940000000" Dst="1" />
<file name="fdd000296.xml" server="teamsite.loc.gov//default/main/LC-PUB/LC-HOME/WORKAREA/kmur/htdocs/digpres/formats/" local="130666979170000000" remote="130666979170000000" Dst="1" />
<file name="fdd000292.xml" server="teamsite.loc.gov//default/main/LC-PUB/LC-HOME/WORKAREA/kmur/htdocs/digpres/formats/" local="130665108000000000" remote="130665108000000000" Dst="1" />
<file name="fdd000291.xml" server="teamsite.loc.gov//default/main/LC-PUB/LC-HOME/WORKAREA/kmur/htdocs/digpres/formats/" local="130722106120000000" remote="130722106120000000" Dst="2" />
<file name="fdd000293.xml" server="teamsite.loc.gov//default/main/LC-PUB/LC-HOME/WORKAREA/kmur/htdocs/digpres/formats/" local="130665212690000000" remote="130665212690000000" Dst="1" />
<file name="fdd000260.xml" server="teamsite.loc.gov//default/main/LC-PUB/LC-HOME/WORKAREA/kmur/htdocs/digpres/formats/" local="130299805320000000" remote="130299805320000000" Dst="1" />
<file name="fdd000259.xml" server="teamsite.loc.gov//default/main/LC-PUB/LC-HOME/WORKAREA/kmur/htdocs/digpres/formats/" local="130299805310000000" remote="130299805310000000" Dst="1" />
<file name="fdd000245.xml" server="teamsite.loc.gov//default/main/LC-PUB/LC-HOME/WORKAREA/kmur/htdocs/digpres/formats/" local="130668358230000000" remote="130668358230000000" Dst="1" />
<file name="fdd000229.xml" server="teamsite.loc.gov//default/main/LC-PUB/LC-HOME/WORKAREA/kmur/htdocs/digpres/formats/" local="130666053990000000" remote="130666053990000000" Dst="1" />
<file name="fdd000228.xml" server="teamsite.loc.gov//default/main/LC-PUB/LC-HOME/WORKAREA/kmur/htdocs/digpres/formats/" local="130665821410000000" remote="130665821410000000" Dst="1" />
<file name="fdd000227.xml" server="teamsite.loc.gov//default/main/LC-PUB/LC-HOME/WORKAREA/kmur/htdocs/digpres/formats/" local="130299805410000000" remote="130299805410000000" Dst="1" />
<file name="fdd000226.xml" server="teamsite.loc.gov//default/main/LC-PUB/LC-HOME/WORKAREA/kmur/htdocs/digpres/formats/" local="130383437350000000" remote="130383437350000000" Dst="2" />
<file name="fdd000294.xml" server="teamsite.loc.gov//default/main/LC-PUB/LC-HOME/WORKAREA/kmur/htdocs/digpres/formats/" local="130724742730000000" remote="130724742730000000" Dst="2" />
<file name="fdd000214.xml" server="teamsite.loc.gov//default/main/LC-PUB/LC-HOME/WORKAREA/kmur/htdocs/digpres/formats/" local="130303804300000000" remote="130303804300000000" Dst="1" />
<file name="fdd000213.xml" server="teamsite.loc.gov//default/main/LC-PUB/LC-HOME/WORKAREA/kmur/htdocs/digpres/formats/" local="130303804730000000" remote="130303804730000000" Dst="1" />
<file name="fdd000212.xml" server="teamsite.loc.gov//default/main/LC-PUB/LC-HOME/WORKAREA/kmur/htdocs/digpres/formats/" local="130365618290000000" remote="130365618290000000" Dst="1" />
<file name="fdd000211.xml" server="teamsite.loc.gov//default/main/LC-PUB/LC-HOME/WORKAREA/kmur/htdocs/digpres/formats/" local="130303805210000000" remote="130303805210000000" Dst="1" />
<file name="fdd000208.xml" server="teamsite.loc.gov//default/main/LC-PUB/LC-HOME/WORKAREA/kmur/htdocs/digpres/formats/" local="130667733690000000" remote="130667733690000000" Dst="1" />
<file name="fdd000206.xml" server="teamsite.loc.gov//default/main/LC-PUB/LC-HOME/WORKAREA/kmur/htdocs/digpres/formats/" local="130584002790000000" remote="130584002790000000" Dst="2" />
<file name="fdd000204.xml" server="teamsite.loc.gov//default/main/LC-PUB/LC-HOME/WORKAREA/kmur/htdocs/digpres/formats/" local="130584002780000000" remote="130584002780000000" Dst="2" />
<file name="fdd000194.xml" server="teamsite.loc.gov//default/main/LC-PUB/LC-HOME/WORKAREA/kmur/htdocs/digpres/formats/" local="130304980630000000" remote="130304980630000000" Dst="1" />
<file name="fdd000193.xml" server="teamsite.loc.gov//default/main/LC-PUB/LC-HOME/WORKAREA/kmur/htdocs/digpres/formats/" local="130304980670000000" remote="130304980670000000" Dst="1" />
<file name="fdd000192.xml" server="teamsite.loc.gov//default/main/LC-PUB/LC-HOME/WORKAREA/kmur/htdocs/digpres/formats/" local="130304980700000000" remote="130304980700000000" Dst="1" />
<file name="fdd000195.xml" server="teamsite.loc.gov//default/main/LC-PUB/LC-HOME/WORKAREA/kmur/htdocs/digpres/formats/" local="130305518670000000" remote="130305518670000000" Dst="1" />
<file name="fdd000197.xml" server="teamsite.loc.gov//default/main/LC-PUB/LC-HOME/WORKAREA/kmur/htdocs/digpres/formats/" local="130305519270000000" remote="130305519270000000" Dst="1" />
<file name="fdd000196.xml" server="teamsite.loc.gov//default/main/LC-PUB/LC-HOME/WORKAREA/kmur/htdocs/digpres/formats/" local="130305520850000000" remote="130305520850000000" Dst="1" />
<file name="fdd000169.xml" server="teamsite.loc.gov//default/main/LC-PUB/LC-HOME/WORKAREA/kmur/htdocs/digpres/formats/" local="130305805600000000" remote="130305805600000000" Dst="1" />
<file name="fdd000168.xml" server="teamsite.loc.gov//default/main/LC-PUB/LC-HOME/WORKAREA/kmur/htdocs/digpres/formats/" local="130305805730000000" remote="130305805730000000" Dst="1" />
<file name="fdd000170.xml" server="teamsite.loc.gov//default/main/LC-PUB/LC-HOME/WORKAREA/kmur/htdocs/digpres/formats/" local="130305806050000000" remote="130305806050000000" Dst="1" />
<file name="fdd000167.xml" server="teamsite.loc.gov//default/main/LC-PUB/LC-HOME/WORKAREA/kmur/htdocs/digpres/formats/" local="130305806530000000" remote="130305806530000000" Dst="1" />
<file name="fdd000176.xml" server="teamsite.loc.gov//default/main/LC-PUB/LC-HOME/WORKAREA/kmur/htdocs/digpres/formats/" local="130306519050000000" remote="130306519050000000" Dst="1" />
<file name="fdd000177.xml" server="teamsite.loc.gov//default/main/LC-PUB/LC-HOME/WORKAREA/kmur/htdocs/digpres/formats/" local="130392021150000000" remote="130392032610000000" Dst="2" />
<file name="fdd000178.xml" server="teamsite.loc.gov//default/main/LC-PUB/LC-HOME/WORKAREA/kmur/htdocs/digpres/formats/" local="130820684830000000" remote="130820687420000000" Dst="2" />
<file name="fdd000156.xml" server="teamsite.loc.gov//default/main/LC-PUB/LC-HOME/WORKAREA/kmur/htdocs/digpres/formats/" local="130584002720000000" remote="130584002720000000" Dst="2" />
<file name="fdd000151.xml" server="teamsite.loc.gov//default/main/LC-PUB/LC-HOME/WORKAREA/kmur/htdocs/digpres/formats/" local="130310988760000000" remote="130310988760000000" Dst="1" />
<file name="fdd000153.xml" server="teamsite.loc.gov//default/main/LC-PUB/LC-HOME/WORKAREA/kmur/htdocs/digpres/formats/" local="130664288850000000" remote="130664288850000000" Dst="1" />
<file name="fdd000150.xml" server="teamsite.loc.gov//default/main/LC-PUB/LC-HOME/WORKAREA/kmur/htdocs/digpres/formats/" local="130310988780000000" remote="130310988780000000" Dst="1" />
<file name="fdd000149.xml" server="teamsite.loc.gov//default/main/LC-PUB/LC-HOME/WORKAREA/kmur/htdocs/digpres/formats/" local="130664288860000000" remote="130664288860000000" Dst="1" />
<file name="fdd000147.xml" server="teamsite.loc.gov//default/main/LC-PUB/LC-HOME/WORKAREA/kmur/htdocs/digpres/formats/" local="130378007450000000" remote="130378007450000000" Dst="2" />
<file name="fdd000146.xml" server="teamsite.loc.gov//default/main/LC-PUB/LC-HOME/WORKAREA/kmur/htdocs/digpres/formats/" local="130379775940000000" remote="130379775940000000" Dst="2" />
<file name="fdd000145.xml" server="teamsite.loc.gov//default/main/LC-PUB/LC-HOME/WORKAREA/kmur/htdocs/digpres/formats/" local="130377981030000000" remote="130377981030000000" Dst="2" />
<file name="fdd000138.xml" server="teamsite.loc.gov//default/main/LC-PUB/LC-HOME/WORKAREA/kmur/htdocs/digpres/formats/" local="130695370040000000" remote="130695370040000000" Dst="2" />
<file name="fdd000136.xml" server="teamsite.loc.gov//default/main/LC-PUB/LC-HOME/WORKAREA/kmur/htdocs/digpres/formats/" local="130311835090000000" remote="130311835090000000" Dst="1" />
<file name="fdd000133.xml" server="teamsite.loc.gov//default/main/LC-PUB/LC-HOME/WORKAREA/kmur/htdocs/digpres/formats/" local="130311835110000000" remote="130311835110000000" Dst="1" />
<file name="fdd000131.xml" server="teamsite.loc.gov//default/main/LC-PUB/LC-HOME/WORKAREA/kmur/htdocs/digpres/formats/" local="130312481560000000" remote="130312481560000000" Dst="1" />
<file name="fdd000126.xml" server="teamsite.loc.gov//default/main/LC-PUB/LC-HOME/WORKAREA/kmur/htdocs/digpres/formats/" local="130709914180000000" remote="130709914180000000" Dst="2" />
<file name="fdd000348.xml" server="teamsite.loc.gov//default/main/LC-PUB/LC-HOME/WORKAREA/kmur/htdocs/digpres/formats/" local="130995166820000000" remote="130995168930000000" Dst="1" />
<file name="fdd000117.xml" server="teamsite.loc.gov//default/main/LC-PUB/LC-HOME/WORKAREA/kmur/htdocs/digpres/formats/" local="130317214280000000" remote="130317214280000000" Dst="1" />
<file name="fdd000109.xml" server="teamsite.loc.gov//default/main/LC-PUB/LC-HOME/WORKAREA/kmur/htdocs/digpres/formats/" local="130317214280000000" remote="130317214280000000" Dst="1" />
<file name="fdd000104.xml" server="teamsite.loc.gov//default/main/LC-PUB/LC-HOME/WORKAREA/kmur/htdocs/digpres/formats/" local="130317214570000000" remote="130317214570000000" Dst="1" />
<file name="fdd000103.xml" server="teamsite.loc.gov//default/main/LC-PUB/LC-HOME/WORKAREA/kmur/htdocs/digpres/formats/" local="130862016230000000" remote="130862016230000000" Dst="2" />
<file name="fdd000102.xml" server="teamsite.loc.gov//default/main/LC-PUB/LC-HOME/WORKAREA/kmur/htdocs/digpres/formats/" local="130317215100000000" remote="130317215100000000" Dst="1" />
<file name="fdd000073.xml" server="teamsite.loc.gov//default/main/LC-PUB/LC-HOME/WORKAREA/kmur/htdocs/digpres/formats/" local="130332357840000000" remote="130332357840000000" Dst="1" />
<file name="fdd000072.xml" server="teamsite.loc.gov//default/main/LC-PUB/LC-HOME/WORKAREA/kmur/htdocs/digpres/formats/" local="130332357850000000" remote="130332357850000000" Dst="1" />
<file name="fdd000066.xml" server="teamsite.loc.gov//default/main/LC-PUB/LC-HOME/WORKAREA/kmur/htdocs/digpres/formats/" local="130332357890000000" remote="130332357890000000" Dst="1" />
<file name="fdd000065.xml" server="teamsite.loc.gov//default/main/LC-PUB/LC-HOME/WORKAREA/kmur/htdocs/digpres/formats/" local="130332357910000000" remote="130332357910000000" Dst="1" />
<file name="fdd000067.xml" server="teamsite.loc.gov//default/main/LC-PUB/LC-HOME/WORKAREA/kmur/htdocs/digpres/formats/" local="130360189560000000" remote="130360189560000000" Dst="1" />
<file name="fdd000074.xml" server="teamsite.loc.gov//default/main/LC-PUB/LC-HOME/WORKAREA/kmur/htdocs/digpres/formats/" local="130332374450000000" remote="130332374450000000" Dst="1" />
<file name="fdd000013.xml" server="teamsite.loc.gov//default/main/LC-PUB/LC-HOME/WORKAREA/kmur/htdocs/digpres/formats/" local="130695361030000000" remote="130695361030000000" Dst="2" />
<file name="fdd000189.xml" server="teamsite.loc.gov//default/main/LC-PUB/LC-HOME/WORKAREA/kmur/htdocs/digpres/formats/" local="130336611390000000" remote="130336611390000000" Dst="1" />
<file name="fdd000023.xml" server="teamsite.loc.gov//default/main/LC-PUB/LC-HOME/WORKAREA/kmur/htdocs/digpres/formats/" local="130336611400000000" remote="130336611400000000" Dst="1" />
<file name="fdd000007.xml" server="teamsite.loc.gov//default/main/LC-PUB/LC-HOME/WORKAREA/kmur/htdocs/digpres/formats/" local="130695147070000000" remote="130695147070000000" Dst="2" />
<file name="fdd000002.xml" server="teamsite.loc.gov//default/main/LC-PUB/LC-HOME/WORKAREA/kmur/htdocs/digpres/formats/" local="130336611420000000" remote="130336611420000000" Dst="1" />
<file name="fdd000058.xml" server="teamsite.loc.gov//default/main/LC-PUB/LC-HOME/WORKAREA/kmur/htdocs/digpres/formats/" local="130336749250000000" remote="130336749250000000" Dst="1" />
<file name="fdd000057.xml" server="teamsite.loc.gov//default/main/LC-PUB/LC-HOME/WORKAREA/kmur/htdocs/digpres/formats/" local="130336749260000000" remote="130336749260000000" Dst="1" />
<file name="fdd000056.xml" server="teamsite.loc.gov//default/main/LC-PUB/LC-HOME/WORKAREA/kmur/htdocs/digpres/formats/" local="130336749270000000" remote="130336749270000000" Dst="1" />
<file name="fdd000055.xml" server="teamsite.loc.gov//default/main/LC-PUB/LC-HOME/WORKAREA/kmur/htdocs/digpres/formats/" local="130336749280000000" remote="130336749280000000" Dst="1" />
<file name="fdd000039.xml" server="teamsite.loc.gov//default/main/LC-PUB/LC-HOME/WORKAREA/kmur/htdocs/digpres/formats/" local="130336749290000000" remote="130336749290000000" Dst="1" />
<file name="fdd000038.xml" server="teamsite.loc.gov//default/main/LC-PUB/LC-HOME/WORKAREA/kmur/htdocs/digpres/formats/" local="130369920890000000" remote="130369920890000000" Dst="1" />
<file name="fdd000037.xml" server="teamsite.loc.gov//default/main/LC-PUB/LC-HOME/WORKAREA/kmur/htdocs/digpres/formats/" local="130583901830000000" remote="130583901830000000" Dst="2" />
<file name="fdd000026.xml" server="teamsite.loc.gov//default/main/LC-PUB/LC-HOME/WORKAREA/kmur/htdocs/digpres/formats/" local="130695146980000000" remote="130695146980000000" Dst="2" />
<file name="fdd000024.xml" server="teamsite.loc.gov//default/main/LC-PUB/LC-HOME/WORKAREA/kmur/htdocs/digpres/formats/" local="130656538000000000" remote="130656538000000000" Dst="1" />
<file name="fdd000279.xml" server="teamsite.loc.gov//default/main/LC-PUB/LC-HOME/WORKAREA/kmur/htdocs/digpres/formats/" local="130668358220000000" remote="130668358220000000" Dst="1" />
<file name="fdd000289.xml" server="teamsite.loc.gov//default/main/LC-PUB/LC-HOME/WORKAREA/kmur/htdocs/digpres/formats/" local="130685649020000000" remote="130685649020000000" Dst="1" />
<file name="fdd000299.xml" server="teamsite.loc.gov//default/main/LC-PUB/LC-HOME/WORKAREA/kmur/htdocs/digpres/formats/" local="130673554570000000" remote="130673554570000000" Dst="1" />
<file name="fdd000198.xml" server="teamsite.loc.gov//default/main/LC-PUB/LC-HOME/WORKAREA/kmur/htdocs/digpres/formats/" local="130953713400000000" remote="130953715630000000" Dst="1" />
<file name="fdd000381.xml" server="teamsite.loc.gov//default/main/LC-PUB/LC-HOME/WORKAREA/kmur/htdocs/digpres/formats/" local="130379073020000000" remote="130379073020000000" Dst="2" />
<file name="fdd000382.xml" server="teamsite.loc.gov//default/main/LC-PUB/LC-HOME/WORKAREA/kmur/htdocs/digpres/formats/" local="130368053100000000" remote="130368017100000000" Dst="2" />
<file name="fdd000379.xml" server="teamsite.loc.gov//default/main/LC-PUB/LC-HOME/WORKAREA/kmur/htdocs/digpres/formats/" local="130938820080000000" remote="130938820080000000" Dst="1" />
<file name="fdd000380.xml" server="teamsite.loc.gov//default/main/LC-PUB/LC-HOME/WORKAREA/kmur/htdocs/digpres/formats/" local="130667522350000000" remote="130667522350000000" Dst="1" />
<file name="fdd000383.xml" server="teamsite.loc.gov//default/main/LC-PUB/LC-HOME/WORKAREA/kmur/htdocs/digpres/formats/" local="131026971840000000" remote="131026977180000000" Dst="2" />
<file name="fdd000384.xml" server="teamsite.loc.gov//default/main/LC-PUB/LC-HOME/WORKAREA/kmur/htdocs/digpres/formats/" local="130691953600000000" remote="130691953600000000" Dst="1" />
<file name="fdd000385.xml" server="teamsite.loc.gov//default/main/LC-PUB/LC-HOME/WORKAREA/kmur/htdocs/digpres/formats/" local="130717637590000000" remote="130717639440000000" Dst="2" />
<file name="fdd000386.xml" server="teamsite.loc.gov//default/main/LC-PUB/LC-HOME/WORKAREA/kmur/htdocs/digpres/formats/" local="130693526660000000" remote="130693526660000000" Dst="2" />
<file name="fdd000387.xml" server="teamsite.loc.gov//default/main/LC-PUB/LC-HOME/WORKAREA/kmur/htdocs/digpres/formats/" local="130693526650000000" remote="130693526650000000" Dst="2" />
<file name="fdd000388.xml" server="teamsite.loc.gov//default/main/LC-PUB/LC-HOME/WORKAREA/kmur/htdocs/digpres/formats/" local="130862072400000000" remote="130862074180000000" Dst="2" />
<file name="fdd000392.xml" server="teamsite.loc.gov//default/main/LC-PUB/LC-HOME/WORKAREA/kmur/htdocs/digpres/formats/" local="130693526640000000" remote="130693526640000000" Dst="2" />
<file name="fdd000393.xml" server="teamsite.loc.gov//default/main/LC-PUB/LC-HOME/WORKAREA/kmur/htdocs/digpres/formats/" local="130888115380000000" remote="130888119340000000" Dst="2" />
<file name="fdd000394.xml" server="teamsite.loc.gov//default/main/LC-PUB/LC-HOME/WORKAREA/kmur/htdocs/digpres/formats/" local="131026971850000000" remote="131026977180000000" Dst="2" />
<file name="fdd000395.xml" server="teamsite.loc.gov//default/main/LC-PUB/LC-HOME/WORKAREA/kmur/htdocs/digpres/formats/" local="130921631790000000" remote="130921631790000000" Dst="1" />
<file name="fdd000396.xml" server="teamsite.loc.gov//default/main/LC-PUB/LC-HOME/WORKAREA/kmur/htdocs/digpres/formats/" local="130815301490000000" remote="130815301490000000" Dst="2" />
<file name="fdd000400.xml" server="teamsite.loc.gov//default/main/LC-PUB/LC-HOME/WORKAREA/kmur/htdocs/digpres/formats/" local="130658461730000000" remote="130658461730000000" Dst="1" />
<file name="fdd000399.xml" server="teamsite.loc.gov//default/main/LC-PUB/LC-HOME/WORKAREA/kmur/htdocs/digpres/formats/" local="130658461760000000" remote="130658461760000000" Dst="1" />
<file name="fdd000397.xml" server="teamsite.loc.gov//default/main/LC-PUB/LC-HOME/WORKAREA/kmur/htdocs/digpres/formats/" local="130912967730000000" remote="130912967730000000" Dst="1" />
<file name="fdd000402.xml" server="teamsite.loc.gov//default/main/LC-PUB/LC-HOME/WORKAREA/kmur/htdocs/digpres/formats/" local="130658461690000000" remote="130658461690000000" Dst="1" />
<file name="fdd000398.xml" server="teamsite.loc.gov//default/main/LC-PUB/LC-HOME/WORKAREA/kmur/htdocs/digpres/formats/" local="130658461780000000" remote="130658461780000000" Dst="1" />
<file name="fdd000391.xml" server="teamsite.loc.gov//default/main/LC-PUB/LC-HOME/WORKAREA/kmur/htdocs/digpres/formats/" local="130667522330000000" remote="130667522330000000" Dst="1" />
<file name="fdd000390.xml" server="teamsite.loc.gov//default/main/LC-PUB/LC-HOME/WORKAREA/kmur/htdocs/digpres/formats/" local="130722106140000000" remote="130722106140000000" Dst="2" />
<file name="fdd000389.xml" server="teamsite.loc.gov//default/main/LC-PUB/LC-HOME/WORKAREA/kmur/htdocs/digpres/formats/" local="130852582360000000" remote="130852582360000000" Dst="2" />
<file name="fdd000404.xml" server="teamsite.loc.gov//default/main/LC-PUB/LC-HOME/WORKAREA/kmur/htdocs/digpres/formats/" local="130632130920000000" remote="130632141530000000" Dst="1" />
<file name="fdd000405.xml" server="teamsite.loc.gov//default/main/LC-PUB/LC-HOME/WORKAREA/kmur/htdocs/digpres/formats/" local="130632130920000000" remote="130632141530000000" Dst="1" />
<file name="fdd000403.xml" server="teamsite.loc.gov//default/main/LC-PUB/LC-HOME/WORKAREA/kmur/htdocs/digpres/formats/" local="130632130920000000" remote="130632141530000000" Dst="1" />
<file name="fdd000401.xml" server="teamsite.loc.gov//default/main/LC-PUB/LC-HOME/WORKAREA/kmur/htdocs/digpres/formats/" local="130658461710000000" remote="130658461710000000" Dst="1" />
<file name="fdd000418.xml" server="teamsite.loc.gov//default/main/LC-PUB/LC-HOME/WORKAREA/kmur/htdocs/digpres/formats/" local="130670343870000000" remote="130670343870000000" Dst="1" />
<file name="fdd000419.xml" server="teamsite.loc.gov//default/main/LC-PUB/LC-HOME/WORKAREA/kmur/htdocs/digpres/formats/" local="130670904990000000" remote="130670904990000000" Dst="1" />
<file name="fdd000420.xml" server="teamsite.loc.gov//default/main/LC-PUB/LC-HOME/WORKAREA/kmur/htdocs/digpres/formats/" local="130682176740000000" remote="130682176740000000" Dst="1" />
<file name="fdd000287.xml" server="teamsite.loc.gov//default/main/LC-PUB/LC-HOME/WORKAREA/kmur/htdocs/digpres/formats/" local="130682239770000000" remote="130682239770000000" Dst="1" />
<file name="fdd000422.xml" server="teamsite.loc.gov//default/main/LC-PUB/LC-HOME/WORKAREA/kmur/htdocs/digpres/formats/" local="130687422800000000" remote="130687422800000000" Dst="1" />
<file name="fdd000421.xml" server="teamsite.loc.gov//default/main/LC-PUB/LC-HOME/WORKAREA/kmur/htdocs/digpres/formats/" local="130687484890000000" remote="130687484890000000" Dst="1" />
<file name="fdd000410.xml" server="teamsite.loc.gov//default/main/LC-PUB/LC-HOME/WORKAREA/kmur/htdocs/digpres/formats/" local="130691818580000000" remote="130691818580000000" Dst="1" />
<file name="fdd000409.xml" server="teamsite.loc.gov//default/main/LC-PUB/LC-HOME/WORKAREA/kmur/htdocs/digpres/formats/" local="130691818580000000" remote="130691818580000000" Dst="1" />
<file name="fdd000408.xml" server="teamsite.loc.gov//default/main/LC-PUB/LC-HOME/WORKAREA/kmur/htdocs/digpres/formats/" local="130691818580000000" remote="130691818580000000" Dst="1" />
<file name="fdd000407.xml" server="teamsite.loc.gov//default/main/LC-PUB/LC-HOME/WORKAREA/kmur/htdocs/digpres/formats/" local="130995166820000000" remote="130995168920000000" Dst="1" />
<file name="fdd000411.xml" server="teamsite.loc.gov//default/main/LC-PUB/LC-HOME/WORKAREA/kmur/htdocs/digpres/formats/" local="130692621440000000" remote="130692621440000000" Dst="1" />
<file name="fdd000406.xml" server="teamsite.loc.gov//default/main/LC-PUB/LC-HOME/WORKAREA/kmur/htdocs/digpres/formats/" local="130995166820000000" remote="130995168920000000" Dst="1" />
<file name="fdd000426.xml" server="teamsite.loc.gov//default/main/LC-PUB/LC-HOME/WORKAREA/kmur/htdocs/digpres/formats/" local="130938820060000000" remote="130938820060000000" Dst="1" />
<file name="fdd000412.xml" server="teamsite.loc.gov//default/main/LC-PUB/LC-HOME/WORKAREA/kmur/htdocs/digpres/formats/" local="130936489530000000" remote="130936489530000000" Dst="1" />
<file name="fdd000429.xml" server="teamsite.loc.gov//default/main/LC-PUB/LC-HOME/WORKAREA/kmur/htdocs/digpres/formats/" local="130862001530000000" remote="130862002870000000" Dst="2" />
<file name="fdd000432.xml" server="teamsite.loc.gov//default/main/LC-PUB/LC-HOME/WORKAREA/kmur/htdocs/digpres/formats/" local="130906151300000000" remote="130906153900000000" Dst="2" />
<file name="fdd000431.xml" server="teamsite.loc.gov//default/main/LC-PUB/LC-HOME/WORKAREA/kmur/htdocs/digpres/formats/" local="130905980990000000" remote="130905985480000000" Dst="2" />
<file name="fdd000430.xml" server="teamsite.loc.gov//default/main/LC-PUB/LC-HOME/WORKAREA/kmur/htdocs/digpres/formats/" local="130888115380000000" remote="130888119340000000" Dst="2" />
<file name="fdd000428.xml" server="teamsite.loc.gov//default/main/LC-PUB/LC-HOME/WORKAREA/kmur/htdocs/digpres/formats/" local="130933105930000000" remote="130933105930000000" Dst="1" />
<file name="fdd000425.xml" server="teamsite.loc.gov//default/main/LC-PUB/LC-HOME/WORKAREA/kmur/htdocs/digpres/formats/" local="130918297960000000" remote="130918297960000000" Dst="1" />
<file name="fdd000427.xml" server="teamsite.loc.gov//default/main/LC-PUB/LC-HOME/WORKAREA/kmur/htdocs/digpres/formats/" local="130933948050000000" remote="130933948050000000" Dst="1" />
<file name="fdd000424.xml" server="teamsite.loc.gov//default/main/LC-PUB/LC-HOME/WORKAREA/kmur/htdocs/digpres/formats/" local="130875725830000000" remote="130875725830000000" Dst="2" />
<file name="fdd000247.xml" server="teamsite.loc.gov//default/main/LC-PUB/LC-HOME/WORKAREA/kmur/htdocs/digpres/formats/" local="130964783310000000" remote="130964785100000000" Dst="1" />
<file name="fdd000043.xml" server="teamsite.loc.gov//default/main/LC-PUB/LC-HOME/WORKAREA/kmur/htdocs/digpres/formats/" local="130995166820000000" remote="130995168940000000" Dst="1" />
<file name="fdd000436.xml" server="teamsite.loc.gov//default/main/LC-PUB/LC-HOME/WORKAREA/kmur/htdocs/digpres/formats/" local="130959828500000000" remote="130959828500000000" Dst="1" />
<file name="fdd000413.xml" server="teamsite.loc.gov//default/main/LC-PUB/LC-HOME/WORKAREA/kmur/htdocs/digpres/formats/" local="130995166820000000" remote="130995168920000000" Dst="1" />
<file name="fdd000021.xml" server="teamsite.loc.gov//default/main/LC-PUB/LC-HOME/WORKAREA/kmur/htdocs/digpres/formats/" local="130959777990000000" remote="130959777990000000" Dst="1" />
<file name="fdd000439.xml" server="teamsite.loc.gov//default/main/LC-PUB/LC-HOME/WORKAREA/kmur/htdocs/digpres/formats/" local="130960540610000000" remote="130960540610000000" Dst="1" />
<file name="fdd000438.xml" server="teamsite.loc.gov//default/main/LC-PUB/LC-HOME/WORKAREA/kmur/htdocs/digpres/formats/" local="130947574180000000" remote="130947574180000000" Dst="1" />
<file name="fdd000437.xml" server="teamsite.loc.gov//default/main/LC-PUB/LC-HOME/WORKAREA/kmur/htdocs/digpres/formats/" local="130958929880000000" remote="130958929880000000" Dst="1" />
<file name="fdd000433.xml" server="teamsite.loc.gov//default/main/LC-PUB/LC-HOME/WORKAREA/kmur/htdocs/digpres/formats/" local="131026971850000000" remote="131026977180000000" Dst="2" />
<file name="fdd000440.xml" server="teamsite.loc.gov//default/main/LC-PUB/LC-HOME/WORKAREA/kmur/htdocs/digpres/formats/" local="130958631090000000" remote="130958631090000000" Dst="1" />
<file name="fdd000435.xml" server="teamsite.loc.gov//default/main/LC-PUB/LC-HOME/WORKAREA/kmur/htdocs/digpres/formats/" local="130964783300000000" remote="130964785100000000" Dst="1" />
<file name="fdd000441.xml" server="teamsite.loc.gov//default/main/LC-PUB/LC-HOME/WORKAREA/kmur/htdocs/digpres/formats/" local="130960487040000000" remote="130960487040000000" Dst="1" />
<file name="fdd000190.xml" server="teamsite.loc.gov//default/main/LC-PUB/LC-HOME/WORKAREA/kmur/htdocs/digpres/formats/" local="131020232520000000" remote="131020232520000000" Dst="2" />
<file name="fdd000442.xml" server="teamsite.loc.gov//default/main/LC-PUB/LC-HOME/WORKAREA/kmur/htdocs/digpres/formats/" local="131044294440000000" remote="131044294440000000" Dst="2" />
</dwsync>