<?xml version="1.0" encoding="UTF-8"?>
<fdd:FDD id="fdd000359" titleName="Broadcast WAVE File Format, Version 2, with LPCM Audio" shortName="WAVE_BWF_LPCM_2" xmlns:xsi="http://www.w3.org/2001/XMLSchema-instance" xmlns:fdd="http://www.loc.gov/preservation/digital/formats/schemas/fdd/v1" xsi:schemaLocation="http://www.loc.gov/preservation/digital/formats/schemas/fdd/v1 http://www.loc.gov/preservation/digital/formats/schemas/fdd/v1/fdd-v1-2.xsd">
	<fdd:properties>
		<fdd:gdfrGenreSelection>
			<fdd:gdfrGenre>sound</fdd:gdfrGenre>
		</fdd:gdfrGenreSelection>
		<fdd:formatCategories>
			<fdd:category>file-format</fdd:category>
		</fdd:formatCategories>
		<fdd:gdfrComposition>unitary</fdd:gdfrComposition>
		<fdd:gdfrForm>binary</fdd:gdfrForm>
		<fdd:gdfrBasis>sampled</fdd:gdfrBasis>
		<fdd:updates>
			<fdd:date>2024-04-21</fdd:date>
		</fdd:updates>
		<fdd:draftStatus>Full</fdd:draftStatus>
	</fdd:properties>
	<fdd:identificationAndDescription>
		<fdd:fullName>Broadcast WAVE file, version 2, with LPCM encoded audio.</fdd:fullName>
		<fdd:keywords>
			<fdd:keyword>audio formats</fdd:keyword>
			<fdd:keyword>recorded sound formats</fdd:keyword>
		</fdd:keywords>
		<fdd:description>Broadcast WAVE file, version 2, with LPCM encoded audio.</fdd:description>
		<fdd:shortDescription>Broadcast WAVE file, version 2, with LPCM encoded audio.</fdd:shortDescription>
		<fdd:productionPhase>Used for content in initial, middle, and final states.</fdd:productionPhase>
		<fdd:relationships>
			<fdd:relationship>
				<fdd:typeOfRelationship>Subtype of</fdd:typeOfRelationship>
				<fdd:relatedTo>
					<fdd:id>fdd000357</fdd:id>
					<fdd:shortName>WAVE_BWF_2</fdd:shortName>
					<fdd:titleName>Broadcast WAVE Audio File Format, Version 2</fdd:titleName>
				</fdd:relatedTo>
			</fdd:relationship>
			<fdd:relationship>
				<fdd:typeOfRelationship>Contains</fdd:typeOfRelationship>
				<fdd:relatedTo>
					<fdd:id>fdd000011</fdd:id>
					<fdd:shortName>LPCM</fdd:shortName>
					<fdd:titleName>Linear PCM</fdd:titleName>
				</fdd:relatedTo>
			</fdd:relationship>
			<fdd:relationship>
				<fdd:typeOfRelationship>Used by</fdd:typeOfRelationship>
				<fdd:relatedTo>
					<fdd:id>fdd000535</fdd:id>
					<fdd:shortName>IMF_Package</fdd:shortName>
					<fdd:titleName>Interoperable Master Format (IMF)</fdd:titleName>
				</fdd:relatedTo>
				<fdd:comment>IMF does not specify a version of Broadcast WAVE. Identified in Warner Brothers IMF specification as of January 2024.</fdd:comment>
			</fdd:relationship>
			<fdd:relationship>
				<fdd:typeOfRelationship>Used by</fdd:typeOfRelationship>
				<fdd:relatedTo>
					<fdd:id>fdd000543</fdd:id>
					<fdd:shortName>MXF_RDD48</fdd:shortName>
					<fdd:titleName>MXF Archive and Preservation Format Registered Disclosure Document (SMPTE RDD 48)</fdd:titleName>
				</fdd:relatedTo>
			</fdd:relationship>
		</fdd:relationships>
	</fdd:identificationAndDescription>
	<fdd:localUse>
		<fdd:experience>The Library has many WAVE files in its digital collections - over 150 TB in 2023 - across numerous collections.</fdd:experience>
		<fdd:preference>The Library of Congress Recommended Formats Statement (RFS) lists Broadcast WAVE as a Preferred format for <a href="https://www.loc.gov/preservation/resources/rfs/audio.html">Audio - Media-independent (digital)</a>. The RFS does not specify a version of Broadcast WAVE.</fdd:preference>
	</fdd:localUse>
	<fdd:sustainabilityFactors>
		<fdd:disclosure>See <fddLink id="fdd000357">WAVE_BWF_2</fddLink> and <fddLink id="fdd000011">LPCM</fddLink>.		
		</fdd:disclosure>
		<fdd:documentation>See <fddLink id="fdd000357">WAVE_BWF_2</fddLink> and <fddLink id="fdd000011">LPCM</fddLink>.</fdd:documentation>
		<fdd:adoption>See <fddLink id="fdd000357">WAVE_BWF_2</fddLink> and <fddLink id="fdd000011">LPCM</fddLink>.</fdd:adoption>
		<fdd:licensingAndPatents>See <fddLink id="fdd000357">WAVE_BWF_2</fddLink> and <fddLink id="fdd000011">LPCM</fddLink>.</fdd:licensingAndPatents>
		<fdd:transparency>See <fddLink id="fdd000357">WAVE_BWF_2</fddLink> and <fddLink id="fdd000011">LPCM</fddLink>.		</fdd:transparency>
		<fdd:selfDocumentation>See <fddLink id="fdd000357">WAVE_BWF_2</fddLink> and <fddLink id="fdd000011">LPCM</fddLink>.</fdd:selfDocumentation>
		<fdd:externalDependencies>See <fddLink id="fdd000357">WAVE_BWF_2</fddLink> and <fddLink id="fdd000011">LPCM</fddLink>.</fdd:externalDependencies>
		<fdd:techProtection>See <fddLink id="fdd000357">WAVE_BWF_2</fddLink> and <fddLink id="fdd000011">LPCM</fddLink>.</fdd:techProtection>
	</fdd:sustainabilityFactors>
	<fdd:qualityAndFunctionalityFactors>
		<fdd:soundQF>
			<fdd:normalSound>Supported</fdd:normalSound>
			<fdd:fidelity>See <fddLink id="fdd000011">LPCM</fddLink>.</fdd:fidelity>
			<fdd:channels>See <fddLink id="fdd000357">WAVE_BWF_2</fddLink>.</fdd:channels>
			<fdd:samples>See <fddLink id="fdd000357">WAVE_BWF_2</fddLink>.</fdd:samples>
			<fdd:beyondSound>Not applicable.</fdd:beyondSound>
		</fdd:soundQF>
	</fdd:qualityAndFunctionalityFactors>
	<fdd:fileTypeSignifiers>
		<fdd:signifiersGroup>
			<fdd:filenameExtension>
				<fdd:sigValues>
					<fdd:sigValue>wav</fdd:sigValue>
				</fdd:sigValues>
			</fdd:filenameExtension>
			<fdd:internetMediaType>
				<fdd:sigValueNA>See related format.</fdd:sigValueNA>
				<fdd:note>See <fddLink id="fdd000011">WAVE</fddLink>.</fdd:note>
			</fdd:internetMediaType>
			<fdd:magicNumbers>
				<fdd:sigValueNA>See related format.</fdd:sigValueNA>
				<fdd:note>See <fddLink id="fdd000011">WAVE</fddLink>.</fdd:note>
			</fdd:magicNumbers>
			<fdd:other>
				<fdd:tag>Pronom PUID</fdd:tag>
				<fdd:values>
					<fdd:sigValueNA>See related format.</fdd:sigValueNA>
					<fdd:note>See <fddLink id="fdd000357">WAVE_BWF_2</fddLink>.</fdd:note>
				</fdd:values>
			</fdd:other>
			<fdd:other>
				<fdd:tag>Wikidata Title ID</fdd:tag>
				<fdd:values>
					<fdd:sigValueNA>See related format.</fdd:sigValueNA>
					<fdd:note>See <fddLink id="fdd000357">WAVE_BWF_2</fddLink>.</fdd:note>
				</fdd:values>
			</fdd:other>
		</fdd:signifiersGroup>
	</fdd:fileTypeSignifiers>
	<fdd:usefulReferences>
		<fdd:urls>
			<fdd:url>
				<fdd:urlGroup>
					<fdd:intro>See <fddLink id="fdd000357">WAVE_BWF_2</fddLink> and <fddLink id="fdd000011">LPCM</fddLink>.</fdd:intro>
				</fdd:urlGroup>
			</fdd:url>
		</fdd:urls>
	</fdd:usefulReferences>
</fdd:FDD>
