<?xml version="1.0" encoding="UTF-8"?>
<fdd:FDD id="fdd000521" titleName="Computer Graphics Metafile (CGM) File Format Family" shortName="CGM_family" xmlns:xsi="http://www.w3.org/2001/XMLSchema-instance" xmlns:fdd="http://www.loc.gov/preservation/digital/formats/schemas/fdd/v1" xsi:schemaLocation="http://www.loc.gov/preservation/digital/formats/schemas/fdd/v1 http://www.loc.gov/preservation/digital/formats/schemas/fdd/v1/fdd-v1-2.xsd">
	<fdd:properties>
		<fdd:gdfrGenreSelection>
			<fdd:gdfrGenre>still-image</fdd:gdfrGenre>
		</fdd:gdfrGenreSelection>
		<fdd:formatCategories>
			<fdd:category>file-format</fdd:category>
			<fdd:category>family</fdd:category>
		</fdd:formatCategories>
		<fdd:gdfrComposition>unitary</fdd:gdfrComposition>
		<fdd:gdfrForm>text</fdd:gdfrForm>
		<fdd:gdfrConstraint>structured</fdd:gdfrConstraint>
		<fdd:updates>
			<fdd:date>2023-06-14</fdd:date>
		</fdd:updates>
		<fdd:draftStatus>Full</fdd:draftStatus>
	</fdd:properties>
	<fdd:identificationAndDescription>
		<fdd:fullName>Computer Graphics Metafile (CGM) File Format Family</fdd:fullName>
		<fdd:keywords>
			<fdd:keyword>image formats</fdd:keyword>
		</fdd:keywords>
		<fdd:description>
			<p>The Computer Graphics Metafile (CGM) format family is a family of free and open international standard file formats for 2D vector graphics, raster graphics, and text, which are defined by the current <a href="https://www.iso.org/standard/32378.html">ISO/IEC 8632-1:1999 standard</a>. As stated in <a href="https://standards.iso.org/ittf/PubliclyAvailableStandards/c032378_ISO_IEC_8632-1_1999(E).zip">ISO 8632-1:1999,</a> “[CGM]… is a graphics data interchange standard which defines a neutral computer interpretable representation of 2D graphical (pictorial) information in a manner that is independent from any particular application or system. The purpose of the standard is to facilitate the storage and retrieval of graphical information between applications, software systems, and/or devices.&quot; A CGM file can contain:</p>
			<ul>
				<li>
					Vector graphics (e.g., polylines, ellipses, <a href="https://en.wikipedia.org/wiki/Non-uniform_rational_B-spline">NURBS</a> [non-uniform rational basis spline])</li>
				<li>
					Raster graphics (e.g., tile array)</li>
				<li>
					Text</li>
			</ul>
			<p>There are various versions of CGM files as defined by ISO standards. As stated by <a href="https://www.iana.org/assignments/media-types/image/cgm">IANA</a> (The Internet Assigned Numbers Authority): &quot;Valid version numbers are those specified in ISO 8632:1992 and any amendments. (Currently Versions 1, 2 and 3 are specified in ISO 8632:1992 and version 4 is specified in ISO 8632:1992 Amendment 2 (1995) which adds Application Structures which can be used to support hyper-links.) The versions are upward compatible in the sense that a valid Version 1 metafile is a valid Version 2 metafile, Version 2 is a subset of Version 3, and Version 3 is a subset of Version 4.The version number in this parameter must be the same as the version number within the CGM file itself. It is recommended that only Version 1 CGMs be used initially because most current software handles Version 1 CGMs. It is expected that software will be upgraded to handle version 3 and 4 CGMs. Version 2 is not expected to be widely used as a target implementation level.&quot;</p>
			<p>The versions of CGM are listed as follows:</p>
			<ul>
				<li>
					<b>Original standard, CGM:1987:</b>
					includes a variety of vector primitives including; lines, polylines, arcs, circles, rectangles, ellipses, polygons, and text.</li>
				<li>
					<b>Version 1 (1992):</b>
					similar to the CGM:1987, this standard included approximately 90 elements which provided a basis for basic interchange capability, as stated in the <a href="https://www.itl.nist.gov/div897/ctg/graphics/cgm_std.htm">National Institute of Standards and Technology CGM documentation</a>.</li>
				<li>
					<b>Version 2 (1992):</b>
					contains Closed Figures (a filled primitive comprised of other primitives). Version 2 added over 30 additional elements, including all elements that were used in Version 1 metafiles.</li>
				<li>
					<b>Version 3 (1992):</b>
					expands on the amount of available elements with over 40 new elements added to format’s capabilities.&quot; Version 3 metafile functionality includes: the capability to represent compressed tiled images, define external symbol libraries, and greater control of drawing aspects for graphics arts, presentation graphics, and electronic publishing.&quot;</li>
				<li>
					<b>Version 4 (1999):</b>
					the current version of the CGM standard was published in <a href="https://www.iso.org/standard/32378.html">ISO 8632-1:1999</a> that added application structuring.</li>
			</ul>
			<p>The 1999 ISO standard specifies two types of encoding formats and contain data encoded using either of the following methods:</p>
			<ul>
				<li>
					<a href="https://www.iso.org/standard/32378.html">ISO 8632-1:1999</a> Title Functional specification.
					</li>
				<li>
					ISO 8632-2:1999: Title character encoding. This was withdrawn in 2001.</li>
			</ul>
			<p>CGM files consist of a collection of elements, one of the primary elements being graphical primitives. Based on the current standard, <a href="https://standards.iso.org/ittf/PubliclyAvailableStandards/c032378_ISO_IEC_8632-1_1999(E).zip">ISO 8632-1:1999</a> section 6.6, &quot;Graphical primitive elements are those elements that describe the visual components of a picture.&quot; Some of these primitive elements include polylines, polymarkers, text, polygons, and ellipses. Section 7.1 introduces  other types of elements including:</p>
			<ul>
				<li>
					<b>Delimiter Elements:</b>
					delimit significant structures within the metafile.</li>
				<li>
					<b>Metafile Descriptor Elements:</b>
					describe the functional content, default conditions, identification, and characteristics of the CGM.</li>
				<li>
					<b>Picture Descriptor Elements:</b>
					define the extent of VDC space and declare the parameter modes of attribute elements for the entire picture.</li>
				<li>
					<b>Control Elements:</b>
					specify size and precision of coordinate space and format descriptions of the CGM elements.</li>
				<li>
					<b>Attribute Elements:</b>
					describe the appearance of graphical primitive elements.</li>
				<li>
					<b>Escape Elements:</b>
					describe device- and system-dependent elements used to construct a picture.</li>
				<li>
					<b>External Elements:</b>
					communicate information not directly related to the generation of a graphical image.</li>
				<li>
					<b>Segment Elements:</b>
					provide for the grouping and manipulation of elements.</li>
			</ul>
			<p>Formal grammar for functional specifications for Version 1 metafiles can be found in Appendix A of the <a href="https://www.iso.org/standard/32378.html">ISO 8632-1:1999</a> standard, while Annex B contains the same specifications for Version 2 and Annex C for Version 3 metafiles.</p>
			<p>CGM has a variety of associated application profiles. As stated by <a href="https://www.itl.nist.gov/div897/ctg/graphics/cgm_std.htm">NIST</a> &quot;An application profile (AP) defines the options, elements, and parameters of ISO 8632 necessary to accomplish a particular function and maximize the probability of interchange between systems implementing the profile. Profiles are defined by application constituencies who agree to adhere to the same subset of CGM for the purpose of graphical data interchange using ISO 8632.&quot; There are varieties of industry specific profiles pertaining to the format of technical information and illustrations, which include:</p>
			<ul>
				<li>
					<a href="http://docs.oasis-open.org/webcgm/v2.1/cs01/WebCGM21-Intro.html">WebCGM</a>
				</li>
				<li>
					<a href="https://public.s1000d.org/Downloads/Pages/S1000DDownloads.aspx">S1000D</a>
				</li>
				<li>
					<a href="https://publications.airlines.org/CommerceProductDetail.aspx?Product=33">ATA Profile 100</a> and <a href="https://publications.airlines.org/CommerceProductDetail.aspx?Product=274">iSpec 200</a>
				</li>
				<li>
					<a href="http://everyspec.com/MIL-PRF/MIL-PRF-010000-29999/download.php?spec=MIL-PRF-28003B_NOTICE-1.040434.pdf">CALs Profile</a>
				</li>
			</ul>
			<p>See <a href="#sustainability">Adoption</a>
			</p>
		</fdd:description>
		<fdd:shortDescription>The Computer Graphics Metafile (CGM) format family is a family of free and open international standard file formats for 2D vector graphics, raster graphics, and text. As defined in the current ISO standard, ISO 8632-1: 1999, &quot;The file format consists of a set of elements that can be used to describe pictures in a way that is compatible
between systems of different architectures and devices of differing capabilities and design.&quot; The ISO 1999 published standard is the current CGM standard while in 2001, W3 and the CGM Open Consortium developed a new CGM profile for use on the Web.</fdd:shortDescription>
		<fdd:productionPhase>Designed as a final-state (end-user delivery) format for suitable storage and retrieval of image information for 2D vector graphics, raster graphics, and text.</fdd:productionPhase>
		<fdd:relationships>
			<fdd:relationship>
				<fdd:typeOfRelationship>Has extension</fdd:typeOfRelationship>
				<fdd:relatedTo>
					<fdd:id>fdd000075</fdd:id>
					<fdd:shortName>XML</fdd:shortName>
					<fdd:titleName>XML (Extensible Markup Language)</fdd:titleName>
				</fdd:relatedTo>
				<fdd:comment>Beginning with WebCGM 2.0 and upgraded with version 2.1, WebCGM files can contain WebCGM XML Companion File (XCF) for a variety of purposes. Defined by W3C, see <a href="https://www.w3.org/Graphics/WebCGM/drafts/REC/WebCGM21-XCF.html">https://www.w3.org/Graphics/WebCGM/drafts/REC/WebCGM21-XCF.html</a>.</fdd:comment>
			</fdd:relationship>
		</fdd:relationships>
	</fdd:identificationAndDescription>
	<fdd:localUse>
		<fdd:experience>The Library of Congress has a small number of CGM files in its collections.</fdd:experience>
		<fdd:preference>See the Library of Congress Recommended Formats Statement (RFS) for format preferences for <a href="http://www.loc.gov/preservation/resources/rfs/stillimg.html">still image works</a> and  <a href="http://www.loc.gov/preservation/resources/rfs/design3D.html">2D and 3D Computer Aided Design</a>. </fdd:preference>
	</fdd:localUse>
	<fdd:sustainabilityFactors>
		<fdd:disclosure>Open standard from <a href="https://www.iso.org/standards.html">ISO</a>. The CGM standard is maintained by the <a href="https://www.bsigroup.com/">British Standards Institution</a> and republished by ISO/IEC.</fdd:disclosure>
		<fdd:documentation>
			<p>The current published and publicly available ISO 8632 CGM standard can be found in the <a href="https://standards.iso.org/ittf/PubliclyAvailableStandards/index.html">ISO/IEC Publicly Available Standards</a>. Other sources of documentation, especially for developments on <a href="https://www.w3.org/Graphics/WebCGM/">WebCGM</a> can be found at W3C. <a href="http://www.cgmopen.org/news/index.html">CGM Open</a> provides documentation on WebCGM but has been inactive since 2015. Comments welcome.</p>
		</fdd:documentation>
		<fdd:adoption>
			<p>Since its publication, a variety of industry profiles have utilized CGM. According to <a href="https://www.itl.nist.gov/div897/ctg/graphics/cgm_std.htm">NIST</a>, &quot;Profiles are defined by application constituencies who agree to adhere to the same subset of CGM for the purpose of graphical data interchange using ISO 8632.&quot;</p>
			<p>The S1000D is an international XML specification for producing technical publications which has specified the use of CGM for vector graphics. Since CMG Open and W3 published WebCGM in 2001, SD1000 has adapted the WebCGM profile. <a href="https://public.s1000d.org/Downloads/Pages/S1000DDownloads.aspx">Issue 5.0 of the S1000D specification</a>, the specification’s CGM profile is defined as a &quot;cascading profile&quot; based on the <a href="https://www.w3.org/TR/2010/REC-webcgm21-20100301/WebCGM21.html">W3 recommendation in 2010</a>.</p>
			<p>The Department of Defense’s CALS profile (Continuous Acquisition and Life-Cycle Support) was first published in 1988 as Digital Representation for Communication of Illustration Data: CGM Application Profile (MIL-D-28003A). The CALs profile was first amended in <a href="https://web.archive.org/web/20070920013620/http:/www.dt.navy.mil/tot-shi-sys/des-int-pro/tec-inf-sys/cal-std/doc/28003a.pdf">1991</a>. The profile was later revised in <a href="https://www.navsea.navy.mil/Portals/103/Documents/NSWC_Carderock/prf28004.pdf">2000</a> and again in <a href="http://everyspec.com/MIL-PRF/MIL-PRF-010000-29999/download.php?spec=MIL-PRF-28003B_NOTICE-1.040434.pdf">2010</a>.</p>
			<p>The aerospace industry has also utilized CGM through the ATA (Air Transport Association) specification in <a href="https://publications.airlines.org/CommerceProductDetail.aspx?Product=33">ATA Spec 100</a>, and <a href="https://publications.airlines.org/CommerceProductDetail.aspx?Product=274">iSpec 2200</a>. Both specifications document the technical documentation for airplane manufacture as well as airplane operations. The specification sets the standard for using CGM and is referenced in the J2008 automotive profile.</p>
			<p>The automotive industry’s J2008 profile is a standard for the exchange of technical documentation that states that graphics should be in the CGM format. According to the  <a href="https://web.archive.org/web/20210324140242/http://store.sae.org/overview.pdf">J2008 Executive Overview</a>, &quot;The selected standard for vector graphics is the Computer
Graphics Metafile (CGM) defined by Air Trans-port Association (ATA) Specification 2100 Digital Data Standards for Aircraft Support (Data Interchange 3.3.2 Graphics Exchange GREXV24).&quot;</p>
			<p>
				<a href="http://www.cgmlarson.com/index.html">Larson Software Technology</a> provides technical graphics software and works with a variety of industries including; aerospace and defense, oil and gas, and general manufacturing. Larson offers conversion products including a <a href="http://www.cgmlarson.com/convert_CGM_files_to_image_formats_aerospace.shtml">CGM to Image</a> and <a href="http://www.cgmlarson.com/convert_CGM_to_SVG_aerospace.shtml">CGM to Vector</a> tool as well as professional CGM viewer tools. Larson Software Technology also supports industry profiles that utilize CGM including <a href="https://www.slideshare.net/DonLarson1/s1000-d-illustrations-whitepaper-final">S1000D</a>, <a href="https://publications.airlines.org/CommerceProductDetail.aspx?Product=274">iSpec 2200</a>, and CGM PIP profiles. <a href="https://www.sdicgm.com/contact-us.php">SDI Software</a>, another software company graphics file editing for the oil and gas, aerospace, and automotive industries maintains a <a href="https://www.sdicgm.com/image-converters.php#CGMimgconverters">CGM image conversion tool</a> for desktop applications and the command line. They are also one of the most current sources of conversion tools.</p>
			<p>The several versions of CGM complicate viewing options in software applications. CGM does not appear to be a widely used format on PCs. The example CGM files provided <a href="https://www.fileformat.info/format/cgm/sample/index.htm">here</a>, at FileFormat.Info, illustrate this:</p>
			<ul>
				<li>The ALLPRIMG.CGM file is in Clear Text (ASCII) form and can be opened and viewed in <a href="https://www.irfanview.com/">IrfanView</a>. IrfanView offers a CADImage plugin (version 14.0.0.1) in <a href="https://www.cadsofttools.com/download/irfanviewplugins.zip">32-bit</a> and <a href="https://www.cadsofttools.com/download/irfanviewplugins_x64.zip">64-bit</a> that allows IrfanView to read CGM and <fddLink id="fdd000515">SVG</fddLink> files. IrfanView also offers a Hex editor view.</li>
				<li>IrfanView can also open the CORVETTE.CGM and TECHDRAW.CGM files from the <a href="https://www.fileformat.info/format/cgm/sample/index.htm">FileFormat.Info examples</a>, which are the Version 1 binary variant of CGM.</li>
			</ul>
			<p>New Mac computers do not provide any built-in applications to view CGM files. Both classic and current Mac operating systems can run GraphicConverter, a software program that displays and edits raster graphics files. The <a href="https://www.lemkesoft.de/en/products/graphicconverter/key-features/import-and-export-formats/">latest version (11) of GraphicConverter</a> supports the import of CGM files.</p>
			<p>The following graphics editors and software programs offer the functionality to open and manipulate CGM files:</p>
			<ul>
				<li>
					<a href="https://www.coreldraw.com/en/">CorelDraw</a> is a vector graphics editor that offers CGM import and export functionality. <a href="http://product.corel.com/help/CorelDRAW/540111130/Main/EN/Documentation/wwhelp/wwhimpl/common/html/wwhelp.htm#href=CorelDRAW-Computer-Graphics-Metafile-CGM.html">CorelDraw</a> specifies that the application can import version 1, 3, and 4 files while exporting version 1 and 3 as well as WebCGM 1.0 files.</li>
				<li>
					<a href="https://inkscape.org/">Inkscape</a> is an open-source vector graphics editor for Mac and PC used primarily to create <fddLink id="fdd000515">SVG</fddLink> files It can import CGM files but needs the <a href="https://github.com/sk1project/uniconvertor">UniConverter</a> module installed on Windows in order to do so.</li>
				<li>UniConverter is also used by the <a href="https://github.com/sk1project/uniconvertor">Sk1 project</a>, an open-source cross platform illustration program to serve as an alternative for CorelDraw or Adobe Illustrator. Sk1 supports the import and export of CGM files.</li>
			</ul>
			<p>PTC, an American software company, creates CGM filters for import and export of CGM files in Adobe Framemaker. According to <a href="http://support.ptc.com/products/arbortext/cgm-filters.htm">PTC's website</a>, "The stability and reliability of these filters has since enabled FrameMaker users to work with CGM files in compliance with international standards such as the CALS and ATA specifications." PTC’s site provides access to a variety of zip file versions of CGM filters for Adobe Framemaker.</p>
		</fdd:adoption>
		<fdd:licensingAndPatents>None.</fdd:licensingAndPatents>
		<fdd:transparency>As stated by <a href="https://www.w3.org/TR/2007/REC-webcgm20-20070130/WebCGM20-Concepts.html#webcgm_2_4">W3</a>, &quot;ISO CGM defines two encodings of the CGM functionality: Binary, and Clear Text. WebCGM, like other leading industry profiles of CGM, limits the encoding to Binary for the purposes of conforming interchange. It is the Binary encoding, which is registered as a MIME type. Using available encoding converters, the Clear Text encoding can be used for debugging, hand authoring, demonstration, etc.&quot; The binary encoding is the complete opposite of transparent. It uses codes instead of element names and compresses all the data as much as possible for storage and transfer while retaining the possibility for a computer to render it efficiently. For the clear text ASCII encoding, as a geometric description language, elements are described and named to indicate their function. It is human-readable and straightforward for computer readability, but this encoding is not used in practice.
		</fdd:transparency>
		<fdd:selfDocumentation>
			<p>Version 4 CGM files include “Application Structure” elements, which were designed to add metadata to a group of primitives. The WebCGM profile was developed in part to enhance metadata association with CGM files. Initial CGM files published on the Web were not interchangeable with other CGM viewers primarily due to associated metadata differences. As stated by a <a href="http://www.cgmopen.org/technical/paper.html">CGM Open technical paper published in 1999</a>, WebCGM was developed to standardize metadata behavior in CGM files. Metadata elements were standardized in WebCGM files to support:</p>
			<ul>
				<li>Hyperlinking and document navigation.</li>
				<li>Picture structuring and layering.</li>
				<li>Search and query on WebCGM picture content.</li>
			</ul>
			<p>According to W3, the <a href="https://www.w3.org/Graphics/WebCGM/drafts/REC/WebCGM21-XCF.html">WebCGM XML Companion file</a> can &quot;bind standardized metadata to a hierarchical object tree in a WebCGM instance.&quot;</p>
		</fdd:selfDocumentation>
		<fdd:externalDependencies>None.
		</fdd:externalDependencies>
		<fdd:techProtection>None.
		</fdd:techProtection>
	</fdd:sustainabilityFactors>
	<fdd:qualityAndFunctionalityFactors>
		<fdd:stillImageQF>
			<fdd:normalImage>Good support.</fdd:normalImage>
			<fdd:colorMaint>
				<p>The current CGM specification, <a href="https://www.iso.org/standard/32378.html">ISO/IEC 8632-1:1999</a> section 6.7.6 defines RGB, CIELAB, CIELUV, CMYK, and RGB-related as compatible color models. RGB is the only color model available in both Version 1 and Version 2 metafiles.</p>
				<p>The current 1999 specification also highlights CIE colored spaces in relation to CGM. &quot;Two CIE (International Commission on Illumination) recommended, approximately uniform colour spaces, CIELAB and CIELUV, are allowed in the CGM. These colour spaces are non-linear transformations of the <a href="https://en.wikipedia.org/wiki/CIE_1931_color_space">CIE 1931 XYZ tristimulus space</a>,  into the approximate
perceptual correlates of lightness, hue, and chroma.&quot;</p>
				<p>Annex G in <a href="https://standards.iso.org/ittf/PubliclyAvailableStandards/c032378_ISO_IEC_8632-1_1999(E).zip">ISO/IEC 8632-1:1999</a> details the conversion between each CGM color space.</p>
			</fdd:colorMaint>
			<fdd:graphics>Rich support.  See <a href="#identification">Description </a> above.</fdd:graphics>
			<fdd:multispectral>Not applicable.</fdd:multispectral>
			<fdd:beyondImage>Not applicable.</fdd:beyondImage>
		</fdd:stillImageQF>
	</fdd:qualityAndFunctionalityFactors>
	<fdd:fileTypeSignifiers>
		<fdd:signifiersGroup>
			<fdd:filenameExtension>
				<fdd:sigValues>
					<fdd:sigValue>cgm</fdd:sigValue>
				</fdd:sigValues>
				<fdd:note>The cgm standard recommends the use of cgm as extension.</fdd:note>
			</fdd:filenameExtension>
			<fdd:internetMediaType>
				<fdd:sigValues>
					<fdd:sigValue>image/cgm</fdd:sigValue>
				</fdd:sigValues>
				<fdd:note>See <a href="https://www.iana.org/assignments/media-types/image/cgm">registration at IANA</a>
				</fdd:note>
			</fdd:internetMediaType>
			<fdd:other>
				<fdd:tag>Pronom PUID</fdd:tag>
				<fdd:values>
					<fdd:sigValues>
						<fdd:sigValue>x-fmt/142</fdd:sigValue>
					</fdd:sigValues>
					<fdd:note>ASCII version 1. As of November 29, 2011 PUID <a href="https://www.nationalarchives.gov.uk/PRONOM/x-fmt/142">x-fmt/142</a> is the only PUID that offers descriptive information about cgm. The remaining PUIDs are outline records only.</fdd:note>
				</fdd:values>
			</fdd:other>
			<fdd:other>
				<fdd:tag>Pronom PUID</fdd:tag>
				<fdd:values>
					<fdd:sigValues>
						<fdd:sigValue>fmt/301</fdd:sigValue>
					</fdd:sigValues>
					<fdd:note>ASCII version 3. Outline record only. See <a href="http://www.nationalarchives.gov.uk/PRONOM/fmt/301">http://www.nationalarchives.gov.uk/PRONOM/fmt/301</a>
					</fdd:note>
				</fdd:values>
			</fdd:other>
			<fdd:other>
				<fdd:tag>Pronom PUID</fdd:tag>
				<fdd:values>
					<fdd:sigValues>
						<fdd:sigValue>fmt/302 </fdd:sigValue>
					</fdd:sigValues>
					<fdd:note>ASCII version 4. Outline record only. See <a href="http://www.nationalarchives.gov.uk/PRONOM/fmt/302">http://www.nationalarchives.gov.uk/PRONOM/fmt/302</a>http://www.nationalarchives.gov.uk/PRONOM/fmt/302</fdd:note>
				</fdd:values>
			</fdd:other>
			<fdd:other>
				<fdd:tag>Pronom PUID</fdd:tag>
				<fdd:values>
					<fdd:sigValues>
						<fdd:sigValue>fmt/303 </fdd:sigValue>
					</fdd:sigValues>
					<fdd:note>Binary version 1. Outline record only. See <a href="http://www.nationalarchives.gov.uk/PRONOM/fmt/303">http://www.nationalarchives.gov.uk/PRONOM/fmt/303</a>
					</fdd:note>
				</fdd:values>
			</fdd:other>
			<fdd:other>
				<fdd:tag>Pronom PUID</fdd:tag>
				<fdd:values>
					<fdd:sigValues>
						<fdd:sigValue>fmt/304</fdd:sigValue>
					</fdd:sigValues>
					<fdd:note>Binary version 2. Outline record only. See <a href="http://www.nationalarchives.gov.uk/PRONOM/fmt/304">http://www.nationalarchives.gov.uk/PRONOM/fmt/304</a>
					</fdd:note>
				</fdd:values>
			</fdd:other>
			<fdd:other>
				<fdd:tag>Pronom PUID</fdd:tag>
				<fdd:values>
					<fdd:sigValues>
						<fdd:sigValue>fmt/305</fdd:sigValue>
					</fdd:sigValues>
					<fdd:note>Binary version 3. Outline record only. See <a href="http://www.nationalarchives.gov.uk/PRONOM/fmt/305">http://www.nationalarchives.gov.uk/PRONOM/fmt/305</a>
					</fdd:note>
				</fdd:values>
			</fdd:other>
			<fdd:other>
				<fdd:tag>Pronom PUID</fdd:tag>
				<fdd:values>
					<fdd:sigValues>
						<fdd:sigValue>fmt/306</fdd:sigValue>
					</fdd:sigValues>
					<fdd:note>Binary version 4. Outline record only. See <a href="http://www.nationalarchives.gov.uk/PRONOM/fmt/306">http://www.nationalarchives.gov.uk/PRONOM/fmt/306</a>
					</fdd:note>
				</fdd:values>
			</fdd:other>
		</fdd:signifiersGroup>
		<fdd:signifiersGroup>
			<fdd:other>
				<fdd:tag>Wikidata Title ID</fdd:tag>
				<fdd:values>
					<fdd:sigValues>
						<fdd:sigValue>Q1122267</fdd:sigValue>
					</fdd:sigValues>
					<fdd:note>See CGM family wikidata ID at <a href="https://www.wikidata.org/wiki/Q1122267">https://www.wikidata.org/wiki/Q1122267</a>
					</fdd:note>
				</fdd:values>
			</fdd:other>
			<fdd:other>
				<fdd:tag>Wikidata Title ID</fdd:tag>
				<fdd:values>
					<fdd:sigValues>
						<fdd:sigValue>Q26719966</fdd:sigValue>
					</fdd:sigValues>
					<fdd:note>CGM Version 1. See <a href="https://www.wikidata.org/wiki/Q26719966">https://www.wikidata.org/wiki/Q26719966</a>
					</fdd:note>
				</fdd:values>
			</fdd:other>
			<fdd:other>
				<fdd:tag>Wikidata Title ID</fdd:tag>
				<fdd:values>
					<fdd:sigValues>
						<fdd:sigValue>Q26719970</fdd:sigValue>
					</fdd:sigValues>
					<fdd:note>CGM Version 3. See <a href="https://www.wikidata.org/wiki/Q26719970">https://www.wikidata.org/wiki/Q26719970</a>
					</fdd:note>
				</fdd:values>
			</fdd:other>
			<fdd:other>
				<fdd:tag>Wikidata Title ID</fdd:tag>
				<fdd:values>
					<fdd:sigValues>
						<fdd:sigValue>Q26719973</fdd:sigValue>
					</fdd:sigValues>
					<fdd:note>CGM Version 4. See <a href="https://www.wikidata.org/wiki/Q26719973">https://www.wikidata.org/wiki/Q26719973</a>
					</fdd:note>
				</fdd:values>
			</fdd:other>
		</fdd:signifiersGroup>
	</fdd:fileTypeSignifiers>
	<fdd:notes>
		<fdd:history>
			<p>CGM was initially published under the <a href="https://nvlpubs.nist.gov/nistpubs/Legacy/FIPS/fipspub128.pdf">ANSI (American National Standards Institute) X3.122-1986 standard</a> entitled, “Computer Graphics - Metafile for the Storage and Transfer of Picture Description Information.” ISO published this standard a year later known as <a href="https://www.iso.org/standard/15970.html">ISO 8632-1:1987</a>, which includes a variety of vector primitives including; lines, polylines, arcs, circles, rectangles, ellipses, polygons, and text. ISO/IEC 8632 drew extensively for its model of a graphics system on GKS (<a href="https://en.wikipedia.org/wiki/Graphical_Kernel_System">Graphical Kernel System</a>, <a href="https://www.iso.org/standard/14914.html">ISO/IEC 7942</a>), the first ISO standard for low-level computer graphics, introduced in 1977. ISO 8632-1:1987/AMD 1:1990, the first amendment to the 1987 standard was then superseded by the ISO 8632 standard published in 1992.</p>
			<p>The <a href="https://www.iso.org/standard/21800.html">ISO/IEC 8632-1:1992</a> defines three versions of increasing capability and functionality. The addition of graphical segments was one of the most notable capabilities of Version 2. Version 2 also introduced closed figures (a filled primitive comprised of other primitives) and added over 30 additional elements, including all elements that were used in Version 1 metafiles. As indicated by <a href="https://www.itl.nist.gov/div897/ctg/graphics/cgm_std.htm">NIST</a>, "A segment is a group of primitives that is saved once and named, and then may be used repeatedly in the metafile.” Version 3 expands on the amount of available elements with over 40 new elements added to format’s capabilities. “Version 3 metafile functionality includes: the capability to represent compressed tiled images, define external symbol libraries, and greater control of drawing aspects for graphics arts, presentation graphics, and electronic publishing.” The 1992 standard established 3 encodings for the CGM format.</p>
			<ul>
				<li>ISO/IEC 8632.2:1992 - Character-based, used to produce the smallest possible file size for ease of storage and speed of data transmission.</li>
				<li>ISO/IEC 8632.3:1992 - Binary encoding.</li>
				<li>ISO/IEC 8632.4:1992 - Clear text encoding.</li>
			</ul>
			<p>The following descriptions of the binary and clear-text encodings can be found in the ISO/IEC Publicly Available Standards for the current CGM standard:</p>
			<ul>
				<li>
					<a href="https://standards.iso.org/ittf/PubliclyAvailableStandards/c032380_ISO_IEC_8632-3_1999(E).zip">ISO/IEC 8632-3:1999:</a>Binary encoded, which facilitates exchange and quick access by software applications.</li>
				<li>
					<a href="https://standards.iso.org/ittf/PubliclyAvailableStandards/c032381_ISO_IEC_8632-4_1999(E).zip">ISO/IEC 8632-4:1999:</a>Clear-text encoded, designed for human readability and ease of modification using an ASCII text editor. &quot;The file begins with an ASCII string  representing “begmf” but allowing its characters to be in upper or lower case.&quot;</li>
			</ul>
			<p>There were two amendments to the 1992 standard, published in 1994 and 1995 respectively. The <a href="https://www.iso.org/standard/21800.html">first amendment</a>to the 1992 standard establishes rules for profiles. According to <a href="https://www.itl.nist.gov/div897/ctg/graphics/cgm_std.htm">NIST</a>, the first amendment provides:</p>
			<ul>
				<li>&quot;rules for writing profiles&quot;</li>
				<li>&quot;definition of conforming generators, interpreters, and metafiles, in terms of profiles&quot;</li>
				<li>&quot;A Model Profile - a usable, implementable profile of CGM. Also can be used as a guide (example) to writing profiles.&quot;</li>
			</ul>
			<p>The PPF (profile proforma) establishes a template for writing these profiles. Amendment establishes the completion of a PPF as a requirement.</p>
			<p>The <a href="https://www.iso.org/standard/15973.html">second amendment</a> published in 1995, focused on functional specifications and application structuring, specifically the application extensions to access pieces of the metafile or image. According to <a href="https://www.itl.nist.gov/div897/ctg/graphics/cgm_std.htm">NIST</a>, &quot;Application areas targeted for this 'intelligent graphics' capability include: electronic review of documents, graphical object databases, network distributed graphical applications, and multi-media and hyper-media documents.&quot;</p>
			<p>The <a href="https://standards.iso.org/ittf/PubliclyAvailableStandards/c032378_ISO_IEC_8632-1_1999(E).zip">1999 ISO Standard</a> (the current standard for CGM) extended application structuring. Version 4 stipulates that CGM files can now contain non-graphical information as well as graphical content. In 2001, <a href="https://www.w3.org/TR/REC-WebCGM/">W3</a> and the CGM Open Consortium developed a new profile called <a href="https://www.w3.org/Graphics/WebCGM/">WebCGM</a> specifically for the use and exchange of CGM files on the web. 2 later versions of WebCGM were published in <a href="http://docs.oasis-open.org/webcgm/v2.0/PR3/WebCGM20-Intro.html">2007</a>, WebCGM 2.0 and <a href="http://docs.oasis-open.org/webcgm/v2.1/cs01/WebCGM21-Intro.html">2008</a>, WebCGM 2.1 respectively. CGM Larson’s CEO, Don Larson, authored a <a href="http://cgmopen.org/webcgm/v3.0/WebCGM_30_Proposed_Requirements.pdf">proposal</a> for a WebCGM 3.0 profile in March 2015.</p>
		</fdd:history>
	</fdd:notes>
	<fdd:formatSpecifications>
		<fdd:urls>
			<fdd:url>
				<fdd:urlReference>
					<link>https://standards.iso.org/ittf/PubliclyAvailableStandards/c032378_ISO_IEC_8632-1_1999(E).zip</link>
					<tag>PDF for ISO/IEC 8632-1:1999</tag>
					<comment>Information technology — Computer graphics — Metafile for the storage and transfer of picture description information — Part 1: Functional specification.</comment>
				</fdd:urlReference>
			</fdd:url>
			<fdd:url>
				<fdd:urlReference>
					<link>https://standards.iso.org/ittf/PubliclyAvailableStandards/c044114_ISO_IEC_8632-1_1999_Cor_1_2006(E).zip</link>
					<tag>PDF for ISO/IEC 8632-1:1999/Cor 1:2006</tag>
					<comment>Information technology — Computer graphics — Metafile for the storage and transfer of picture description information — Part 1: Functional specification — Technical Corrigendum 1</comment>
				</fdd:urlReference>
			</fdd:url>
			<fdd:url>
				<fdd:urlReference>
					<link>https://standards.iso.org/ittf/PubliclyAvailableStandards/c032381_ISO_IEC_8632-4_1999(E).zip</link>
					<tag>PDF for ISO/IEC 8632-1:1999/Cor 2:2007</tag>
					<comment>Information technology — Computer graphics — Metafile for the storage and transfer of picture description information — Part 1: Functional specification — Technical Corrigendum 2</comment>
				</fdd:urlReference>
			</fdd:url>
			<fdd:url>
				<fdd:urlReference>
					<link>https://standards.iso.org/ittf/PubliclyAvailableStandards/c032380_ISO_IEC_8632-3_1999(E).zip</link>
					<tag>PDF for ISO/IEC 8632-3:1999</tag>
					<comment>Information technology — Computer graphics — Metafile for the storage and transfer of picture description information — Part 3: Binary encoding</comment>
				</fdd:urlReference>
			</fdd:url>
			<fdd:url>
				<fdd:urlReference>
					<link>https://standards.iso.org/ittf/PubliclyAvailableStandards/c032381_ISO_IEC_8632-4_1999(E).zip</link>
					<tag>PDF for ISO/IEC 8632-4:1999</tag>
					<comment>Information technology — Computer graphics — Metafile for the storage and transfer of picture description information — Part 4: Clear text encoding</comment>
				</fdd:urlReference>
			</fdd:url>
		</fdd:urls>
	</fdd:formatSpecifications>
	<fdd:usefulReferences>
		<fdd:urls>
			<fdd:url>
				<fdd:urlGroup>
					<fdd:intro>Resources from W3C related to CGM.</fdd:intro>
					<fdd:urlList>
						<fdd:urlReference>
							<link>https://www.w3.org/TR/NOTE-cgm-970618</link>
							<tag>Use of CGM as a Scalable Graphics Format</tag>
						</fdd:urlReference>
						<fdd:urlReference>
							<link>https://www.w3.org/Graphics/WebCGM/drafts/REC/WebCGM21-XCF.html</link>
							<tag>WebCGM XML Companion File</tag>
						</fdd:urlReference>
						<fdd:urlReference>
							<link>https://www.w3.org/TR/2007/REC-webcgm20-20070130/WebCGM20-Concepts.html#webcgm_2_4</link>
							<tag>WebCGM 2.0 – WebCGM Concepts</tag>
						</fdd:urlReference>
					</fdd:urlList>
				</fdd:urlGroup>
			</fdd:url>
			<fdd:url>
				<fdd:urlGroup>
					<fdd:intro>Resources from CGM Open related to CGM.</fdd:intro>
					<fdd:urlList>
						<fdd:urlReference>
							<link>http://www.cgmopen.org/technical/paper.html</link>
							<tag>Industrial-strength vector graphics for the Web.</tag>
						</fdd:urlReference>
						<fdd:urlReference>
							<link>http://www.cgmopen.org/technical/index.html</link>
							<tag>Reference documents &amp; related materials for CGM and WebCGM. </tag>
						</fdd:urlReference>
					</fdd:urlList>
				</fdd:urlGroup>
			</fdd:url>
			<fdd:url>
				<fdd:urlReference>
					<link>https://en.wikipedia.org/wiki/Computer_Graphics_Metafile</link>
					<tag>Wikipedia article on computer graphics metafile</tag>
				</fdd:urlReference>
			</fdd:url>
			<fdd:url>
				<fdd:urlReference>
					<link>https://en.wikipedia.org/wiki/Graphical_Kernel_System</link>
					<tag>Wikipedia article on the Graphical Kernel System</tag>
				</fdd:urlReference>
			</fdd:url>
			<fdd:url>
				<fdd:urlReference>
					<link>https://www.itl.nist.gov/div897/ctg/graphics/cgm_std.htm</link>
					<tag>Standard for CGM by the National Institute of Standards and Technology</tag>
				</fdd:urlReference>
			</fdd:url>
			<fdd:url>
				<fdd:urlGroup>
					<fdd:intro>Resources and references related to industry profiles that use CGM.</fdd:intro>
					<fdd:urlList>
						<fdd:urlReference>
							<link>https://public.s1000d.org/Downloads/Pages/S1000DDownloads.aspx</link>
							<tag>S1000D Specification Issue 5.0</tag>
						</fdd:urlReference>
						<fdd:urlReference>
							<link>https://web.archive.org/web/20070920013620/http:/www.dt.navy.mil/tot-shi-sys/des-int-pro/tec-inf-sys/cal-std/doc/28003a.pdf</link>
							<tag>MIL-PRF-28003A</tag>
							<comment>Original CALS Profile from 1991. Link via Internet Archive.</comment>
						</fdd:urlReference>
						<fdd:urlReference>
							<link>https://www.navsea.navy.mil/Portals/103/Documents/NSWC_Carderock/prf28004.pdf</link>
							<tag>МIL-PRF-28003B</tag>
							<comment>CALS Profile 2000 amendment. </comment>
						</fdd:urlReference>
						<fdd:urlReference>
							<link>http://everyspec.com/MIL-PRF/MIL-PRF-010000-29999/download.php?spec=MIL-PRF-28003B_NOTICE-1.040434.pdf</link>
							<tag>MIL-PRF-28003B – 2010 revision</tag>
						</fdd:urlReference>
						<fdd:urlReference>
							<link>https://publications.airlines.org/CommerceProductDetail.aspx?Product=33</link>
							<tag>ATA Spec 100</tag>
							<comment>ATA Profiles</comment>
						</fdd:urlReference>
						<fdd:urlReference>
							<link>https://publications.airlines.org/CommerceProductDetail.aspx?Product=274</link>
							<tag>iSpec 2200</tag>
							<comment>ATA Profiles</comment>
						</fdd:urlReference>
						<fdd:urlReference>
							<link>https://web.archive.org/web/20210324140242/http://store.sae.org/overview.pdf</link>
							<tag>J2008 Executive Overview</tag>
							<comment>Available through Internet Archive.</comment>
						</fdd:urlReference>
					</fdd:urlList>
				</fdd:urlGroup>
			</fdd:url>
			<fdd:url>
				<fdd:urlReference>
					<link>http://www.cgmlarson.com/index.html</link>
					<tag>Larson Software Technology</tag>
				</fdd:urlReference>
			</fdd:url>
			<fdd:url>
				<fdd:urlReference>
					<link>https://www.sdicgm.com/</link>
					<tag>SDI CGM Software</tag>
				</fdd:urlReference>
			</fdd:url>
			<fdd:url>
				<fdd:urlReference>
					<link>https://web.archive.org/web/20010419193346/http:/www.sdicgm.com/</link>
					<tag>SDI CGM Software Computer Graphics Metaware</tag>
					<comment>Link via Internet Archive.</comment>
				</fdd:urlReference>
			</fdd:url>
			<fdd:url>
				<fdd:urlReference>
					<link>https://www.sdicgm.com/image-converters.php#CGMimgconverters</link>
					<tag>SDI Image Converters</tag>
				</fdd:urlReference>
			</fdd:url>
			<fdd:url>
				<fdd:urlReference>
					<link>http://www.aia-aerospace.org/wp-content/uploads/2018/01/NEW-Larson_S1000D_User_Forum_2018.pdf</link>
					<tag>CGM v SVG (Computer Graphics Metafile v Scalable Vector Graphic)</tag>
					<comment>Utilization of vector graphics comparison between CGM and SVG file formats.</comment>
				</fdd:urlReference>
			</fdd:url>
			<fdd:url>
				<fdd:urlReference>
					<link>https://www.fileformat.info/format/cgm/egff.htm</link>
					<tag>CGM File Format Summary</tag>
					<comment>From the Encyclopedia of Graphic File Formats, 2nd Edition, 1996</comment>
				</fdd:urlReference>
			</fdd:url>
			<fdd:url>
				<fdd:urlReference>
					<link>https://web.archive.org/web/19991110232726/http:/www.bsi.org.uk:80/sc24/sc24/standard.htm</link>
					<tag>ISO/IEC JTC1/SC24</tag>
					<comment>Link via Internet Archive. </comment>
				</fdd:urlReference>
			</fdd:url>
			<fdd:url>
				<fdd:urlReference>
					<link>https://www.itl.nist.gov/div897/ctg/graphics/cgmprcd.htm</link>
					<tag>Computer Graphics Metafile (CGM): Procedures for NIST CGM Validation Test Service</tag>
				</fdd:urlReference>
			</fdd:url>
			<fdd:url>
				<fdd:urlReference>
					<link>https://www.nationalarchives.gov.uk/PRONOM/Format/proFormatSearch.aspx?status=detailReport&amp;id=203</link>
					<tag>PRONOM entry for x-fmt/142</tag>
					<comment>Information in PRONOM from UK National Archives about CGM ASCII version 1. PUID: x-fmt/142.</comment>
				</fdd:urlReference>
			</fdd:url>
			<fdd:url>
				<fdd:urlReference>
					<link>http://www.nationalarchives.gov.uk/PRONOM/fmt/301</link>
					<tag>PRONOM entry for fmt/301</tag>
					<comment>Information in PRONOM from UK National Archives about CGM ASCII version 3. PUID: fmt/301. Outline record only.</comment>
				</fdd:urlReference>
			</fdd:url>
			<fdd:url>
				<fdd:urlReference>
					<link>http://www.nationalarchives.gov.uk/PRONOM/fmt/302</link>
					<tag>PRONOM entry for fmt/302</tag>
					<comment>Information in PRONOM from UK National Archives about CGM ASCII version 4. PUID: fmt/302. Outline record only.</comment>
				</fdd:urlReference>
			</fdd:url>
			<fdd:url>
				<fdd:urlReference>
					<link>http://www.nationalarchives.gov.uk/PRONOM/fmt/303</link>
					<tag>PRONOM entry for fmt/303</tag>
					<comment>Information in PRONOM from UK National Archives about CGM Binary version 1. PUID: fmt/303. Outline record only.</comment>
				</fdd:urlReference>
			</fdd:url>
			<fdd:url>
				<fdd:urlReference>
					<link>http://www.nationalarchives.gov.uk/PRONOM/fmt/304</link>
					<tag>PRONOM entry for fmt/304</tag>
					<comment>Information in PRONOM from UK National Archives about CGM Binary version 2. PUID: fmt/304. Outline record only.</comment>
				</fdd:urlReference>
			</fdd:url>
			<fdd:url>
				<fdd:urlReference>
					<link>http://www.nationalarchives.gov.uk/PRONOM/fmt/305</link>
					<tag>PRONOM entry for fmt/305</tag>
					<comment>Information in PRONOM from UK National Archives about CGM Binary version 3. PUID: fmt/305. Outline record only.</comment>
				</fdd:urlReference>
			</fdd:url>
			<fdd:url>
				<fdd:urlReference>
					<link>http://www.nationalarchives.gov.uk/PRONOM/fmt/306</link>
					<tag>PRONOM entry for fmt/306</tag>
					<comment>Information in PRONOM from UK National Archives about CGM Binary version 4. PUID: fmt/306. Outline record only.</comment>
				</fdd:urlReference>
			</fdd:url>
			<fdd:url>
				<fdd:urlReference>
					<link>https://www.wikidata.org/wiki/Q1122267</link>
					<tag>Wikidata entry for Q1122267</tag>
					<comment>Information in Wikidata about CGM file format family. Wikidata Title ID: Q1122267.</comment>
				</fdd:urlReference>
			</fdd:url>
			<fdd:url>
				<fdd:urlReference>
					<link>https://www.wikidata.org/wiki/Q26719966</link>
					<tag>Wikidata entry for Q26719966</tag>
					<comment>Information in Wikidata about Computer Graphics Metafile, version 1. Wikidata Title ID: Q26719966. </comment>
				</fdd:urlReference>
			</fdd:url>
			<fdd:url>
				<fdd:urlReference>
					<link>https://www.wikidata.org/wiki/Q26719970</link>
					<tag>Wikidata entry for Q26719970</tag>
					<comment>Information in Wikidata about Computer Graphics Metafile, version 3. Wikidata Title ID: Q26719970. </comment>
				</fdd:urlReference>
			</fdd:url>
			<fdd:url>
				<fdd:urlReference>
					<link>https://www.wikidata.org/wiki/Q26719973</link>
					<tag>Wikidata entry for Q26719973</tag>
					<comment>Information in Wikidata about Computer Graphics Metafile, version 4. Wikidata Title ID: Q26719973. </comment>
				</fdd:urlReference>
			</fdd:url>
		</fdd:urls>
	</fdd:usefulReferences>
</fdd:FDD>
