<?xml version="1.0" encoding="UTF-8"?>
<fdd:FDD id="fdd000137" titleName="MPEG-4 File Format for Advanced Video Coding (Non-FRExt Extensions, Part 15)" shortName="MP4_FF_AVCE" xmlns:xsi="http://www.w3.org/2001/XMLSchema-instance" xmlns:fdd="http://www.digitalpreservation.gov/formats/schemas/fdd/v1" xsi:schemaLocation="http://www.digitalpreservation.gov/formats/schemas/fdd/v1 http://www.digitalpreservation.gov/formats/schemas/fdd/v1/fdd-v1-0.xsd">
	<fdd:properties>
		<fdd:gdfrGenreSelection>
			<fdd:gdfrGenre>moving-image</fdd:gdfrGenre>
		</fdd:gdfrGenreSelection>
		<fdd:formatCategories>
			<fdd:category>file-format</fdd:category>
		</fdd:formatCategories>
		<fdd:updates>
			<fdd:date>2011-12-08</fdd:date>
		</fdd:updates>
		<fdd:draftStatus>Full</fdd:draftStatus>
	</fdd:properties>
	<fdd:identificationAndDescription>
		<fdd:fullName>ISO/IEC 14496-15:2004. Information technology -- Coding of audio-visual objects -- Part 15: Advanced Video Coding (AVC) File Format (formal name); MPEG-4 AVC file format (common name)</fdd:fullName>
		<fdd:keywords>
			<fdd:keyword>MPEG</fdd:keyword>
			<fdd:keyword>MPEG-4</fdd:keyword>
		</fdd:keywords>
		<fdd:description>
			<p>The third MPEG-4 file format developed by the Moving Picture Experts Group (MPEG).  The format's object-based design defines a set of tools that present binary coded representation of individual audiovisual objects, text, graphics, and synthetic objects.  (See <a href="#notes">Notes</a> below.)  This format wraps Advanced Video Coding (AVC) with certain extensions, described in <fddLink id="fdd000162">MPEG-4_AVC_EXT</fddLink>.  Without those extensions, AVC may be wrapped in <fddLink id="fdd000155">MP4_FF_2</fddLink>.</p>
			<p>The extensions described here predate the FRExt (Fidelity Range Extensions), being finalized in 2005 and represented by four new profiles: <fddLink id="fdd000215">MPEG-4_AVC_HP</fddLink>, <fddLink id="fdd000216">MPEG-4_AVC_H10P</fddLink>, <fddLink id="fdd000217">MPEG-4_AVC_H422P</fddLink>, and <fddLink id="fdd000215">MPEG-4_AVC_H444P</fddLink>.</p>
		</fdd:description>
		<fdd:shortDescription>Emerging format developed by the Moving Picture Experts Group (MPEG) for communicating audiovisual scenes, likely to be used for web content, other online applications, and mobile devices, i.e., cell phones and PDAs, although potential applications are much broader.  Wraps Advanced Video Coding (AVC) with certain extensions, described in MPEG-4_AVC_EXT.</fdd:shortDescription>
		<fdd:productionPhase>Generally a final-state (end-user delivery) format. </fdd:productionPhase>
		<fdd:relationships>
			<fdd:relationship>
				<fdd:typeOfRelationship>Subtype of</fdd:typeOfRelationship>
				<fdd:relatedTo>
					<fdd:id>fdd000079</fdd:id>
					<fdd:shortName>ISO_BMFF</fdd:shortName>
					<fdd:titleName>ISO Base Media File Format</fdd:titleName>
				</fdd:relatedTo>
			</fdd:relationship>
			<fdd:relationship>
				<fdd:typeOfRelationship>Has subtype</fdd:typeOfRelationship>
				<fdd:relatedTo>
					<fdd:id>fdd000161</fdd:id>
					<fdd:shortName>MP4_FF_AVCE_AVCE</fdd:shortName>
					<fdd:titleName>MPEG-4 File Format for AVC (Ext), with Non-FRExt Extended AVC Coding</fdd:titleName>
				</fdd:relatedTo>
			</fdd:relationship>
		</fdd:relationships>
	</fdd:identificationAndDescription>
	<fdd:sustainabilityFactors>
		<fdd:disclosure>
			Open standard.  Developed by ISO technical program JTC 1/SC 29 (WG11), aka the <a href="http://mpeg.chiariglione.org/">Moving Picture Experts Group (MPEG),</a> Coding of audio, picture, multimedia and hypermedia information. </fdd:disclosure>
		<fdd:documentation>
			ISO/IEC 14496-15:2004. Information technology -- Coding of audio-visual objects -- Part 15: Advanced Video Coding (AVC) File Format.  See complete list of ISO MPEG-4 documents in the description of <a href="fdd000155.shtml#specs">MP4_FF_2</a>.
		</fdd:documentation>
		<fdd:adoption>
			Unknown to the compiler of this document
		</fdd:adoption>
		<fdd:licensingAndPatents>
			See <fddLink id="fdd000155">MP4_FF_2</fddLink>
		</fdd:licensingAndPatents>
		<fdd:transparency>
			Depends upon included encodings, but all MPEG-4 encodings depend upon algorithms and tools to read and require sophistication to build tools.
		</fdd:transparency>
		<fdd:selfDocumentation>
			See <fddLink id="fdd000155">MP4_FF_2</fddLink>
		</fdd:selfDocumentation>
		<fdd:externalDependencies>
			See <fddLink id="fdd000155">MP4_FF_2</fddLink>
		</fdd:externalDependencies>
		<fdd:techProtection>
			See <fddLink id="fdd000155">MP4_FF_2</fddLink>
		</fdd:techProtection>
	</fdd:sustainabilityFactors>
	<fdd:qualityAndFunctionalityFactors>
		<fdd:movingImageQF>
			<fdd:normalVideo>See <fddLink id="fdd000155">MP4_FF_2</fddLink>
			</fdd:normalVideo>
			<fdd:clarity>See <fddLink id="fdd000162">MPEG-4_AVC_EXT</fddLink>
			</fdd:clarity>
			<fdd:beyondVideo>See <fddLink id="fdd000155">MP4_FF_2</fddLink>
			</fdd:beyondVideo>
		</fdd:movingImageQF>
		<fdd:soundQF>
			<fdd:fidelity>See <fddLink id="fdd000155">MP4_FF_2</fddLink>
			</fdd:fidelity>
			<fdd:channels>See <fddLink id="fdd000155">MP4_FF_2</fddLink>
			</fdd:channels>
			<fdd:beyondSound>Not investigated at this time.</fdd:beyondSound>
		</fdd:soundQF>
	</fdd:qualityAndFunctionalityFactors>
	<fdd:fileTypeSignifiers>
		<fdd:signifiersGroup>
			<fdd:filenameExtension>
				<fdd:sigValues>
					<fdd:sigValue>mp4</fdd:sigValue>
				</fdd:sigValues>
			</fdd:filenameExtension>
			<fdd:internetMediaType>
				<fdd:sigValues>
					<fdd:sigValue>video/mp4</fdd:sigValue>
				</fdd:sigValues>
				<fdd:note>Most frequently cited MIME type; for more information see <fddLink id="fdd000155">MP4_FF_2</fddLink>. The compiler of this document <a href="../contact_format.shtml">welcome comments</a> on the use of MIME types for various MPEG-4 file formats.</fdd:note>
			</fdd:internetMediaType>
			<fdd:magicNumbers>
				<fdd:sigValueNA>Not found.</fdd:sigValueNA>
			</fdd:magicNumbers>
			<fdd:other>
				<fdd:tag>File type brand (ISO Base Media File Format)</fdd:tag>
				<fdd:values>
					<fdd:sigValues>
						<fdd:sigValue>avc1</fdd:sigValue>
					</fdd:sigValues>
					<fdd:note>
						<fddLink id="fdd000079">ISO_BMFF</fddLink> includes a file type box that contains major and minor brands (identifiers); this brand is specified in Part 15, Section 5 (ISO/IEC 14496-15:2004. Information technology -- Coding of audio-visual objects -- Part 15: Advanced Video Coding (AVC) File Format, p. 13), only when certain AVC extensions are used.</fdd:note>
				</fdd:values>
			</fdd:other>
		</fdd:signifiersGroup>
	</fdd:fileTypeSignifiers>
	<fdd:notes>
		<fdd:general>
			<p>The four file formats associated with the ISO/IEC 14496 family of specifications are:</p>
			<ul>
				<li>
					<fddLink id="fdd000037">MP4_FF_1</fddLink>, "version 1" from the 2001 edition of Part 1</li>
				<li>
					<fddLink id="fdd000155">MP4_FF_2</fddLink>, "version 2," from Part 14</li>
				<li>MP4_FF_AVCE, for Advanced Video Coding extensions, this document, from Part 15</li>
				<li>
					<fddLink id="fdd000156">MP4_XMT</fddLink>, "textual format" from Part 11</li>
			</ul>
			<p>For more extensive information about MPEG-4 file formats, see <fddLink id="fdd000155">MP4_FF_2</fddLink>
			</p>
		</fdd:general>
	</fdd:notes>
	<fdd:formatSpecifications>
		<fdd:citations>
			<fdd:citation>
				<fdd:specReference> ISO/IEC 14496-15:2004.  Information technology -- Coding of audio-visual objects -- Part 15: Advanced Video Coding (AVC) File Format</fdd:specReference>
			</fdd:citation>
		</fdd:citations>
	</fdd:formatSpecifications>
	<fdd:usefulReferences>
		<fdd:urls>
			<fdd:url>
				<fdd:urlReference>
					<link>http://www.ietf.org/rfc/rfc4337.txt</link>
					<tag>RFC 4337: MIME Type Registration for MPEG-4</tag>
					<comment>Dated 2006.</comment>
				</fdd:urlReference>
			</fdd:url>
			<fdd:url>
				<fdd:urlReference>
					<link>http://community.roxen.com/developers/idocs/drafts/draft-lim-mpeg4-mime-02.html</link>
					<tag>MIME Type Registration for MPEG-4</tag>
					<comment>As submitted by Y Lim (net tv) and D. Singer (Apple Computer), July 2004 </comment>
				</fdd:urlReference>
			</fdd:url>
			<fdd:url>
				<fdd:urlGroup>
					<fdd:intro>See also <fddLink id="fdd000155">MP4_FF_2</fddLink> and <fddLink id="fdd000081">MPEG-4_AVC</fddLink>.</fdd:intro>
				</fdd:urlGroup>
			</fdd:url>
		</fdd:urls>
	</fdd:usefulReferences>
</fdd:FDD>
