<?xml version="1.0" encoding="UTF-8"?>
<fdd:FDD id="fdd000125" titleName="PDF/A-1, PDF for Long-term Preservation, Use of PDF 1.4" shortName="PDF/A-1" xmlns:xsi="http://www.w3.org/2001/XMLSchema-instance" xmlns:fdd="http://www.loc.gov/preservation/digital/formats/schemas/fdd/v1" xsi:schemaLocation="http://www.loc.gov/preservation/digital/formats/schemas/fdd/v1 http://www.loc.gov/preservation/digital/formats/schemas/fdd/v1/fdd-v1-1.xsd">
	<fdd:properties>
		<fdd:gdfrGenreSelection>
			<fdd:gdfrGenre>text</fdd:gdfrGenre>
		</fdd:gdfrGenreSelection>
		<fdd:formatCategories>
			<fdd:category>file-format</fdd:category>
			<fdd:category>encoding</fdd:category>
		</fdd:formatCategories>
		<fdd:gdfrComposition>unitary</fdd:gdfrComposition>
		<fdd:gdfrForm>binary</fdd:gdfrForm>
		<fdd:gdfrConstraint>structured</fdd:gdfrConstraint>
		<fdd:gdfrBasis>symbolic</fdd:gdfrBasis>
		<fdd:updates>
			<fdd:date>2010-10-06</fdd:date>
		</fdd:updates>
		<fdd:draftStatus>Full</fdd:draftStatus>
	</fdd:properties>
	<fdd:identificationAndDescription>
		<fdd:fullName>ISO 19005-1. Document management - Electronic document file format for long-term preservation - Part 1: Use of PDF 1.4 (PDF/A)</fdd:fullName>
		<fdd:keywords>
			<fdd:keyword>Portable Document Format (PDF)</fdd:keyword>
			<fdd:keyword>document formats</fdd:keyword>
			<fdd:keyword>PDF/A</fdd:keyword>
		</fdd:keywords>
		<fdd:description>
			<p>PDF/A-1 is a constrained form of Adobe PDF version 1.4 intended to be suitable for long-term preservation of page-oriented documents for which PDF is already being used in practice. The ISO standard [ISO 19005-1:2005] was developed by a working group with representatives from government, industry, and academia and active support from Adobe Systems Incorporated. </p>
			<p>The PDF/A standards attempt to maximize:</p>
			<ul>
				<li>Device independence</li>
				<li>Self-containment</li>
				<li>Self-documentation</li>
			</ul>
			<p>The constraints include:</p>
			<ul>
				<li>Audio and video content are forbidden</li>
				<li>Javascript and executable file launches are prohibited</li>
				<li>All fonts must be embedded and also must be legally embeddable for unlimited, universal rendering</li>
				<li>Colorspaces specified in a device-independent manner</li>
				<li>Encryption is disallowed</li>
				<li>Use of standards-based metadata is mandated</li>
			</ul>
			<p>The PDF/A-1 standard defines two levels of conformance:  conformance level A satisfies all requirements in the specification; level B is a lower level of conformance, &quot;encompassing the requirements of this part of ISO 19005 regarding the visual appearance of electronic documents, but not their structural or semantic properties.&quot;</p>
		</fdd:description>
		<fdd:shortDescription>A constrained form of Adobe PDF version 1.4 intended to be suitable for long-term preservation of page-oriented documents for which PDF is already being used in practice. The ISO standard [ISO 19005-1:2005] was developed by a working group with representatives from government, industry, and academia and active support from Adobe Systems Incorporated.</fdd:shortDescription>
		<fdd:productionPhase>A final-state format for delivery to end users and long-term preservation of the document as disseminated to users.</fdd:productionPhase>
		<fdd:relationships>
			<fdd:relationship>
				<fdd:typeOfRelationship>Subtype of</fdd:typeOfRelationship>
				<fdd:relatedTo>
					<fdd:id>fdd000030</fdd:id>
					<fdd:shortName>PDF</fdd:shortName>
					<fdd:titleName>Portable Document Format</fdd:titleName>
				</fdd:relatedTo>
			</fdd:relationship>
			<fdd:relationship>
				<fdd:typeOfRelationship>Subtype of</fdd:typeOfRelationship>
				<fdd:relatedTo>
					<fdd:id>fdd000122</fdd:id>
					<fdd:shortName>PDF_1_4</fdd:shortName>
					<fdd:titleName>PDF Version 1.4</fdd:titleName>
				</fdd:relatedTo>
			</fdd:relationship>
			<fdd:relationship>
				<fdd:typeOfRelationship>Subtype of</fdd:typeOfRelationship>
				<fdd:relatedTo>
					<fdd:id>fdd000318</fdd:id>
					<fdd:shortName>PDF/A</fdd:shortName>
					<fdd:titleName>PDF/A, PDF for Long-term Preservation</fdd:titleName>
				</fdd:relatedTo>
			</fdd:relationship>
			<fdd:relationship>
				<fdd:typeOfRelationship>Has subtype</fdd:typeOfRelationship>
				<fdd:relatedTo>
					<fdd:id>fdd000251</fdd:id>
					<fdd:shortName>PDF/A-1a</fdd:shortName>
					<fdd:titleName>PDF for Long-term Preservation, Based on PDF 1.4, Level A Conformance</fdd:titleName>
				</fdd:relatedTo>
			</fdd:relationship>
			<fdd:relationship>
				<fdd:typeOfRelationship>Has subtype</fdd:typeOfRelationship>
				<fdd:relatedTo>
					<fdd:id>fdd000252</fdd:id>
					<fdd:shortName>PDF/A-1b</fdd:shortName>
					<fdd:titleName>PDF for Long-term Preservation, Based on PDF 1.4, Level B Conformance</fdd:titleName>
				</fdd:relatedTo>
			</fdd:relationship>
		</fdd:relationships>
	</fdd:identificationAndDescription>
	<fdd:localUse>
		<fdd:experience>LC was represented on the working group for the original PDF/A standard and continues to be active in the development of new versions.</fdd:experience>
		<fdd:preference>
			<p>The Library of Congress expresses preferences for formats for content (primarily in physical form) for its collections through the &quot;Best Edition&quot; specification from the U.S. Copyright Office in <a href="http://www.copyright.gov/circs/circ07b.pdf">Circular 7b</a>. Rev: 08 ⁄ 2010 of Circular 7b lists formats acceptable for mandatory deposit of Electronic Serials available only online, in order of preference. For page-oriented renditions, PDF/A (this version or later versions) appears first on the list.  Other forms of PDF are acceptable, preferably with searchable text.</p>
			<p>In general, PDF/A is a preferred format for page-oriented textual (or primarily textual) documents when layout and visual characteristics are more significant than logical structure.  Note that, for PDFs based on page images digitized by scanning, the source images are considered the master format if available.  PDFs created from those images may be optimized for access convenience rather than sustainability.</p>
		</fdd:preference>
	</fdd:localUse>
	<fdd:sustainabilityFactors>
		<fdd:disclosure>Open standard, approved in May 2005 and published by ISO in September 2005.  Developed by the working group ISO/TC 171 SC2, Document Imaging Applications, Application Issues, for which <a href="http://www.aiim.org/">AIIM</a> (The Association for Information and Image Management) acts as secretariat.  ISO has formed a Joint Working Group, which also includes ISO/TC 46 SC11, Archives/records Management, ISO/TC 130, Graphics Technology, and ISO/TC 42, Photography.
		</fdd:disclosure>
		<fdd:documentation>
			<a href="http://www.iso.org/iso/iso_catalogue/catalogue_tc/catalogue_detail.htm?csnumber=38920">ISO 19005-1:2005.	Document management -- Electronic document file format for long-term preservation -- Part 1: Use of PDF 1.4 (PDF/A-1)</a>. The standard cannot be used without <a href="http://www.adobe.com/content/dam/Adobe/en/devnet/pdf/pdfs/pdf_reference_archives/PDFReference.pdf">PDF Reference, Third Edition, Version 1.4</a>, which it uses as a normative reference.
		</fdd:documentation>
		<fdd:adoption>
			<p>Since the standard was published in late 2005, tools for creation, conversion, and validation have been reaching the market steadily.  Adobe's own Acrobat Professional 7.0 allowed saving files in a form compliant with the draft standard.  Acrobat 8 and later versions support the standard as published.  Microsoft Office 2007 supports creation of PDF/A files through <i>Save as PDF</i>, an add-on module.   Open Office introduced support for PDF/A in release 2.4 (in early 2008).</p>
			<p> Several commercial companies with products aimed at large enterprises, have produced products supporting the creation, migration, and validation of PDF/A files: Apago, Inc., Visioneer (for scanning paper to PDF/A), Callas Software, Compart Systemhaus, Luratech, Nuance, PDF Tools AG.  Many of these companies are based in Europe, where the growing requirements from the EU for use of digital formats that are formal (preferably ISO) standards has produced more market pressure than in the U.S.  Starting with version 0.93 (released in January 2007), the widely used open source FOP (Formatting Object Processor, based on the W3C's XSL-FO standard) from Apache, has support for the minimal PDF/A profile, PDF/A-1b.  Lists of supporting products are found at:</p>
			<ul>
				<li>
					<a href="http://www.aiim.org/Research-and-Publications/Standards/Articles/PDFA-Compliant-Products">http://www.aiim.org/Research-and-Publications/Standards/Articles/PDFA-Compliant-Products</a> from AIIM;</li>
				<li>
					<a href="http://www.pdfa.org/products/">http://www.pdfa.org/products/</a> from the PDF Association.</li>
			</ul>
			<p>The standards development process involved active participation on behalf of communities whose endorsement or adoption would create significant momentum for wider adoption in the sense of requirement or preference for PDF/A over generic PDF for archival deposit or submission. Important groups are government agencies and legislative and judicial institutions.  Adobe reported migration of legacy "report silos" at several (un-named) financial institutions at a meeting of the European DLM (Document Lifecycle Management) Forum in Helsinki in November 2006.  An increasing number of libraries and other archival institutions are recommending or requiring PDF/A.  For pragmatic reasons, when PDF/A is mandated, PDF/A-1b is usually acceptable.  Full PDF/A-1a compliance, with tagged document structure, is hard to achieve except in a workflow that anticipates that objective from initial document creation.  A few examples of libraries and archives recommending or mandating PDF/A are:  <a href="http://etd.vt.edu/howto/accept.html">Virginia Tech for electronic theses</a>; <a href="http://www.arkivverket.no/eng/Public-Sector/Regulations/Transfer-of-electronic-records">National Archives of Norway</a>; <a href="https://repositories.lib.utexas.edu/pages/recommended_formats">University of Texas Libraries for textual documents deposited in a digital repository</a>.  The United States Patent and Trademarks Office (USPTO) has requirements for PDFs that it accepts for electronic filing; the requirements are based on the PDF/A specification.  Documents conforming to PDF/A-1 meet the USPTO requirements.  As of March 2014, PDF/A-1 is a preferred format for textual documents, scanned text, presentations, and posters for <a href="http://www.archives.gov/records-mgmt/policy/transfer-guidance-tables.html">transfer of permanent electronic records to the U.S. National Archives</a>.  For scanned text, additional image quality guidance is given.</p>
			<p>According to an <a href="https://www.pacer.gov/announcements/general/pdfa.html">announcement</a> available on the PACER (Public Access to Court Electronic Records -- for U.S. Federal Courts) web site in February 2011, "The Judiciary is planning to change the technical standard for filing documents in the Case Management and Electronic Case Filing (CM/ECF) system from PDF to PDF/A."</p>
			<p>A list of entities recommending or requiring use of PDF/A was found at <a href="http://web.archive.org/web/20130502134821/http://www.adobe.com/enterprise/standards/pdfa/">http://www.adobe.com/enterprise/standards/pdfa/</a> from Adobe between 2010 and early 2013 (link now via Internet Archive at http://web.archive.org/web/20130502134821/http://www.adobe.com/enterprise/standards/pdfa/).  Another list of entities recommending or requiring use of PDF/A by 2011 is found at <a href="http://www.pdfa.org/2011/06/recommendations-for-pdfa/">http://www.pdfa.org/2011/06/recommendations-for-pdfa/</a> from the PDF Association, an alliance of vendors;</p>
		</fdd:adoption>
		<fdd:licensingAndPatents>
			<p>Adobe has a number of patents covering technology that is disclosed in the Portable Document Format (PDF) Specification, version 1.3 and later, and hence in the ISO 19005-1 specification by reference.  As an ISO standard, the compliance of ISO 19005-1 with the <a href="http://isotc.iso.org/livelink/livelink/fetch/2000/2122/3770791/Common_Policy.htm">ISO/IEC/ITU common patent policy</a> has been vetted.</p>
			<p>A summary of relevant information on the Adobe Web site in September 2010 (see <a href="http://partners.adobe.com/public/developer/support/topic_legal_notices.html">http://partners.adobe.com/public/developer/support/topic_legal_notices.html</a>) follows. </p>
			<p>To promote the use of PDF for information interchange the following patents are licensed by Adobe on a royalty-free, non-exclusive basis for the term of each patent for developing software that produces, consumes, and interprets PDF files : 5,634,064 (filed 1996-08-02, granted 1997-05-27); 5,737,599 (filed 1995-12-07, granted 1998-04-07); 5,781,785 (filed 1995-09-26, granted 1998-07-14); 5,819,301 (filed 1997-09-09, granted 1998-10-06); 6,028,583 (filed 1998-01-16, granted 2002-02-22); 6,289,364 (filed 1997-12-22, granted 2001-09-11); 6,421,460 (filed 1999-05-06, granted 2002-07-16).  Patent 5,860,074 (filed 1997-08-14, granted 1999-01-12) is similarly licensed on a royalty-free, non-exclusive basis for its term but only for the purpose of developing software that produces PDF files (thus specifically excluding software that consumes and/or interprets PDF files).</p>
			<p>In association with the adoption of PDF, version 1.7 as an ISO standard (ISO 32000-1:2008), Adobe issued a <a href="https://www.adobe.com/pdf/pdfs/ISO32000-1PublicPatentLicense.pdf">Public Patent License</a>, granting "every individual and organization in the world the royalty-free right, under all Essential
Claims that Adobe owns, to make, have made, use, sell, import and distribute Compliant
Implementations." </p>
		</fdd:licensingAndPatents>
		<fdd:transparency>Depends upon compliant software tools to read. Building tools requires sophistication. PDF/A does not permit encryption.</fdd:transparency>
		<fdd:selfDocumentation>Support for embedding any form of metadata for a document is extremely good.  Use of XMP is mandatory for basic descriptive and identifying metadata.  Other XMP metadata packages can be embedded.</fdd:selfDocumentation>
		<fdd:externalDependencies>PDF/A is constrained to avoid external dependencies.  All necessary fonts must be embedded.
		</fdd:externalDependencies>
		<fdd:techProtection>PDF/A does not permit encryption.</fdd:techProtection>
	</fdd:sustainabilityFactors>
	<fdd:qualityAndFunctionalityFactors>
		<fdd:textQF>
			<fdd:normalText>Good support is possible, but not guaranteed.  The PDF/A format does not preclude creating documents from scanned page images; such files do not necessarily support indexing of the document text or extraction of text for quotation.</fdd:normalText>
			<fdd:structure>The logical structure of a document is only represented in a PDF/A file if the creator or process during creation takes steps to incorporate structural tagging.  The PDF/A standard recommends the representation of structural hierarchy.</fdd:structure>
			<fdd:layout>PDF is designed to represent the layout of page-oriented documents.</fdd:layout>
			<fdd:mathDiag>Can be represented by embedded graphics.</fdd:mathDiag>
			<fdd:beyondText>Annotations may be embedded.  Bookmarks may be provided.</fdd:beyondText>
		</fdd:textQF>
	</fdd:qualityAndFunctionalityFactors>
	<fdd:fileTypeSignifiers>
		<fdd:signifiersGroup>
			<fdd:filenameExtension>
				<fdd:sigValues>
					<fdd:sigValue>pdf</fdd:sigValue>
				</fdd:sigValues>
				<fdd:note>The standard does not indicate that a different extension should be used to distinguish PDF from PDF/A.</fdd:note>
			</fdd:filenameExtension>
			<fdd:other>
				<fdd:tag>Indicator for profile, level, version, etc.</fdd:tag>
				<fdd:values>
					<fdd:sigValueNA>See note.</fdd:sigValueNA>
					<fdd:note>The standard specifies that the PDF/A version and conformance level of a file shall be specified using the PDF/A Identification extension schema defined in the standard.  This schema has two mandatory elements: pdfaid:part (integer) and pdfaid:conformance (closed list of text values).  A PDF-1 file should have the integer value 1 for pdfaid:part.</fdd:note>
				</fdd:values>
			</fdd:other>
		</fdd:signifiersGroup>
	</fdd:fileTypeSignifiers>
	<fdd:notes>
		<fdd:history>
			<p>Developed to address the issue that large bodies of official documents and important information are maintained in PDF, but that PDF is not suitable as an archival format. The Administrative Office of the U.S. Courts was a driving force in forming a U.S. Committee to initiate an ISO standard based on PDF. The activity has been under the joint auspices of AIIM and NPES (National Printing Equipment Suppliers). </p>
			<p>Part 2 of ISO 19005 (as of February 2011, approved as an ISO Final Draft International Standard) extends the capabilities of Part 1, described here.   The newer version is based on PDF version 1.7 (as defined in ISO 32000-1) rather than PDF version 1.4. </p>
		</fdd:history>
	</fdd:notes>
	<fdd:formatSpecifications>
		<fdd:urls>
			<fdd:url>
				<fdd:urlReference>
					<link>http://www.iso.org/iso/iso_catalogue/catalogue_tc/catalogue_detail.htm?csnumber=38920</link>
					<tag>ISO 19005-1:2005. Document management -- Electronic document file format for long-term preservation -- Part 1: Use of PDF 1.4 (PDF/A-1)</tag>
				</fdd:urlReference>
			</fdd:url>
		</fdd:urls>
		<fdd:citations>
			<fdd:citation>
				<fdd:bookReference>
					<bookRefDetail rel="aucorp">Adobe Systems Incorporated</bookRefDetail>.  <bookRefDetail rel="btitle">PDF Reference, Third Edition, Version 1.4.</bookRefDetail>  Addison-Wesley, <bookRefDetail rel="date">2001</bookRefDetail>. ISBN: <bookRefDetail rel="isbn">0-201-75839-3</bookRefDetail>.  Also available online as <a href="http://www.adobe.com/content/dam/Adobe/en/devnet/pdf/pdfs/pdf_reference_archives/PDFReference.pdf">http://www.adobe.com/content/dam/Adobe/en/devnet/pdf/pdfs/pdf_reference_archives/PDFReference.pdf</a>.</fdd:bookReference>
			</fdd:citation>
		</fdd:citations>
	</fdd:formatSpecifications>
	<fdd:usefulReferences>
		<fdd:urls>
			<fdd:url>
				<fdd:urlReference>
					<link>http://www.aiim.org/Research-and-Publications/Standards/Committees/PDFA</link>
					<tag>Old PDF-Archive Committee website</tag>
					<comment>Hosted at AIIM.</comment>
				</fdd:urlReference>
			</fdd:url>
			<fdd:url>
				<fdd:urlReference>
					<link>http://pdf.editme.com/PDFA</link>
					<tag>New website for PDF/A Committee</tag>
					<comment>Supported by AIIM.</comment>
				</fdd:urlReference>
			</fdd:url>
			<fdd:url>
				<fdd:urlReference>
					<link>http://www.aiim.org/documents/standards/19005-1_FAQ.PDF</link>
					<tag>ISO 19005-1 Frequently Asked Questions</tag>
					<comment>From AIIM.</comment>
				</fdd:urlReference>
			</fdd:url>
			<fdd:url>
				<fdd:urlReference>
					<link>http://www.pdfa.org/competence-centers/pdfa-competence-center/</link>
					<tag>PDF/A Competence Center (now part of PDF Association)</tag>
					<comment>The PDF Association is an alliance of vendors of products and services.  The PDF/A Competence Center supports the creation and use of PDF/A documents.</comment>
				</fdd:urlReference>
			</fdd:url>
			<fdd:url>
				<fdd:urlReference>
					<link>http://fclaweb.fcla.edu/content/pdfa-1</link>
					<tag> Florida Digital Archive file format details: PDF/A-1</tag>
					<comment>From Florida Center for Library Automation.  Includes Guidelines for Creating Archival Quality PDF Files</comment>
				</fdd:urlReference>
			</fdd:url>
			<fdd:url>
				<fdd:urlReference>
					<link>http://www.archives.gov/records-mgmt/policy/transfer-guidance-tables.html</link>
					<tag>NARA 2014-04: Appendix A,  Revised Format Guidance for the Transfer of Permanent Electronic Records – Tables of File Formats </tag>
					<comment>As of October 2015, PDF/A-1 is a preferred format for textual documents, scanned text, presentations, and posters.  For scanned text, additional image quality guidance is given.</comment>
				</fdd:urlReference>
			</fdd:url>
			<fdd:url>
				<fdd:urlReference>
					<link>http://www.dlmforum.eu/index.php/component/jdownloads/send/4-presentations/19-dlmhelsinki-marcstraat</link>
					<tag>Preserving documents into the future: PDF/A Update</tag>
					<comment>Presentation at the European Document Lifecycle Management (DLM) Forum in November 2006, by Marc Straat, Head of Standards Development Europe, Adobe Systems Europe Limited (www.aiimhost.com/DLM/DLMHelsinki_MarcStraat.pdf)</comment>
				</fdd:urlReference>
			</fdd:url>
			<fdd:url>
				<fdd:urlReference>
					<link>http://www.adobe.com/devnet/pdf/pdf_reference_archive.html</link>
					<tag>PDF Reference Archives</tag>
					<comment>Documentation for versions of PDF prior to the current version.  Includes access to errata and supplements.</comment>
				</fdd:urlReference>
			</fdd:url>
			<fdd:url>
				<fdd:urlGroup>
					<fdd:intro>Lists of software products supporting PDF/A and of entities recommending or mandating use of PDF/A:</fdd:intro>
					<fdd:urlList>
						<fdd:urlReference>
							<link>http://www.pdfa.org/products/</link>
							<tag>Products that support PDF/A, PDF/X, etc.</tag>
							<comment>From PDF Association (formerly PDF/A Competence Center)</comment>
						</fdd:urlReference>
						<fdd:urlReference>
							<link>http://www.pdfa.org/pdf-association/members/</link>
							<tag>Vendors of PDF/A-compliant products</tag>
							<comment>From PDF Association (formerly PDF/A Competence Center)</comment>
						</fdd:urlReference>
						<fdd:urlReference>
							<link>http://www.aiim.org/Research-and-Publications/Standards/Articles/PDFA-Compliant-Products</link>
							<tag>List of compliant applications compiled by AIIM</tag>
							<comment>Compliance is asserted by vendors, not independently tested.</comment>
						</fdd:urlReference>
						<fdd:urlReference>
							<link>http://www.pdfa.org/2011/06/recommendations-for-pdfa/</link>
							<tag>Recommendations for PDF/A</tag>
							<comment>June 2011 survey from PDF Association (formerly PDF/A Competence Center)</comment>
						</fdd:urlReference>
						<fdd:urlReference>
							<link>http://web.archive.org/web/20130502134821/http://www.adobe.com/enterprise/standards/pdfa/</link>
							<tag>Governments adopting PDF/A and PDF for official use</tag>
							<comment>Starting in 2010, Adobe listed governments adopting PDF/A or PDF as recommended, mandatory or acceptable. Link to early 2013 version from Internet Archive.</comment>
						</fdd:urlReference>
					</fdd:urlList>
				</fdd:urlGroup>
			</fdd:url>
		</fdd:urls>
	</fdd:usefulReferences>
</fdd:FDD>
