<?xml version="1.0" encoding="UTF-8"?>
<fdd:FDD id="fdd000029" titleName="PostScript Format Family" shortName="PostScript_family" xmlns:xsi="http://www.w3.org/2001/XMLSchema-instance" xmlns:fdd="http://www.loc.gov/preservation/digital/formats/schemas/fdd/v1" xsi:schemaLocation="http://www.loc.gov/preservation/digital/formats/schemas/fdd/v1 http://www.loc.gov/preservation/digital/formats/schemas/fdd/v1/fdd-v1-1.xsd">
	<fdd:properties>
		<fdd:gdfrGenreSelection>
			<fdd:gdfrGenreAndSubgenres>
				<fdd:gdfrGenre>text</fdd:gdfrGenre>
				<fdd:gdfrSubgenres>
					<fdd:gdfrSubgenre>still-image</fdd:gdfrSubgenre>
				</fdd:gdfrSubgenres>
			</fdd:gdfrGenreAndSubgenres>
		</fdd:gdfrGenreSelection>
		<fdd:formatCategories>
			<fdd:category>file-format</fdd:category>
			<fdd:category>encoding</fdd:category>
		</fdd:formatCategories>
		<fdd:gdfrComposition>unitary</fdd:gdfrComposition>
		<fdd:gdfrForm>text</fdd:gdfrForm>
		<fdd:gdfrConstraint>structured</fdd:gdfrConstraint>
		<fdd:gdfrBasis>symbolic</fdd:gdfrBasis>
		<fdd:updates>
			<fdd:date>2017-09-28</fdd:date>
		</fdd:updates>
		<fdd:draftStatus>Preliminary</fdd:draftStatus>
	</fdd:properties>
	<fdd:identificationAndDescription>
		<fdd:fullName>PostScript Format Family</fdd:fullName>
		<fdd:keywords>
			<fdd:keyword>programming languages</fdd:keyword>
			<fdd:keyword>document formats</fdd:keyword>
		</fdd:keywords>
		<fdd:description>
			<p>PostScript is primarily known as a page description language used in the electronic publishing and desktop publishing business.  However, it is also a general-purpose programming language with a focus on support for two-dimensional graphic design.  As a language, PostScript has a structure that supports efficient direct interpretation of the language at runtime rather than requiring a separate compilation stage before the code can be executed.  Soon after the release of the PostScript language by Adobe Systems Incorporated in 1984, Steve Jobs of Apple persuaded Adobe to adapt it to drive laser printers.  In March 1985, the Apple LaserWriter was the first printer to have an embedded interpreter for the PostScript language.  Many laser printers were based on PostScript through the 1990s.  The different aspects of PostScript are highlighted in the Basic Ideas chapter of the <a href="https://www.adobe.com/content/dam/acom/en/devnet/actionscript/articles/PLRM.pdf">PostScript Language Reference Manual</a>, &quot;Obtaining a complete understanding of the PostScript language
requires considering it from several points of view:</p>
			<ul>
				<li>As a general-purpose programming language with powerful built-in graphics
primitives</li>
				<li>As a page description language that includes programming features</li>
				<li>As an interactive system for controlling raster output devices (printers and
displays)</li>
				<li>As an application- and device-independent interchange format for page descriptions.&quot;</li>
			</ul>
			<p>This format description focuses on the fourth aspect of PostScript, as an interchange format.  The <a href="https://www.adobe.com/content/dam/acom/en/devnet/actionscript/articles/5001.DSC_Spec.pdf">PostScript Language Document Structuring Conventions Specification (DSC)</a> (originally published as Appendix G of the PostScript Language Reference Manual and later published separately) supports the use of PostScript as an application-independent file format for documents.  DSC provides conventions for exposing the structure of the file and its characteristics through PostScript comments, which begin with &quot;%&quot;.  A PostScript page-description file is recognized by its first line, which begins &quot;%!PS-Adobe-&quot; and continues with a version number.  Other DSC comment lines begin with two percent characters (&quot;%%&quot;) and a keyword.  Some keywords are followed immediately by a colon (&quot;:&quot;) and intended to convey options or arguments.  For example, each page should begin with &quot;%%Page:&quot; followed by two arguments, a page label and a sequential page number.  Such formalized comments provide an interoperable machine-readable mechanism to convey information to systems other than PostScript interpreters.</p>
			<p>The PostScript language is proprietary to Adobe, but fully documented in the PostScript Language Reference Manual, most recently in <a href="https://www.adobe.com/content/dam/acom/en/devnet/actionscript/articles/PLRM.pdf">version 3, published in 1999</a>.  Adobe staff have indicated in user forums, e.g., in <a href="https://printplanet.com/threads/postscript-verses-pdf.150/">PostScript verses PDF</a>, a thread starting in September 2007 in the PrintPlanet Forum, that Adobe has no intention of producing a fourth version of the language.  Enhancements to Adobe&apos;s imaging model, including support for layers and transparency, have been made to the PDF format and not to the PostScript language.  In most page-description contexts, members of the <fddLink id="fdd000030">PDF Format Family</fddLink> have superseded PostScript.  See <a href="https://web.archive.org/web/20160413212438/https://www.adobe.com/print/features/psvspdf/">PostScript vs. PDF</a> for an explanation from Adobe which states, &quot;When you hear people say that PDF is a &apos;replacement&apos; for PostScript, what they most likely mean is that PDF is a replacement for saved PostScript files and EPS files. PDF is not a replacement for the PostScript language or the PostScript processors that live inside of printers, imagesetters, and platesetters.&quot;</p>
			<p>The usual file extension for a PostScript document is .ps.  The PRONOM database at the UK National Archives identifies five chronological versions of .ps file, based on the DSC version declared in the first line of the file: versions 1.0, 2.0, 2.1, 3.0, 3.1.  Each version introduced a number of important structuring comments.</p>
			<p>A special subtype of PostScript file is an Encapsulated PostScript File (<fddLink id="fdd000246">EPS</fddLink>).  An EPS file employs the PostScript language to represent a single rectangular graphic.  As stated in the PostScript Language Reference Manual, &quot;An encapsulated PostScript (EPS) file is a PostScript program describing at most
a single page in a form that can be imported by other applications to embed
within a containing document.&quot;  An illustration encoded as an EPS file can be embedded in a PostScript document file.</p>
			<p>An additional use of PostScript is referred to as <a href="https://en.wikipedia.org/wiki/Display_PostScript">Display PostScript</a> (DPS).  DPS employed a graphics engine that uses the PostScript imaging model and language to generate on-screen graphics.  The NeXT computer used DPS throughout its history (1985-1997) and DPS ran on Unix workstations during the same period.</p>
		</fdd:description>
		<fdd:shortDescription>primarily a page description language used in the electronic publishing and desktop publishing business, but also a general-purpose programming language with a focus on support for two-dimensional graphic design.</fdd:shortDescription>
		<fdd:productionPhase>May be used as a final-state format for sending a document to a printer.  May be used as a middle-state format to transfer 2-D content from one application to another.  Since PostScript is a programming language, it can be used as an initial-state format by programmers who choose to define a diagram, or other illustration, using vector graphics directly.</fdd:productionPhase>
		<fdd:relationships>
			<fdd:relationship>
				<fdd:typeOfRelationship>Has subtype</fdd:typeOfRelationship>
				<fdd:comment>Various chronological versions of the PostScript (.ps) File format, not described separately on this site at this time.  See <a href="#useful">Useful References</a> below for links to PRONOM entries for five chronological versions.</fdd:comment>
			</fdd:relationship>
			<fdd:relationship>
				<fdd:typeOfRelationship>Has subtype</fdd:typeOfRelationship>
				<fdd:relatedTo>
					<fdd:id>fdd000246</fdd:id>
					<fdd:shortName>EPS_3</fdd:shortName>
					<fdd:titleName>Encapsulated PostScript (.eps), version 3.x</fdd:titleName>
				</fdd:relatedTo>
				<fdd:comment>Limited to a single rectangular &quot;page&quot; intended for a vector graphic illustration for placement in page-based documents in any format.</fdd:comment>
			</fdd:relationship>
			<fdd:relationship>
				<fdd:typeOfRelationship>Has subtype</fdd:typeOfRelationship>
				<fdd:comment>Other chronological versions of EPS, not described separately at this site.</fdd:comment>
			</fdd:relationship>
			<fdd:relationship>
				<fdd:typeOfRelationship>Has subtype</fdd:typeOfRelationship>
				<fdd:comment>Display Postscript, a variant of PostScript used to manage window display on NeXT and Unix workstation monitors in the 1980s and 1990s. Display Postscript is not described separately at this site. </fdd:comment>
			</fdd:relationship>
			<fdd:relationship>
				<fdd:typeOfRelationship>May contain</fdd:typeOfRelationship>
				<fdd:relatedTo>
					<fdd:id>fdd000246</fdd:id>
					<fdd:shortName>EPS_3</fdd:shortName>
					<fdd:titleName>Encapsulated PostScript (.eps), version 3.x</fdd:titleName>
				</fdd:relatedTo>
				<fdd:comment>A PostScript document file may incorporate an embedded illustration in EPS format.</fdd:comment>
			</fdd:relationship>
		</fdd:relationships>
	</fdd:identificationAndDescription>
	<fdd:localUse>
		<fdd:experience>The Library of Congress has a few Encapsulated PostScript (<fddLink id="fdd000246">EPS</fddLink>) files in its collections, acquired by the Prints and Photographs division in association with other content.  The Library is not aware of any PostScript files for textual materials in its collections.</fdd:experience>
		<fdd:preference>The Library of Congress Recommended Formats Statement (RFS) includes EPS as a preferred format for <a href="https://www.loc.gov/preservation/resources/rfs/stillimg.html">vector graphic images</a> and an acceptable format for <a href="https://www.loc.gov/preservation/resources/rfs/stillimg.html">raster</a> images. For page-layout formats for <a href="https://www.loc.gov/preservation/resources/rfs/text.html#digital">textual documents</a>, high-quality PDFs (particularly PDF/UA and PDF/A) are preferred.</fdd:preference>
	</fdd:localUse>
	<fdd:sustainabilityFactors>
		<fdd:disclosure>
			<p>PostScript is a proprietary but publicly documented programming language and page-description language from Adobe Systems Incorporated.</p>
		</fdd:disclosure>
		<fdd:documentation>
			<p>The latest version of the language specification is <a href="https://www.adobe.com/content/dam/acom/en/devnet/actionscript/articles/PLRM.pdf">PostScript Language Reference, Third Edition</a>, published in 1999.  This manual makes clear which PostScript operators and features were added in which version (aka Language Level).  The previous version, <a href="https://www.adobe.com/content/dam/acom/en/devnet/actionscript/articles/psrefman.pdf">PostScript Language Reference, Second Edition</a> was published in 1990.  This manual included a description of Display Postscript, omitted in the the third edition.</p>
			<p>The latest published edition, version 3.0, of the <a href="http://www.lprng.com/RESOURCES/ADOBE/5001.DSC_Spec.pdf">Document Structuring Conventions Specification</a> was published in 1992 as Technical Note #5001.   This was current as of 1999, when the third edition of the PostScript Language Reference was published.  This manual identifies which structuring comments were introduced in this and earlier versions.  The <a href="https://www.adobe.com/devnet/postscript.html">PostScript Technology Center</a> provides access to these and other documents supporting use of PostScript.</p>
		</fdd:documentation>
		<fdd:adoption>
			<p>PostScript has been widely used in commercial printing systems since the mid-1980s.  Laser printers used with personal computers almost always employed PostScript through the 1990s.  The <a href="https://en.wikipedia.org/wiki/PostScript">Wikipedia entry for PostScript</a>, indicates, &quot;By 2001, few lower-end printer models came with support for PostScript, largely due to growing competition from much cheaper non-PostScript ink jet printers, and new software-based methods to render PostScript images on the computer, making them suitable for any printer; PDF, a descendant of PostScript, provides one such method, and has largely replaced PostScript as de facto standard for electronic document distribution.&quot;  In 2017, the Macintosh operating system has built-in support for rendering PostScript files in the Preview application, and for saving print output as a PostScript file.  For Windows, Microsoft supplies the <a href="https://docs.microsoft.com/en-us/windows-hardware/drivers/print/microsoft-postscript-printer-driver">Microsoft PostScript Printer Driver</a> but this driver is not shipped with Windows by default.</p>
			<p>The use of PostScript as an interchange format for documents has been most common for scientific articles.  See the explanation of <a href="https://arxiv.org/help/psvariants">PostScript Variants</a> available as output from the arXiv repository of physics preprints.  In most contexts, direct use of PostScript as an interchange format for documents has been superseded by use of PDF.</p>
			<p>A key resource that supported the use and adoption of PostScript is <a href="https://www.ghostscript.com/">Ghostscript</a>, an interpreter for the PostScript language.  According to the <a href="https://en.wikipedia.org/wiki/Ghostscript#History">Wikipedia entry on Ghostscript</a>, Ghostscript was originally written by L. Peter Deutsch for the GNU Project (an early example of a large-scale collaborative effort for building free software), and released under the GNU General Public License in 1986.  Among other functions, Ghostscript can be used as a raster image processor (RIP) for converting PostScript page descriptions for transmission to raster printers without embedded PostScript support.  Ghostscript can also be used to convert PostScript documents to PDF.  Ghostscript was ported to many operating systems, including Unix-like systems, classic Mac OS, OpenVMS, Plan 9, MS-DOS, FreeDOS, OS/2, Atari TOS, AmigaOS, and Microsoft Windows.</p>
			<p>
				<a href="http://www.inkguides.com/postscript.asp">Page Description Languages | PostScript</a> lists many resources related to PostScript, including software tools.  An important tool is <a href="https://en.wikipedia.org/wiki/Adobe_Distiller">Adobe Acrobat Distiller</a>, which can <a href="https://helpx.adobe.com/acrobat/using/creating-pdfs-acrobat-distiller.html">convert PostScript documents to PDF</a>.  The <a href="https://en.wikipedia.org/wiki/Encapsulated_PostScript">Wikipedia entry for Encapsulated PostScript (EPS)</a> lists applications that support EPS.</p>
		</fdd:adoption>
		<fdd:licensingAndPatents>
			<p>There appear to be no licensing problems associated with creating or editing PostScript files.  However, in practice, use of a PostScript interpreter, usually embedded in a software application or printer system, is essential for display, printing, or other use.  Adobe embeds a PostScript interpreter into its own products and has made a PostScript Software Development Kit as well as a print engine available for license by commercial partners.  <a href="https://www.ghostscript.com/">GhostScript</a> has been available since 1986 as an open source PostScript interpreter, but in 2017, commercial distribution requires a license, according to the <a href="https://en.wikipedia.org/wiki/Ghostscript#History">Wikipedia entry for GhostScript</a>.</p>
		</fdd:licensingAndPatents>
		<fdd:transparency>
			<p>In common with other programming languages, PostScript files are plain text files.  It is readable by humans.  However, since PostScript is a fully functional programming language, and can be used to describe graphics in very complex ways, in practice, a PostScript interpreter is essential to render the file for viewing.</p>
		</fdd:transparency>
		<fdd:selfDocumentation>
			<p>Certain pre-defined metadata elements can be supplied as PostScript comments, as specified in <a href="https://www.adobe.com/content/dam/acom/en/devnet/actionscript/articles/5001.DSC_Spec.pdf">DSC (PostScript Language Document Structuring Conventions Specifications)</a>.  These are intended primarily for use by PostScript printing applications to manage workflow.  Three of the elements provide contextual metadata of broader use: %%Creator, to identify the creating application; %%Title, for a text title for the document; %%CreationDate, for a text date (in no particular form).</p>
			<p>Neither the PostScript language nor the DSC specification provides a standard mechanism for incorporating rich descriptive or contextual metadata in an externally specified format.</p>
		</fdd:selfDocumentation>
		<fdd:externalDependencies>None</fdd:externalDependencies>
		<fdd:techProtection>The PostScript language provides no built-in support for encryption or other form of technical protection.</fdd:techProtection>
	</fdd:sustainabilityFactors>
	<fdd:qualityAndFunctionalityFactors>
		<fdd:stillImageQF>
			<fdd:normalImage>Good support for panning, zooming, and printing.  No support for layers or transparency.</fdd:normalImage>
			<fdd:clarity>Scalable.</fdd:clarity>
			<fdd:colorMaint>PostScript provides rich support for defining colorspaces and using CIE-defined colorspaces, including operations for switching between colorspaces as the image is drawn. PostScript does not support the use of ICC Profiles.</fdd:colorMaint>
			<fdd:graphics>Rich support for vector graphics. The power and the flexibility of the PostScript language has been exploited in software for freehand illustration, for diagrams and charts, and for creative use of typography.</fdd:graphics>
			<fdd:multispectral>Not applicable.</fdd:multispectral>
		</fdd:stillImageQF>
		<fdd:textQF>
			<fdd:normalText>PostScript is designed for preparing page-oriented documents for printing. Scaling, zooming, printing are expected functionalities for PostScript viewers. Indexing the full text content of a PostScript document cannot be guaranteed.</fdd:normalText>
			<fdd:structure>PostScript only represents positions of characters on the page.  There is no encoding of document structure such as paragraphs and headings.</fdd:structure>
			<fdd:layout>PostScript is designed to represent the layout of page-oriented documents.</fdd:layout>
			<fdd:mathDiag>Can be represented by graphics.</fdd:mathDiag>
		</fdd:textQF>
	</fdd:qualityAndFunctionalityFactors>
	<fdd:fileTypeSignifiers>
		<fdd:signifiersGroup>
			<fdd:filenameExtension>
				<fdd:sigValues>
					<fdd:sigValue>ps</fdd:sigValue>
				</fdd:sigValues>
			</fdd:filenameExtension>
			<fdd:internetMediaType>
				<fdd:sigValues>
					<fdd:sigValue>application/postscript</fdd:sigValue>
				</fdd:sigValues>
				<fdd:note>Used as an example in <a href="https://tools.ietf.org/html/rfc2046">RFC 2046: Multipurpose Internet Mail Extensions
(MIME) | Part Two: Media Types</a> (alternative link <a href="https://www.ietf.org/rfc/rfc2046.txt">RFC 2046</a>).  RFC 2046 was published in 1996.</fdd:note>
			</fdd:internetMediaType>
			<fdd:other>
				<fdd:tag>Pronom PUID</fdd:tag>
				<fdd:values>
					<fdd:sigValues>
						<fdd:sigValue>x-fmt/91</fdd:sigValue>
					</fdd:sigValues>
					<fdd:note>For PostScript complying with Document Structuring Conventions (DSC) 1.0  See <a href="https://www.nationalarchives.gov.uk/PRONOM/x-fmt/91">https://www.nationalarchives.gov.uk/PRONOM/x-fmt/91</a>.</fdd:note>
				</fdd:values>
			</fdd:other>
			<fdd:other>
				<fdd:tag>Pronom PUID</fdd:tag>
				<fdd:values>
					<fdd:sigValues>
						<fdd:sigValue>x-fmt/406</fdd:sigValue>
					</fdd:sigValues>
					<fdd:note>For PostScript complying with Document Structuring Conventions (DSC) 2.0  See <a href="https://www.nationalarchives.gov.uk/PRONOM/x-fmt/406">https://www.nationalarchives.gov.uk/PRONOM/x-fmt/406</a>.</fdd:note>
				</fdd:values>
			</fdd:other>
			<fdd:other>
				<fdd:tag>Pronom PUID</fdd:tag>
				<fdd:values>
					<fdd:sigValues>
						<fdd:sigValue>x-fmt/407</fdd:sigValue>
					</fdd:sigValues>
					<fdd:note>For PostScript complying with Document Structuring Conventions (DSC) 2.1  See <a href="https://www.nationalarchives.gov.uk/PRONOM/x-fmt/407">https://www.nationalarchives.gov.uk/PRONOM/x-fmt/407</a>.</fdd:note>
				</fdd:values>
			</fdd:other>
			<fdd:other>
				<fdd:tag>Pronom PUID</fdd:tag>
				<fdd:values>
					<fdd:sigValues>
						<fdd:sigValue>x-fmt/408</fdd:sigValue>
					</fdd:sigValues>
					<fdd:note>For PostScript complying with Document Structuring Conventions (DSC) 3.0  See <a href="https://www.nationalarchives.gov.uk/PRONOM/x-fmt/408">https://www.nationalarchives.gov.uk/PRONOM/x-fmt/408</a>.</fdd:note>
				</fdd:values>
			</fdd:other>
			<fdd:other>
				<fdd:tag>Pronom PUID</fdd:tag>
				<fdd:values>
					<fdd:sigValues>
						<fdd:sigValue>fmt/501</fdd:sigValue>
					</fdd:sigValues>
					<fdd:note>For PostScript complying with Document Structuring Conventions (DSC) 3.1.  See <a href="https://www.nationalarchives.gov.uk/PRONOM/fmt/501">https://www.nationalarchives.gov.uk/PRONOM/fmt/501</a>.</fdd:note>
				</fdd:values>
			</fdd:other>
			<fdd:other>
				<fdd:tag>Pronom PUID</fdd:tag>
				<fdd:values>
					<fdd:sigValues>
						<fdd:sigValue>fmt/124</fdd:sigValue>
					</fdd:sigValues>
					<fdd:note>For Encapsulated PostScript (EPS) version 3.0.  See <a href="https://www.nationalarchives.gov.uk/PRONOM/fmt/124">https://www.nationalarchives.gov.uk/PRONOM/fmt/124</a>.</fdd:note>
				</fdd:values>
			</fdd:other>
			<fdd:other>
				<fdd:tag>Pronom PUID</fdd:tag>
				<fdd:values>
					<fdd:sigValues>
						<fdd:sigValue>fmt/123</fdd:sigValue>
					</fdd:sigValues>
					<fdd:note>For Encapsulated PostScript (EPS) version 2.0.  See <a href="https://www.nationalarchives.gov.uk/PRONOM/fmt/123">https://www.nationalarchives.gov.uk/PRONOM/fmt/123</a>.</fdd:note>
				</fdd:values>
			</fdd:other>
			<fdd:other>
				<fdd:tag>Pronom PUID</fdd:tag>
				<fdd:values>
					<fdd:sigValues>
						<fdd:sigValue>fmt/122</fdd:sigValue>
					</fdd:sigValues>
					<fdd:note>For Encapsulated PostScript (EPS) version 1.2.  See <a href="https://www.nationalarchives.gov.uk/PRONOM/fmt/122">https://www.nationalarchives.gov.uk/PRONOM/fmt/122</a>.</fdd:note>
				</fdd:values>
			</fdd:other>
			<fdd:other>
				<fdd:tag>Wikidata Title ID</fdd:tag>
				<fdd:values>
					<fdd:sigValues>
						<fdd:sigValue>Q218170</fdd:sigValue>
					</fdd:sigValues>
					<fdd:note>See <a href="https://www.wikidata.org/wiki/Q218170">https://www.wikidata.org/wiki/Q218170</a>.</fdd:note>
				</fdd:values>
			</fdd:other>
		</fdd:signifiersGroup>
	</fdd:fileTypeSignifiers>
	<fdd:notes>
		<fdd:general>
			<p>An important characteristic of the PostScript language and a key reason for its adoption for desktop publishing was its innovative capability for handling fonts. As stated in <a href="https://helpx.adobe.com/fonts/using/adobe-type-resources-faq.html">Adobe&apos;s Adobe Type and type technology resources page</a>, &quot;Type 1 fonts are a specialized form of PostScript program and are the original file format used for type display on all PostScript printers. The PostScript language was later extended to provide support for the later TrueType and OpenType font standards. Any new Adobe PostScript language device made today supports all three font standards.&quot;</p>
			<p>As a programming language, PostScript is <a href="https://en.wikipedia.org/wiki/Concatenative_programming_language">concatenative</a> and <a href="https://en.wikipedia.org/wiki/Stack-oriented_programming_language">stack-oriented</a>.  The Wikipedia article on <a href="">stack-oriented programming language</a> includes some examples of PostScript code.  <a href="https://people.sc.fsu.edu/~jburkardt/data/ps/ps.html">PS Files the PostScript format for Graphics and Text</a> provides examples of PostScript together with corresponding bitmapped representations.</p>
			<p>Although PostScript is not usually used as a general-purpose programming language, it has been used for complex mathematical computations.  The TeX community has a collection of macros known as <a href="https://en.wikipedia.org/wiki/PSTricks">PSTricks</a>, which are routines written in PostScript that can be embedded in TeX documents.  One example is <a href="https://www.ctan.org/tex-archive/graphics/pstricks/contrib/pst-ode?lang=en">PST-ODE</a>, a module for solving initial value problems for sets of ordinary
differential equations.</p>
			<p>Version 3.0 of DSC provided an extension mechanism, known as Open Structuring Conventions, using a registry for comment prefixes that could be applied for by vendors.  The compilers of this resource are not aware of the level of use of this feature.  <a href="../contact_format.shtml">Comments welcome.</a>
			</p>
			<p>A Jan 2017 post from The Register, <a href="https://www.theregister.com/2017/01/31/postscript_bug/">We don&apos;t want to alarm you, but PostScript makes your printer an attack vector</a>, publicizes the vulnerability of networked PostScript printers.  The potential for damaging exploits based on communication between computers and PostScript printers has been understood for years, but was not a serious threat before PostScript printers were networked and accessible over the Internet.  See also <a href="http://hacking-printers.net/wiki/index.php/PostScript">PostScript page from Hacking Printers</a>.</p>
		</fdd:general>
		<fdd:history>
			<p>Introduced in 1985, the PostScript language has been extended twice to adapt to new
imaging technologies and system environments. While these extensions introduced significant new functionality and flexibility to the language, the basic
imaging model remains unchanged. 
The result is an organization into three Language Levels: Level 1 (the 1985 version); Level 2 (1990); and Level 3 (1999).  Each Language Level
encompasses all features of previous Language Levels as well as new features. Thus, for example, a feature identified in the reference manual as included in &quot;Language Level 2&quot; is
expected to be available in all Language Level 3 implementations as well.</p>
			<p>More detail is provided in <a href="https://www.prepressure.com/postscript/basics/history">The history of PostScript</a> from Prepressure.com and <a href="http://rgbcmyk.com.ar/en/history-of-postscript/">History of PostScript</a> from <i>rgbcmyk</i>, a blog by Eduardo Garcia on digital imagery and its representation.</p>
			<p>In a discussion thread on <a href="https://printplanet.com/threads/postscript-verses-pdf.150/">PostScript verses PDF</a> starting in September 2007 in the PrintPlanet Forum, Dov Isaacs of Adobe said, &quot; there is not a PostScript Language Level 4 sitting on disk somewhere waiting for marketing to give a signal. Beginning with PDF 1.4, all additions to the Adobe imaging model went into PDF and not PostScript.  To be very clear, Adobe will continue to license PostScript technology through our EOM partners as long as there is a demand for it from their customers. We will also continue support a gateway from PostScript to PDF via our Distiller technology in Acrobat. Adobe will continue to support EPS as a &apos;legacy&apos; graphics format for import of non-color managed, opaque graphical data into Adobe applications (such as InDesign and Illustrator). Although we certain do not recommend that new graphical content be stored in EPS format (except to satisfy the need to import data into page layout programs that aren&apos;t quite PDF-centric -- no need to mention names here!), our user base should feel comfortable that there is no need to worry about a need to convert their very sizable libraries of EPS-based graphic assets.&quot;</p>
		</fdd:history>
	</fdd:notes>
	<fdd:formatSpecifications>
		<fdd:urls>
			<fdd:url>
				<fdd:urlReference>
					<link>https://www.adobe.com/content/dam/acom/en/devnet/actionscript/articles/PLRM.pdf</link>
					<tag>PostScript Language Reference, Third Edition. 1999</tag>
					<comment>Published by Addison-Wesley, ISBN 0-201-37922-8</comment>
				</fdd:urlReference>
			</fdd:url>
			<fdd:url>
				<fdd:urlReference>
					<link>https://www.adobe.com/content/dam/acom/en/devnet/actionscript/articles/psrefman.pdf</link>
					<tag>PostScript Language Reference, Second Edition.  December 1990.</tag>
					<comment>Includes description of &quot;Display PostScript&quot; that does not appear in Third Edition.</comment>
				</fdd:urlReference>
			</fdd:url>
			<fdd:url>
				<fdd:urlReference>
					<link>https://www.adobe.com/content/dam/acom/en/devnet/actionscript/articles/5001.DSC_Spec.pdf</link>
					<tag>PostScript Language: Document Structuring Conventions Specification</tag>
					<comment>This supplement to the PostScript Language Reference provides conventions supporting the use of PostScript files for document interchange.</comment>
				</fdd:urlReference>
			</fdd:url>
			<fdd:url>
				<fdd:urlReference>
					<link>https://www.adobe.com/devnet/postscript.html</link>
					<tag>Adobe Developer Network | PostScript Technology Center</tag>
				</fdd:urlReference>
			</fdd:url>
			<fdd:url>
				<fdd:urlReference>
					<link>https://web.archive.org/web/20161123033320/http://partners.adobe.com/public/developer/ps/index_specs.html</link>
					<tag>Adobe PostScript language specifications | for developers</tag>
					<comment>An earlier URL for the key PostScript documentation, via Internet Archive</comment>
				</fdd:urlReference>
			</fdd:url>
		</fdd:urls>
	</fdd:formatSpecifications>
	<fdd:usefulReferences>
		<fdd:urls>
			<fdd:url>
				<fdd:urlReference>
					<link>https://en.wikipedia.org/wiki/PostScript</link>
					<tag>Wikipedia entry for PostScript</tag>
				</fdd:urlReference>
			</fdd:url>
			<fdd:url>
				<fdd:urlReference>
					<link>https://en.wikipedia.org/wiki/Document_Structuring_Conventions</link>
					<tag>Wikipedia entry for Document Structuring Conventions</tag>
				</fdd:urlReference>
			</fdd:url>
			<fdd:url>
				<fdd:urlReference>
					<link>https://en.wikipedia.org/wiki/Display_PostScript</link>
					<tag>Wikipedia entry for Display PostScript</tag>
				</fdd:urlReference>
			</fdd:url>
			<fdd:url>
				<fdd:urlReference>
					<link>https://en.wikipedia.org/wiki/GhostScript</link>
					<tag>Wikipedia entry for GhostScript</tag>
				</fdd:urlReference>
			</fdd:url>
			<fdd:url>
				<fdd:urlReference>
					<link>https://en.wikibooks.org/wiki/PostScript_FAQ</link>
					<tag>PostScript FAQ from WikiBooks</tag>
				</fdd:urlReference>
			</fdd:url>
			<fdd:url>
				<fdd:urlReference>
					<link>http://paulbourke.net/dataformats/postscript/</link>
					<tag>PostScript Tutorial by Paul Bourke.  </tag>
					<comment>Original November 1990. Updated December 1998</comment>
				</fdd:urlReference>
			</fdd:url>
			<fdd:url>
				<fdd:urlReference>
					<link>http://www.tailrecursive.org/postscript/postscript.html</link>
					<tag>A First Guide to PostScript by
Peter Weingartner.
24 February, 2006 (Fifth Edition)</tag>
					<comment>Intended as a simple introduction to programming in the PostScript page description language.</comment>
				</fdd:urlReference>
			</fdd:url>
			<fdd:url>
				<fdd:urlReference>
					<link>https://w3-o.cs.hm.edu/~ruckert/compiler/ThinkingInPostScript.pdf</link>
					<tag>Thinking in PostScript.  Glenn Reid (1990). </tag>
				</fdd:urlReference>
			</fdd:url>
			<fdd:url>
				<fdd:urlReference>
					<link>https://w3-o.cs.hm.edu/~ruckert/compiler/</link>
					<tag>CSC/CPE 430 Programming Languages I   (Prof. Dr. Martin Ruckert,
Hochschule München)
</tag>
					<comment>Outline for course.  Includes links to resources for PostScript.</comment>
				</fdd:urlReference>
			</fdd:url>
			<fdd:url>
				<fdd:urlReference>
					<link>https://staff.science.uva.nl/a.j.p.heck/Courses/Mastercourse2005/tutorial.pdf</link>
					<tag>Learning PostScript by Doing.  André Heck.  2005</tag>
				</fdd:urlReference>
			</fdd:url>
			<fdd:url>
				<fdd:urlReference>
					<link>https://www3.nd.edu/~jsherman/portfolio/PSforD/PSforD.pdf</link>
					<tag>Taking Advantage of PostScript.  John F. Sherman, 1991</tag>
				</fdd:urlReference>
			</fdd:url>
			<fdd:url>
				<fdd:urlReference>
					<link>https://sus.ziti.uni-heidelberg.de/Lehre/WS1617_Tools/POSTSCRIPT/PostScript_PeterFischer.pptx.pdf</link>
					<tag>A short introduction to PostScript.  Peter Fischer </tag>
					<comment>States that program file  MUST start with &apos;%!PS&apos; and that if this is forgotten, most printers will output (a lot of) ASCII stuff </comment>
				</fdd:urlReference>
			</fdd:url>
			<fdd:url>
				<fdd:urlReference>
					<link>https://web.archive.org/web/20160413212438/https://www.adobe.com/print/features/psvspdf/</link>
					<tag>PostScript vs. PDF:  	
Why do we offer two printing technologies? How do they differ?</tag>
					<comment>By David Evans.</comment>
				</fdd:urlReference>
			</fdd:url>
			<fdd:url>
				<fdd:urlReference>
					<link>https://mirrors.ctan.org/graphics/pstricks/contrib/pst-ode/pst-ode-doc.pdf</link>
					<tag>PSTricks
pst-ode | A TeX package for solving initial value problems for sets of Ordinary
Differential Equations (ODE), v0.10</tag>
				</fdd:urlReference>
			</fdd:url>
			<fdd:url>
				<fdd:urlReference>
					<link>https://web.archive.org/web/19980426111935/http://www.adobe.com/supportservice/devrelations/technotes.html</link>
					<tag>Adobe&apos;s Technical Notes for Developers (as of April 1998)</tag>
				</fdd:urlReference>
			</fdd:url>
			<fdd:url>
				<fdd:urlReference>
					<link>https://helpx.adobe.com/fonts/using/adobe-type-resources-faq.html</link>
					<tag>Adobe Type and type technology resources</tag>
				</fdd:urlReference>
			</fdd:url>
			<fdd:url>
				<fdd:urlReference>
					<link>https://web.archive.org/web/20070101035736/https://www.adobe.com/print/features/psvspdf/</link>
					<tag>Explanation by Adobe of difference between PostScript and PDF. 2006</tag>
				</fdd:urlReference>
			</fdd:url>
			<fdd:url>
				<fdd:urlReference>
					<link>https://web.archive.org/web/19970624195737/http://www.adobe.com/supportservice/devrelations/PDFS/TN/5085.Redbook_Errata.pdf</link>
					<tag>1995 list of updates to PostScript Language Reference Manual, Second Edition</tag>
				</fdd:urlReference>
			</fdd:url>
			<fdd:url>
				<fdd:urlReference>
					<link>https://people.sc.fsu.edu/~jburkardt/data/ps/ps.html</link>
					<tag>Sample PostScript files</tag>
				</fdd:urlReference>
			</fdd:url>
			<fdd:url>
				<fdd:urlReference>
					<link>https://docs.microsoft.com/en-us/windows-hardware/drivers/print/microsoft-postscript-printer-driver</link>
					<tag>Microsoft PostScript Printer Driver</tag>
					<comment>This driver, available for download, does not appear to be shipped in regular Windows distributions.</comment>
				</fdd:urlReference>
			</fdd:url>
			<fdd:url>
				<fdd:urlReference>
					<link>https://arxiv.org/help/psvariants</link>
					<tag>PostScript Variants | output options for papers in arXiv.org</tag>
				</fdd:urlReference>
			</fdd:url>
			<fdd:url>
				<fdd:urlReference>
					<link>https://pdf-aktuell.ch/pa/language/en/adobe-postscript-3-specification-is-20-years-old/</link>
					<tag>Adobe PostScript 3 specification
is 20 years old | blog post from PDF-Aktuell  (February 2019)</tag>
				</fdd:urlReference>
			</fdd:url>
			<fdd:url>
				<fdd:urlGroup>
					<fdd:intro>PRONOM provides records for chronological variants of the PostScript language:</fdd:intro>
					<fdd:urlList>
						<fdd:urlReference>
							<link>https://www.nationalarchives.gov.uk/PRONOM/x-fmt/91</link>
							<tag>PRONOM entry for x-fmt/91</tag>
							<comment>For PostScript files complying with Document Structuring Conventions (DSC) version 1.0</comment>
						</fdd:urlReference>
						<fdd:urlReference>
							<link>https://www.nationalarchives.gov.uk/PRONOM/x-fmt/406</link>
							<tag>PRONOM entry for x-fmt/406</tag>
							<comment>For PostScript files complying with Document Structuring Conventions (DSC) version 2.0</comment>
						</fdd:urlReference>
						<fdd:urlReference>
							<link>https://www.nationalarchives.gov.uk/PRONOM/x-fmt/407</link>
							<tag>PRONOM entry for x-fmt/407</tag>
							<comment>For PostScript files complying with Document Structuring Conventions (DSC) version 2.1</comment>
						</fdd:urlReference>
						<fdd:urlReference>
							<link>https://www.nationalarchives.gov.uk/PRONOM/x-fmt/408</link>
							<tag>PRONOM entry for x-fmt/408</tag>
							<comment>For PostScript files complying with Document Structuring Conventions (DSC) version 3.0</comment>
						</fdd:urlReference>
						<fdd:urlReference>
							<link>https://www.nationalarchives.gov.uk/PRONOM/fmt/501</link>
							<tag>PRONOM entry for fmt/501</tag>
							<comment>For PostScript files complying with Document Structuring Conventions (DSC) version 3.1</comment>
						</fdd:urlReference>
					</fdd:urlList>
				</fdd:urlGroup>
			</fdd:url>
			<fdd:url>
				<fdd:urlGroup>
					<fdd:intro>For PRONOM entries for versions of the Encapsulated PostScript (EPS) file format, see <fddLink id="fdd000246">EPS_3</fddLink>.</fdd:intro>
				</fdd:urlGroup>
			</fdd:url>
			<fdd:url>
				<fdd:urlReference>
					<link>https://www.wikidata.org/wiki/Q218170</link>
					<tag> Information in Wikidata about PostScript document files. Wikidata Title ID: Q218170</tag>
				</fdd:urlReference>
			</fdd:url>
			<fdd:url>
				<fdd:urlGroup>
					<fdd:intro>Useful histories of PostScript are available from two sources of extensive information about EPS, PostScript, PDF, and their history.</fdd:intro>
					<fdd:urlList>
						<fdd:urlReference>
							<link>https://www.prepressure.com/postscript/basics/history</link>
							<tag>The History of PostScript | from Prepressure.com</tag>
							<comment>This site has extensive information about pre-press and printing technology, including PostScript, EPS, and PDF.</comment>
						</fdd:urlReference>
						<fdd:urlReference>
							<link>http://rgbcmyk.com.ar/en/history-of-postscript/</link>
							<tag>History of PostScript | from rgbcmyk blog</tag>
							<comment>This blog has a number of very readable posts on history and mathematics related to digital images</comment>
						</fdd:urlReference>
					</fdd:urlList>
				</fdd:urlGroup>
			</fdd:url>
			<fdd:url>
				<fdd:urlReference>
					<link>https://printplanet.com/threads/postscript-verses-pdf.150/</link>
					<tag>PostScript verses [sic] PDF | September 2007 thread on PrintPlanet forum.</tag>
					<comment>Includes response from Dov Isaacs of Adobe, stating that no future development of PostScript was planned, but that Adobe&apos;s PostScript technology would continue to be available for license. </comment>
				</fdd:urlReference>
			</fdd:url>
			<fdd:url>
				<fdd:urlGroup>
					<fdd:intro>In recent years, security threats associated with PostScript printers when attached to the Internet have emerged.</fdd:intro>
					<fdd:urlList>
						<fdd:urlReference>
							<link>http://hacking-printers.net/wiki/index.php/PostScript</link>
							<tag>Hacking Printers | PostScript</tag>
							<comment>Describes a security threat for PostScript printers, based on PostScript capabilities.  This vulnerability has been understood in theory for some time, but is more real now that many printers are networked. </comment>
						</fdd:urlReference>
						<fdd:urlReference>
							<link>https://www.theregister.com/2017/01/31/postscript_bug/</link>
							<tag>We don&apos;t want to alarm you, but PostScript makes your printer an attack vector | 31 Jan 2017 post from The Register</tag>
							<comment>The Register is an online technology publication based in the UK, published daily since 1998.</comment>
						</fdd:urlReference>
					</fdd:urlList>
				</fdd:urlGroup>
			</fdd:url>
		</fdd:urls>
	</fdd:usefulReferences>
</fdd:FDD>
