<?xml version="1.0" encoding="UTF-8"?>
<fdd:FDD id="fdd000081" titleName="MPEG-4, Advanced Video Coding (Part 10) (H.264)" shortName="MPEG-4_AVC" xmlns:xsi="http://www.w3.org/2001/XMLSchema-instance" xmlns:fdd="http://www.loc.gov/preservation/digital/formats/schemas/fdd/v1" xsi:schemaLocation="http://www.loc.gov/preservation/digital/formats/schemas/fdd/v1 http://www.loc.gov/preservation/digital/formats/schemas/fdd/v1/fdd-v1-2.xsd">
	<fdd:properties>
		<fdd:gdfrGenreSelection>
			<fdd:gdfrGenre>moving-image</fdd:gdfrGenre>
		</fdd:gdfrGenreSelection>
		<fdd:formatCategories>
			<fdd:category>encoding</fdd:category>
		</fdd:formatCategories>
		<fdd:gdfrComposition>unitary</fdd:gdfrComposition>
		<fdd:gdfrForm>binary</fdd:gdfrForm>
		<fdd:gdfrBasis>sampled</fdd:gdfrBasis>
		<fdd:updates>
			<fdd:date>2011-12-05</fdd:date>
		</fdd:updates>
		<fdd:draftStatus>Full</fdd:draftStatus>
	</fdd:properties>
	<fdd:identificationAndDescription>
		<fdd:fullName>ISO/IEC 14496-10:2003.  Information technology -- Coding of audio-visual objects -- Part 10: Advanced Video Coding (formal name); MPEG-4, Advanced Video Coding (common name)</fdd:fullName>
		<fdd:keywords>
			<fdd:keyword>AVC</fdd:keyword>
			<fdd:keyword>H.264</fdd:keyword>
			<fdd:keyword>MPEG</fdd:keyword>
			<fdd:keyword>MPEG-4</fdd:keyword>
		</fdd:keywords>
		<fdd:description>
			<p>Compression encoding for video identical to <a href="http://www.itu.int/en/ITU-T/Pages/default.aspx">ITU-T</a> (International Telecommunications Union-Telecommunication Standardization Sector) recommendation <a href="http://handle.itu.int/11.1002/1000/13903">ITU-T H.264</a>.  <fddLink id="fdd000080">MPEG-4_V</fddLink> based on H.263 is a sibling that appears to be less widely adopted.  In order to distinguish the two, technical writers sometimes call this encoding <i>H.264 video</i> and the other <i>MPEG-4 video</i>. An overview of AVC encoding is provided in <a href="#notes">Notes</a> below.</p>
			<p>This page is used in this website to represent encodings with no profile indicated. The established profiles for MPEG-4_AVC are listed (and linked) as subtypes below.  They are defined in terms of bitstream characteristics and relate to the conformance of players. The <i>Baseline</i>, <i>Main</i>, and <i>Extended</i> profiles were specified in Annex A of the 2003 edition of the standard.  Four <i>High</i> profiles, part of a group called FRExt (<i>Fidelity Range Extensions</i>) were approved in 2005.  All profiles can be wrapped in <fddLink id="fdd000155">MP4_FF_2</fddLink>. There is another coding variant: <fddLink id="fdd000162">MPEG-4_AVC_EXT</fddLink>, a specialized subset of AVC that appears not to be a "profile," although it requires the use of its own wrapper: <fddLink id="fdd000137">MP4_FF_AVCE</fddLink>. <a href="../contact_format.shtml">Comments welcome</a>.</p>
		</fdd:description>
		<fdd:shortDescription>Compression encoding for video identical to ITU-T (International Telecommunications Union-Telecommunication Standardization Sector) recommendation H.264.</fdd:shortDescription>
		<fdd:productionPhase>Generally a final-state (end-user delivery) format, although the FRExt additions will serve middle-state postproduction and archiving uses.</fdd:productionPhase>
		<fdd:relationships>
			<fdd:relationship>
				<fdd:typeOfRelationship>Used by</fdd:typeOfRelationship>
				<fdd:relatedTo>
					<fdd:id>fdd000158</fdd:id>
					<fdd:shortName>MP4_FF_2_AVC</fdd:shortName>
					<fdd:titleName>MPEG-4 File Format, Version 2, with Advanced Video Coding (No Profile Indicated)</fdd:titleName>
				</fdd:relatedTo>
			</fdd:relationship>
			<fdd:relationship>
				<fdd:typeOfRelationship>Used by</fdd:typeOfRelationship>
				<fdd:relatedTo>
					<fdd:id>fdd000160</fdd:id>
					<fdd:shortName>QTV_MP4_AVC</fdd:shortName>
					<fdd:titleName>QuickTime Video, MPEG-4 Advanced Video Coding</fdd:titleName>
				</fdd:relatedTo>
			</fdd:relationship>
			<fdd:relationship>
				<fdd:typeOfRelationship>Used by</fdd:typeOfRelationship>
				<fdd:relatedTo>
					<fdd:id>fdd000344</fdd:id>
					<fdd:shortName>Matroska_AVC</fdd:shortName>
					<fdd:titleName>Matroska File Format with MPEG-4, Advanced Video Coding (Part 10) (H.264)</fdd:titleName>
				</fdd:relatedTo>
			</fdd:relationship>
			<fdd:relationship>
				<fdd:typeOfRelationship>Used by</fdd:typeOfRelationship>
				<fdd:relatedTo>
					<fdd:id>fdd000525</fdd:id>
					<fdd:shortName>HEIF</fdd:shortName>
					<fdd:titleName>High Efficiency Image File (HEIF) Format</fdd:titleName>
				</fdd:relatedTo>
			</fdd:relationship>
			<fdd:relationship>
				<fdd:typeOfRelationship>Used by</fdd:typeOfRelationship>
				<fdd:relatedTo>
					<fdd:id>fdd000308</fdd:id>
					<fdd:shortName>EPUB_3_0</fdd:shortName>
					<fdd:titleName>EPUB, Electronic Publication, Version 3.0 (2011).  ISO/IEC TS 30135:2014</fdd:titleName>
				</fdd:relatedTo>
			</fdd:relationship>
			<fdd:relationship>
				<fdd:typeOfRelationship>Used by</fdd:typeOfRelationship>
				<fdd:comment>Other file wrappers, not documented here</fdd:comment>
			</fdd:relationship>
			<fdd:relationship>
				<fdd:typeOfRelationship>Has subtype</fdd:typeOfRelationship>
				<fdd:relatedTo>
					<fdd:id>fdd000082</fdd:id>
					<fdd:shortName>MPEG-4_AVC_BP</fdd:shortName>
					<fdd:titleName>MPEG-4 Advanced Video Coding, Baseline Profile</fdd:titleName>
				</fdd:relatedTo>
			</fdd:relationship>
			<fdd:relationship>
				<fdd:typeOfRelationship>Has subtype</fdd:typeOfRelationship>
				<fdd:relatedTo>
					<fdd:id>fdd000083</fdd:id>
					<fdd:shortName>MPEG-4_AVC_MP</fdd:shortName>
					<fdd:titleName>MPEG-4 Advanced Video Coding, Main Profile </fdd:titleName>
				</fdd:relatedTo>
			</fdd:relationship>
			<fdd:relationship>
				<fdd:typeOfRelationship>Has subtype</fdd:typeOfRelationship>
				<fdd:relatedTo>
					<fdd:id>fdd000084</fdd:id>
					<fdd:shortName>MPEG-4_AVC_EP</fdd:shortName>
					<fdd:titleName>MPEG-4 Advanced Video Coding, Extended Profile</fdd:titleName>
				</fdd:relatedTo>
			</fdd:relationship>
			<fdd:relationship>
				<fdd:typeOfRelationship>Has subtype</fdd:typeOfRelationship>
				<fdd:relatedTo>
					<fdd:id>fdd000215</fdd:id>
					<fdd:shortName>MPEG-4_AVC_HP</fdd:shortName>
					<fdd:titleName>MPEG-4 Advanced Video Coding, High Profile</fdd:titleName>
				</fdd:relatedTo>
			</fdd:relationship>
			<fdd:relationship>
				<fdd:typeOfRelationship>Has subtype</fdd:typeOfRelationship>
				<fdd:relatedTo>
					<fdd:id>fdd000216</fdd:id>
					<fdd:shortName>MPEG-4_AVC_H10P</fdd:shortName>
					<fdd:titleName>MPEG-4 Advanced Video Coding, High 10 Profile</fdd:titleName>
				</fdd:relatedTo>
			</fdd:relationship>
			<fdd:relationship>
				<fdd:typeOfRelationship>Has subtype</fdd:typeOfRelationship>
				<fdd:relatedTo>
					<fdd:id>fdd000217</fdd:id>
					<fdd:shortName>MPEG-4_AVC_H422P</fdd:shortName>
					<fdd:titleName>MPEG-4 Advanced Video Coding, High 4:2:2 Profile</fdd:titleName>
				</fdd:relatedTo>
			</fdd:relationship>
			<fdd:relationship>
				<fdd:typeOfRelationship>Has subtype</fdd:typeOfRelationship>
				<fdd:relatedTo>
					<fdd:id>fdd000218</fdd:id>
					<fdd:shortName>MPEG-4_AVC_H444P</fdd:shortName>
					<fdd:titleName>MPEG-4 Advanced Video Coding, High 4:4:4 Profile</fdd:titleName>
				</fdd:relatedTo>
			</fdd:relationship>
			<fdd:relationship>
				<fdd:typeOfRelationship>Has subtype</fdd:typeOfRelationship>
				<fdd:relatedTo>
					<fdd:id>fdd000162</fdd:id>
					<fdd:shortName>MPEG-4_AVC_EXT</fdd:shortName>
					<fdd:titleName>MPEG-4, Advanced Video Coding, Non-FRExt Extensions</fdd:titleName>
				</fdd:relatedTo>
			</fdd:relationship>
		</fdd:relationships>
	</fdd:identificationAndDescription>
	<fdd:sustainabilityFactors>
		<fdd:disclosure>Open standard. Developed through ISO technical program <a href="https://www.iso.org/committee/45316.html">JTC 1/SC 29</a> for coding of audio, picture, multimedia and hypermedia information by Working Group 11 (WG11) aka the Moving Picture Experts Group (<a href="http://mpeg.chiariglione.org">MPEG</a>).</fdd:disclosure>
		<fdd:documentation>ISO/IEC 14496-10.  Information technology -- Coding of audio-visual objects -- Part 10: Advanced Video Coding.
	Also published by ITU as ITU-T H.264.	</fdd:documentation>
		<fdd:adoption>The underlying encoding, sometimes under the name of ITU-T H.264, is being adopted in various sectors. In 2004, for example, a key group of Japanese broadcasters adopted the format for transmission to mobile telephones and other devices, and the format received provisional approval for use in DVD systems, where it will coexist with <fddLink id="fdd000028">MPEG-2</fddLink> and Microsoft's VC-9 video codec (see <fddLink id="fdd000096">WMV9_PRO</fddLink>).  In 2005, the ability of MPEG-4_AVC to support high definition contributed to further adoptions by direct broadcast satellite (DBS) services in the United States (DirecTV) and in Europe. The FRExt high-end profiles are being introduced in 2005; adoption not determined.<br/>
			<br/>The specifications for the video-capable iPod introduced by Apple in late 2005 state that device will play H.264 video in the Baseline Profile, i.e., <fddLink id="fdd000082">MPEG-4_AVC_BP</fddLink>. This was reinforced in early 2006, as Google began to offer downloadable videos, including files for the iPod that have the .mp4 extension and an encoding variously listed as "H.264" or "avc1" (MPEG-4_AVC_BP).<br/>
			<br/>It is worth noting that adoptions of AVC/H.264 are generally in closed         systems like satellite television or mobile phone delivery. In contrast, <i>digital terrestrial broadcasting</i> to homes in the United States and several other nations is governed by the ATSC (Advanced Television Systems Committee). The ATSC specifications require the use of MPEG-2 compression.
		</fdd:adoption>
		<fdd:licensingAndPatents>See <fddLink id="fdd000155">MP4_FF_2</fddLink>.
		</fdd:licensingAndPatents>
		<fdd:transparency>Depends upon algorithms and tools to read; will require sophistication to build tools.
		</fdd:transparency>
		<fdd:selfDocumentation>Pertains to the file format; see <fddLink id="fdd000155">MP4_FF_2</fddLink>.
		</fdd:selfDocumentation>
		<fdd:externalDependencies>None
		</fdd:externalDependencies>
		<fdd:techProtection>Pertains to the file format; see <fddLink id="fdd000155">MP4_FF_2</fddLink>.
		</fdd:techProtection>
	</fdd:sustainabilityFactors>
	<fdd:qualityAndFunctionalityFactors>
		<fdd:movingImageQF>
			<fdd:normalVideo>Good support.</fdd:normalVideo>
			<fdd:clarity>
				<p>For all profiles, MPEG-4_AVC (MPEG-4 Advanced Video Coding, part 10) is more efficient than the <fddLink id="fdd000080">MPEG-4_V</fddLink> (MPEG-4 Visual Coding, part 2), i.e., MPEG-4_AVC provides better quality at the same data rate, or equal quality at a lower data rate.</p>
				<p>Clarity is excellent for the profiles covered by the Fidelity Range Extensions (FRExt), which extend to lossless or near lossless levels, and support 4:4:4 chroma and bit depths as high as 12.  See <fddLink id="fdd000215">MPEG-4_AVC_HP</fddLink>, <fddLink id="fdd000216">MPEG-4_AVC_H10P</fddLink>, <fddLink id="fdd000217">MPEG-4_AVC_H422P</fddLink>, and <fddLink id="fdd000215">MPEG-4_AVC_H444P</fddLink>.</p>
				<p>Clarity in other profiles ranges from moderate to very good, given that chroma subsampling is limited to 4:2:0, and that these profiles will generally be implemented with significant amounts of lossy compression.See <fddLink id="fdd000082">MPEG-4_AVC_BP</fddLink>, <fddLink id="fdd000083">MPEG-4_AVC_MP</fddLink>, and <fddLink id="fdd000084">MPEG-4_AVC_EP</fddLink>.</p>
				<p>The outcome in all cases will depend on the extent of compression and the encoder used. All profiles support both progressive and interlaced video, at resolutions from sub-QCIF to HDTV.</p>
				<p>[See <a href="#notes">Notes below</a> for more detail on resolution terms.]</p>
			</fdd:clarity>
			<fdd:beyondVideo>Not investigated at this time.</fdd:beyondVideo>
		</fdd:movingImageQF>
		<fdd:soundQF>
			<fdd:normalSound>Not relevant; see <fddLink id="fdd000155">MP4_FF_2</fddLink>.</fdd:normalSound>
			<fdd:fidelity>Not relevant; see <fddLink id="fdd000155">MP4_FF_2</fddLink>.</fdd:fidelity>
			<fdd:channels>Not relevant; see <fddLink id="fdd000155">MP4_FF_2</fddLink>.</fdd:channels>
			<fdd:beyondSound>Not relevant; see <fddLink id="fdd000155">MP4_FF_2</fddLink>.</fdd:beyondSound>
		</fdd:soundQF>
	</fdd:qualityAndFunctionalityFactors>
	<fdd:fileTypeSignifiers>
		<fdd:signifiersGroup>
			<fdd:filenameExtension>
				<fdd:sigValueNA>See related format.</fdd:sigValueNA>
				<fdd:note>
					<p>See <fddLink id="fdd000155">MP4_FF_2</fddLink>
					</p>
				</fdd:note>
			</fdd:filenameExtension>
			<fdd:internetMediaType>
				<fdd:sigValueNA>See related format.</fdd:sigValueNA>
				<fdd:note>
					<p>See <fddLink id="fdd000155">MP4_FF_2</fddLink>
					</p>
				</fdd:note>
			</fdd:internetMediaType>
			<fdd:magicNumbers>
				<fdd:sigValueNA>See related format.</fdd:sigValueNA>
				<fdd:note>
					<p>See <fddLink id="fdd000155">MP4_FF_2</fddLink>
					</p>
				</fdd:note>
			</fdd:magicNumbers>
			<fdd:other>
				<fdd:tag>File type brand (ISO Base Media File Format)</fdd:tag>
				<fdd:values>
					<fdd:sigValueNA>See note.</fdd:sigValueNA>
					<fdd:note>Indicated in file wrapper and relates to "brands" defined in <a href="fdd000079.shtml">ISO_BMFF</a> and registered in the <a href="https://mp4ra.org/#/brands">MP4RA registry</a>.  Wrapping MPEG-4_V bitstreams in <fddLink id="fdd000037">MP4_FF_1</fddLink> would occasion the use of <i>mp41</i>; in <fddLink id="fdd000155">MP4_FF_2</fddLink>, use of <i>mp42</i>. See also the 2004 version of Part 15 of the MPEG-4 standard (for an AVC-specific file format), pp. 2-9, 13.  Note: the specification of the AVC-specific file format may have been updated as a more general specification for how to use encodings such as AVC in the ISO_BMFF format.  <a href="../contact_format.shtml">Comments welcome</a>.</fdd:note>
				</fdd:values>
			</fdd:other>
			<fdd:other>
				<fdd:tag>Indicator for profile, level, version, etc.</fdd:tag>
				<fdd:values>
					<fdd:sigValueNA>See note.</fdd:sigValueNA>
					<fdd:note>Codes for <i>profile_idc</i> are provided in Annex A of the MPEG-4 Part 10 standard (aka ITU-T H.264).  As of the 2003 version this covered the Baseline, Main, and Extended Profiles.  Four &quot;high&quot; profiles were added in the 2005 version for fidelity range extensions. Additional profiles have been added over the years.</fdd:note>
				</fdd:values>
			</fdd:other>
			<fdd:other>
				<fdd:tag>Pronom PUID</fdd:tag>
				<fdd:values>
					<fdd:sigValueNA>See note.</fdd:sigValueNA>
					<fdd:note>PRONOM has no corresponding entry as of July 2022.</fdd:note>
				</fdd:values>
			</fdd:other>
			<fdd:other>
				<fdd:tag>Wikidata Title ID</fdd:tag>
				<fdd:values>
					<fdd:sigValues>
						<fdd:sigValue>Q212633</fdd:sigValue>
					</fdd:sigValues>
					<fdd:note>See <a href="https://www.wikidata.org/wiki/Q212633">https://www.wikidata.org/wiki/Q212633</a>.
					</fdd:note>
				</fdd:values>
			</fdd:other>
		</fdd:signifiersGroup>
	</fdd:fileTypeSignifiers>
	<fdd:notes>
		<fdd:general>
			<p>From the specification: "The coded representation specified in the syntax is designed to enable a high compression capability for a desired image quality. The algorithm is not lossless, as the exact source sample values are typically not preserved through the encoding and decoding processes. A number of techniques may be used to achieve highly efficient compression. Encoding algorithms (not specified in this Recommendation | International Standard) may select between inter and intra coding for block-shaped regions of each picture. Inter coding uses motion vectors for block-based inter prediction to exploit temporal statistical dependencies between different pictures. Intra coding uses various spatial prediction modes to exploit spatial statistical dependencies in the source signal for a single picture. Motion vectors and intra prediction modes may be specified for a variety of block sizes in the picture. The prediction residual is then further compressed using a transform to remove spatial correlation inside the transform block before it is quantised, producing an irreversible process that typically discards less important visual information while forming a close approximation to the source samples. Finally, the motion vectors or intra prediction modes are combined with the quantised transform coefficient information and encoded using either variable length codes or arithmetic coding." (p. ix)  The specification also includes a number of additional elements.</p>
			<p>The FRExt (<i>Fidelity Range Extensions</i>) as drafted in 2005 featured higher quality profiles, including one that is sometimes described as "lossless," which may mean that the second sentence in the preceding is no longer accurate. The four FRExt profiles are described on the following pages:</p>
			<ul>
				<li>
					<fddLink id="fdd000215">MPEG-4_AVC_HP</fddLink>
				</li>
				<li>
					<fddLink id="fdd000216">MPEG-4_AVC_H10P</fddLink>
				</li>
				<li>
					<fddLink id="fdd000217">MPEG-4_AVC_H422P</fddLink>
				</li>
				<li>
					<fddLink id="fdd000218">MPEG-4_AVC_H444P</fddLink> (described as lossless).</li>
			</ul>
			<p>Terms used for spatial resolution: QCIF stands for Quarter Common Intermediate Format (176 pixels by 144 lines), CIF is Common Intermediate Format (352 pixels by 288 lines), while HDTV is High Definition Television (various, including 1920 pixels by 1080 lines).</p>
			<p>See also <fddLink id="fdd000155">MP4_FF_2</fddLink>.</p>
		</fdd:general>
		<fdd:history>See <fddLink id="fdd000155">MP4_FF_2</fddLink>.</fdd:history>
	</fdd:notes>
	<fdd:formatSpecifications>
		<fdd:urls>
			<fdd:url>
				<fdd:urlGroup>
					<fdd:intro>Full text of all editions of ITU-T H.264 through the 13th edition (2019) are available from ITU.  Links to a selection of editions are provided below.</fdd:intro>
					<fdd:urlList>
						<fdd:urlReference>
							<link>https://www.itu.int/ITU-T/recommendations/rec.aspx?rec=6312</link>
							<tag>ITU Recommendation ITU-T H.264 (05/2003)</tag>
							<comment>Record for 1st edition.  Includes Baseline, Main, and Extended profiles.  Lists all editions</comment>
						</fdd:urlReference>
						<fdd:urlReference>
							<link>https://www.itu.int/ITU-T/recommendations/rec.aspx?rec=7825</link>
							<tag>ITU Recommendation ITU-T H.264 (03/2005)</tag>
							<comment>Record for 2nd edition.  Added four &quot;High&quot; profiles for fidelity range extensions.   Lists all editions.</comment>
						</fdd:urlReference>
						<fdd:urlReference>
							<link>https://www.itu.int/ITU-T/recommendations/rec.aspx?rec=11466</link>
							<tag>ITU Recommendation ITU-T H.264 (01/2012)</tag>
							<comment>Record for 2012 (7th) edition.  Lists all editions</comment>
						</fdd:urlReference>
						<fdd:urlReference>
							<link>https://www.itu.int/ITU-T/recommendations/rec.aspx?rec=13903</link>
							<tag>ITU Recommendation ITU-T H.264, Edition 13 (06/2019)</tag>
							<comment>Record for 2019 edition.  Includes a total of fifteen profiles.  Lists all editions</comment>
						</fdd:urlReference>
						<fdd:urlReference>
							<link>https://www.itu.int/rec/T-REC-H.264-201906-I</link>
							<tag>Recommendation H.264: Advanced video coding for generic audiovisual services (06/19)</tag>
							<comment>Download page for 2019 (13th) edition</comment>
						</fdd:urlReference>
						<fdd:urlReference>
							<link>http://handle.itu.int/11.1002/1000/13903</link>
							<tag>Persistent identifier for record for 2019 (13th) edition</tag>
						</fdd:urlReference>
						<fdd:urlReference>
							<link>https://www.itu.int/rec/T-REC-H.264.2-201602-I/en</link>
							<tag>H.264.2 : Reference software for ITU-T H.264 advanced video coding</tag>
							<comment>Download page for reference decoder and encoder software </comment>
						</fdd:urlReference>
					</fdd:urlList>
				</fdd:urlGroup>
			</fdd:url>
			<fdd:url>
				<fdd:urlGroup>
					<fdd:intro>The H.264 standard has also been published as ISO/IEC 14496-10 but only loosely synchronized.  ISO provides catalog records which sometimes have previews including table of contents and front matter.  Reference software for decoding and encoding is published as ISO/IEC 14496-5 in a series of amendments. The software is available from the <a href="https://standards.iso.org/ittf/PubliclyAvailableStandards/index.html">list of Publicly Available Standards</a> from the ISO/IEC Information Technology Task Force (ITTF). </fdd:intro>
					<fdd:urlList>
						<fdd:urlReference>
							<link>https://www.iso.org/standard/37729.html</link>
							<tag>ISO/IEC 14496-10:2003   Information technology -- Coding of audio-visual objects -- Part 10: Advanced Video Coding</tag>
							<comment>Catalog record only</comment>
						</fdd:urlReference>
						<fdd:urlReference>
							<link>https://www.iso.org/standard/66069.html</link>
							<tag>ISO/IEC 14496-10:2014
Information technology — Coding of audio-visual objects — Part 10: Advanced Video Coding</tag>
							<comment>Catalog record and preview</comment>
						</fdd:urlReference>
						<fdd:urlReference>
							<link>https://standards.iso.org/ittf/PubliclyAvailableStandards/c066069_ISO_IEC_14496-10_2014.zip</link>
							<tag>Text of ISO/IEC 14496-10:2014
| from ITTF list of Publicly Available standards</tag>
							<comment>2014 ISO/IEC (8th) edition.</comment>
						</fdd:urlReference>
						<fdd:urlReference>
							<link>https://www.iso.org/standard/75400.html</link>
							<tag>ISO/IEC FDIS 14496-10 Information technology — Coding of audio-visual objects — Part 10: Advanced Video Coding</tag>
							<comment>As of November 2020, a new ISO/IEC edition of the specification is in preparation.</comment>
						</fdd:urlReference>
					</fdd:urlList>
				</fdd:urlGroup>
			</fdd:url>
		</fdd:urls>
	</fdd:formatSpecifications>
	<fdd:usefulReferences>
		<fdd:urls>
			<fdd:url>
				<fdd:urlReference>
					<link>https://doi.org/10.17487/RFC3640</link>
					<tag>RFC 3640: RTP Payload Format for Transport of MPEG-4 Elementary Streams</tag>
					<comment>Extended/updated by RFC 5691</comment>
				</fdd:urlReference>
			</fdd:url>
			<fdd:url>
				<fdd:urlReference>
					<link>https://doi.org/10.17487/RFC6416</link>
					<tag>RFC 6416: RTP Payload Format for MPEG-4 Audio/Visual Streams</tag>
					<comment>Supersedes RFC 3016.</comment>
				</fdd:urlReference>
			</fdd:url>
			<fdd:url>
				<fdd:urlReference>
					<link>https://doi.org/10.17487/RFC3016</link>
					<tag>RFC 3016: RTP Payload Format for MPEG-4 Audio/Visual Streams (2000)</tag>
					<comment>Obsoleted by RFC 6416</comment>
				</fdd:urlReference>
			</fdd:url>
			<fdd:url>
				<fdd:urlReference>
					<link>http://mpeg.chiariglione.org/standards/mpeg-4/advanced-video-coding</link>
					<tag>MPEG-4 Advanced  Video Coding from Moving Picture Experts Group website</tag>
					<comment>MPEG document #N7314.  By Jens-Rainer Ohm, Gary Sullivan.  July 2005.</comment>
				</fdd:urlReference>
			</fdd:url>
			<fdd:url>
				<fdd:urlReference>
					<link>https://web.archive.org/web/20130922202856/http://www.tvtechnology.com/opinions/0087/mpeg--advanced-video-coding-emerges/184320</link>
					<tag>MPEG-4 Advanced Video Coding Emerges (2005) | by Randy Hoffner</tag>
				</fdd:urlReference>
			</fdd:url>
			<fdd:url>
				<fdd:urlReference>
					<link>https://www.hhi.fraunhofer.de/en/departments/vca/technologies-and-solutions/h264-avc/h264-overview.html</link>
					<tag>Video Coding and Analytics | Technologies and Solutions |
H.264/MPEG4-AVC | H.264 Overview</tag>
					<comment>Fraunhofer Institute (Germany).  Covers multiple aspects of H.264 AVC coding, including subpages with extensive technical information.</comment>
				</fdd:urlReference>
			</fdd:url>
			<fdd:url>
				<fdd:urlReference>
					<link>https://www.fastvdo.com/spie04/spie04-h264OverviewPaper.pdf</link>
					<tag>The H.264/AVC Advanced Video Coding Standard:Overview and Introduction to the Fidelity Range Extensions (2004)</tag>
					<comment>By Sullivan, Gary J., Pankaj Topiwala, and Ajay Luthra.  Presented at the SPIE Conference on Applications of Digital Image Processing XXVII, Special Session on Advances in the New Emerging Standard: H.264/AVC, August, 2004.</comment>
				</fdd:urlReference>
			</fdd:url>
			<fdd:url>
				<fdd:urlGroup>
					<fdd:intro>ISO/IEC 14496-15 was a companion standard for an AVC file format through 2010.  [Note: The 2014 update to ISO/IEC 14496-15 was given a new name: &quot;Carriage of network abstraction layer (NAL) unit structured video in ISO base media file format.&quot;  The compilers of this resource have not located a clear public explanation of this change. <a href="../contact_format.shtml">Comments welcome</a>.]</fdd:intro>
					<fdd:urlList>
						<fdd:urlReference>
							<link>https://www.iso.org/standard/38573.html</link>
							<tag>ISO/IEC 14496-15:2004   Information technology -- Coding of audio-visual objects -- Part 15: Advanced Video Coding (AVC) file format</tag>
							<comment>Catalog record only.</comment>
						</fdd:urlReference>
						<fdd:urlReference>
							<link>https://www.iso.org/standard/55980.html</link>
							<tag>ISO/IEC 14496-15:2010   Information technology -- Coding of audio-visual objects -- Part 15: Advanced Video Coding (AVC) file format</tag>
							<comment>Catalog record only.  2014 update to standard with same number has new name: &quot;Carriage of network abstraction layer (NAL) unit structured video in ISO base media file format.&quot;</comment>
						</fdd:urlReference>
						<fdd:urlReference>
							<link>https://mpeg.chiariglione.org/standards/mpeg-4/carriage-nal-unit-structured-video-iso-base-media-file-format</link>
							<tag>Resources related to MPEG-4, Part 15 from MPEG website.</tag>
						</fdd:urlReference>
					</fdd:urlList>
				</fdd:urlGroup>
			</fdd:url>
			<fdd:url>
				<fdd:urlReference>
					<link>http://www.itu.int/en/ITU-T/Pages/default.aspx</link>
					<tag>ITU Telecommunication Standardization Sector</tag>
					<comment>Home page for ITU-T.</comment>
				</fdd:urlReference>
			</fdd:url>
			<fdd:url>
				<fdd:urlGroup>
					<fdd:intro>See also <fddLink id="fdd000155">MP4_FF_2</fddLink>.</fdd:intro>
				</fdd:urlGroup>
			</fdd:url>
		</fdd:urls>
	</fdd:usefulReferences>
</fdd:FDD>
