<?xml version="1.0" encoding="UTF-8"?>
<fdd:FDD id="fdd000092" titleName="Windows Media 9 Audio Codec" shortName="WMA9" xmlns:xsi="http://www.w3.org/2001/XMLSchema-instance" xmlns:fdd="http://www.loc.gov/preservation/digital/formats/schemas/fdd/v1" xsi:schemaLocation="http://www.loc.gov/preservation/digital/formats/schemas/fdd/v1 http://www.loc.gov/preservation/digital/formats/schemas/fdd/v1/fdd-v1-1.xsd">
	<fdd:properties>
		<fdd:gdfrGenreSelection>
			<fdd:gdfrGenre>sound</fdd:gdfrGenre>
		</fdd:gdfrGenreSelection>
		<fdd:formatCategories>
			<fdd:category>encoding</fdd:category>
		</fdd:formatCategories>
		<fdd:gdfrComposition>unitary</fdd:gdfrComposition>
		<fdd:gdfrForm>binary</fdd:gdfrForm>
		<fdd:gdfrBasis>sampled</fdd:gdfrBasis>
		<fdd:updates>
			<fdd:date>2010-06-02</fdd:date>
		</fdd:updates>
		<fdd:draftStatus>Full</fdd:draftStatus>
	</fdd:properties>
	<fdd:identificationAndDescription>
		<fdd:fullName>Windows Media 9 Audio Codec</fdd:fullName>
		<fdd:description>Audio bitstream produced by the Windows Media 9 audio codec.</fdd:description>
		<fdd:shortDescription>Audio bitstream produced by the Windows Media 9 audio codec.</fdd:shortDescription>
		<fdd:productionPhase>Generally used in files that represent a final-state format for end-user delivery.</fdd:productionPhase>
		<fdd:relationships>
			<fdd:relationship>
				<fdd:typeOfRelationship>Used by</fdd:typeOfRelationship>
				<fdd:relatedTo>
					<fdd:id>fdd000097</fdd:id>
					<fdd:shortName>WMA_WMA9</fdd:shortName>
					<fdd:titleName>Windows Media Audio file with WMA9 codec</fdd:titleName>
				</fdd:relatedTo>
			</fdd:relationship>
		</fdd:relationships>
	</fdd:identificationAndDescription>
	<fdd:localUse>
		<fdd:preference>See <fddLink id="fdd000027">WMA</fddLink>
		</fdd:preference>
	</fdd:localUse>
	<fdd:sustainabilityFactors>
		<fdd:disclosure>
			Proprietary.  Developed by Microsoft.
		</fdd:disclosure>
		<fdd:documentation>
			Specifications not disseminated.</fdd:documentation>
		<fdd:adoption>
			Not known to the compilers of this document; the <fddLink id="fdd000027">WMA</fddLink> file format is widely adopted.
		</fdd:adoption>
		<fdd:licensingAndPatents>
			See <fddLink id="fdd000067">ASF</fddLink> for link to pages covering licensing of Windows Media and the Advanced Systems Format.
		</fdd:licensingAndPatents>
		<fdd:transparency>
			Depends upon algorithms and tools to read; will require sophistication to build tools.
		</fdd:transparency>
		<fdd:selfDocumentation>
			Not applicable
		</fdd:selfDocumentation>
		<fdd:externalDependencies>
			None
		</fdd:externalDependencies>
		<fdd:techProtection>
			Not applicable
		</fdd:techProtection>
	</fdd:sustainabilityFactors>
	<fdd:qualityAndFunctionalityFactors>
		<fdd:soundQF>
			<fdd:normalSound>Good support.</fdd:normalSound>
			<fdd:fidelity>From the <a href="http://www.microsoft.com/windows/windowsmedia/howto/articles/codecs.aspx">codecs page</a> at the Microsoft Windows Media web site (consulted September 1, 2010): "For use in most scenarios. This codec . . . supports VBR [variable bit rate] audio that enables even higher quality audio at smaller file sizes. Windows Media Audio 9 is backward-compatible with previous Windows Media Audio-compatible decoders."  The site indicates that higher quality is provided by <fddLink id="fdd000093">WMA9_PRO.</fddLink>
			</fdd:fidelity>
			<fdd:channels>None</fdd:channels>
			<fdd:beyondSound>Not applicable</fdd:beyondSound>
		</fdd:soundQF>
	</fdd:qualityAndFunctionalityFactors>
	<fdd:fileTypeSignifiers>
		<fdd:signifiersGroup>
			<fdd:filenameExtension>
				<fdd:sigValueNA>Not applicable.</fdd:sigValueNA>
			</fdd:filenameExtension>
			<fdd:internetMediaType>
				<fdd:sigValueNA>Not applicable.</fdd:sigValueNA>
			</fdd:internetMediaType>
			<fdd:magicNumbers>
				<fdd:sigValueNA>Not applicable.</fdd:sigValueNA>
			</fdd:magicNumbers>
		</fdd:signifiersGroup>
	</fdd:fileTypeSignifiers>
	<fdd:usefulReferences>
		<fdd:urls>
			<fdd:url>
				<fdd:urlReference>
					<link>http://msdn.microsoft.com/en-us/library/windows/desktop/gg153556(v=vs.85).aspx</link>
					<tag>About the Windows Media Codecs</tag>
					<comment>From Microsoft.</comment>
				</fdd:urlReference>
			</fdd:url>
			<fdd:url>
				<fdd:urlGroup>
					<fdd:intro>See also <fddLink id="fdd000027">WMA</fddLink>.</fdd:intro>
				</fdd:urlGroup>
			</fdd:url>
		</fdd:urls>
	</fdd:usefulReferences>
</fdd:FDD>
