<?xml version="1.0" encoding="UTF-8"?>
<fdd:FDD id="fdd000279" titleName="GeoTIFF, Revision 1.0" shortName="GeoTIFF_1_0" xmlns:xsi="http://www.w3.org/2001/XMLSchema-instance" xmlns:fdd="http://www.loc.gov/preservation/digital/formats/schemas/fdd/v1" xsi:schemaLocation="http://www.loc.gov/preservation/digital/formats/schemas/fdd/v1 http://www.loc.gov/preservation/digital/formats/schemas/fdd/v1/fdd-v1-1.xsd">
	<fdd:properties>
		<fdd:gdfrGenreSelection>
			<fdd:gdfrGenre>still-image</fdd:gdfrGenre>
		</fdd:gdfrGenreSelection>
		<fdd:formatCategories>
			<fdd:category>file-format</fdd:category>
		</fdd:formatCategories>
		<fdd:gdfrComposition>container-wrapper</fdd:gdfrComposition>
		<fdd:gdfrForm>binary</fdd:gdfrForm>
		<fdd:gdfrConstraint>unstructured</fdd:gdfrConstraint>
		<fdd:gdfrBasis>sampled</fdd:gdfrBasis>
		<fdd:gdfrDomains>
			<fdd:gdfrDomain>
				<fdd:value>gis</fdd:value>
			</fdd:gdfrDomain>
		</fdd:gdfrDomains>
		<fdd:updates>
			<fdd:date>2020-05-25</fdd:date>
		</fdd:updates>
		<fdd:draftStatus>Full</fdd:draftStatus>
	</fdd:properties>
	<fdd:identificationAndDescription>
		<fdd:fullName>GeoTIFF, Revision 1.0</fdd:fullName>
		<fdd:keywords>
			<fdd:keyword>raster image formats</fdd:keyword>
			<fdd:keyword>georeferenced image formats</fdd:keyword>
			<fdd:keyword>geospatial data formats</fdd:keyword>
		</fdd:keywords>
		<fdd:description>
			<p>GeoTIFF is format extension for storing georeference and geocoding information in a TIFF 6.0 compliant raster file by tying a raster image to a known model space or map projection.  
A GeoTIFF file is a TIFF 6.0 [<fddLink id="fdd000022">TIFF_6</fddLink>] file, and inherits the file structure as described in the corresponding portion of the TIFF spec. The GeoTIFF format uses a defined set of <a href="../content/tiff_tags.shtml">TIFF tags</a> to describe cartographic information associated with TIFF imagery that originates from satellite imaging systems, scanned aerial photography, scanned maps, digital elevation models, or as a result of geographic analyses.</p>
			<p>GeoTIFF can store a broad range of georeferencing information, catering to geographic as well as projected coordinate systems needs. Supported projections include UTM, US State Plane and National Grids, as well as the underlying projection types such as Transverse Mercator, Lambert Conformal Conic, etc.  GeoTIFF uses a &quot;MetaTag&quot; (GeoKey) approach to encode dozens of information elements into just 6 private tags (33550,
34264,
33922,
34735,
34736,
and 34737), taking advantage of TIFF platform-independent data format representation to avoid cross-platform interchange difficulties.  GeoTIFF uses numerical codes to describe projection types, coordinate systems, datums, ellipsoids, etc. In the Format Specification
Revision 1.0, see <a href="http://geotiff.maptools.org/spec/geotiff2.4.html#2.4">Section 2.4. GeoTIFF File and Key Structure</a> and the <a href="http://geotiff.maptools.org/spec/geotiff6.html#6.1">Appendices</a> for Tag ID, Key ID and numerical code details.</p>
			<p>Like the TIFF format, GeoTIFF uses 32-bit offsets, limiting its extent to 4 gigabytes. The needs of GIS, large format scanners, medical imaging and other fields have prompted development of the variant BigTIFF format, which transcends the 4 GB TIFF limit using 64-bit offsets, thereby potentially supporting files up to 18,000 petabytes in size.</p>
		</fdd:description>
		<fdd:shortDescription>GeoTIFF refers to TIFF files which have geographic (or cartographic) data embedded as tags within the TIFF file. The geographic data can then be used to position the image in the correct location and geometry on the screen of a geographic information display and align the raster image with vector-specified layers. </fdd:shortDescription>
		<fdd:productionPhase/>
		<fdd:relationships>
			<fdd:relationship>
				<fdd:typeOfRelationship>Subtype of</fdd:typeOfRelationship>
				<fdd:relatedTo>
					<fdd:id>fdd000022</fdd:id>
					<fdd:shortName>TIFF_6</fdd:shortName>
					<fdd:titleName>TIFF, Revision 6.0 </fdd:titleName>
				</fdd:relatedTo>
				<fdd:comment/>
			</fdd:relationship>
			<fdd:relationship>
				<fdd:typeOfRelationship>Has extension</fdd:typeOfRelationship>
				<fdd:relatedTo>
					<fdd:id>fdd000328</fdd:id>
					<fdd:shortName>BigTIFF</fdd:shortName>
					<fdd:titleName>BigTIFF</fdd:titleName>
				</fdd:relatedTo>
			</fdd:relationship>
			<fdd:relationship>
				<fdd:typeOfRelationship>Has later version</fdd:typeOfRelationship>
				<fdd:comment>
					<a href="https://www.ogc.org/standards/geotiff">OGC GeoTIFF standard, version 1.1</a>, not described separately at this website at this time.</fdd:comment>
			</fdd:relationship>
			<fdd:relationship>
				<fdd:typeOfRelationship>Has subtype</fdd:typeOfRelationship>
				<fdd:comment>Cloud Optimized GeoTIFF (COG), not described separately on this website.  See <a href="https://www.cogeo.org/">https://www.cogeo.org/</a>.</fdd:comment>
			</fdd:relationship>
		</fdd:relationships>
	</fdd:identificationAndDescription>
	<fdd:localUse>
		<fdd:experience>The Library of Congress has acquired cartographic images in GeoTIFF format for its collections.  An early example was the <a href="https://lccn.loc.gov/2002628089">National Land Cover Dataset for 1992,</a> acquired on CD.  Where the Library once acquired ongoing map sets on paper, many are now acquired digitally.  Such a map acquisition may include both a GeoTIFF created by scanning a paper map and vectorizations of the original as <fddLink id="fdd000280">ESRI_shape</fddLink> or <fddLink id="fdd000294">GeoDB_file</fddLink> format.</fdd:experience>
		<fdd:preference>The Library of Congress Recommended Formats Statement (RFS) includes GeoTIFF as a preferred format for <a href="https://www.loc.gov/preservation/resources/rfs/geo-carto.html">GIS Raster and Georeferenced Images</a>.</fdd:preference>
	</fdd:localUse>
	<fdd:sustainabilityFactors>
		<fdd:disclosure>GeoTIFF is an open, fully documented extension to Aldus-Adobe&apos;s public domain Tagged-Image File Format (TIFF), Revision 6.0.</fdd:disclosure>
		<fdd:documentation>Ritter, Niles and Mike Ruth, GeoTIFF Working Group.  <a href="http://geotiff.maptools.org/spec/geotiffhome.html">GeoTIFF Format Specification: GeoTIFF Revision 1.0,  December 28, 2000.</a> The &quot;specification version&quot; is given as 1.8.2.</fdd:documentation>
		<fdd:adoption>
			<p>The development of the GeoTIFF 1.0 specification represented an effort by over 160 different remote sensing, GIS, cartographic, and surveying-related companies and organizations to establish a TIFF based interchange format for georeferenced raster imagery.</p>
			<p>GeoTIFF has been widely supported for many years.  In 2011, when the format was first described on this website, GIS/Image processing packages which supported GeoTIFF included:
USGS&apos;s dlgv32, ESRI ArcInfo,
ESRI ArcExplorer,  ESRI ArcView, ERDAS IMAGINE,
PCI’s EASI/PACE, MapInfo, Global Mapper, and Python Imaging Library.</p>
			<p>The following examples of mainstream geospatial software applications supporting GeoTIFF are from early 2020, with links to lists of supported formats: <a href="https://pro.arcgis.com/en/pro-app/help/data/imagery/supported-raster-dataset-file-formats.htm">ESRI ArcGIS</a> and other ESRI products; <a href="https://www.hexagongeospatial.com/technical-documents/imagine-data-format-by-product-tiers">ERDAS IMAGINE (now from Hexagon Geospatial)</a>; <a href="https://www.bluemarblegeo.com/knowledgebase/global-mapper-21-1/Formats/GeoTIFF.htm">Global Mapper</a>; <a href="https://support.pitneybowes.com/SearchArticles/VFP06_KnowledgeWithSidebarTroubleshoot?id=kA280000000CjuyCAC&amp;popup=false&amp;lang=en_US">MapInfo Professional</a> (now from Pitney Bowes).  Widely used software libraries supporting GeoTIFF include: <a href="https://github.com/OSGeo/libgeotiff">libgeotiff</a>; <a href="https://gdal.org/drivers/raster/gtiff.html">GDAL</a>; and <a href="https://www.safe.com/integrate/geotiff/">Safe Software FME</a>.</p>
			<p>USGS and other U.S. government agencies offer many imagery products in GeoTIFF format. Examples available in May 2020 include:</p>
			<ul>
				<li>
					<a href="https://www.usgs.gov/core-science-systems/ngp/topo-maps/historical-topographic-map-collection?qt-science_support_page_related_con=0#qt-science_support_page_related_con">Historical Topographic Maps</a>, available through The National Map (<a href="https://viewer.nationalmap.gov/basic/">TNM</a>) and <a href="https://ngmdb.usgs.gov/topoview/">TopoView</a>.</li>
				<li>Elevation Products (<a href="https://www.usgs.gov/core-science-systems/ngp/3dep/what-is-3dep">3DEP</a>), available through The National Map (<a href="https://viewer.nationalmap.gov/basic/?basemap=b1&amp;category=ned,nedsrc&amp;title=3DEP%20View">TNM</a>).</li>
				<li>
					<a href="https://www.mrlc.gov/data?f%5B0%5D=category%3Aland%20cover">National Land Cover Database (NLCD)</a>.  Available through Multi-Resolution Land Characteristics (MRLC) Consortium <a href="https://www.mrlc.gov/viewer/">Viewer</a>.</li>
				<li>
					<a href="https://doi.org/10.5066/F71835S6">Landsat 8 Operational Land Imager and Thermal Infrared Sensor Collection 1 Level-1</a>.  Available through <a href="https://landsatlook.usgs.gov/">LandsatLook Viewer</a>, <a href="https://earthexplorer.usgs.gov/">EarthExplorer</a>, and the USGS Global Visualization Viewer (<a href="https://glovis.usgs.gov/">GloVis</a>).</li>
				<li>Advanced Spaceborne Thermal Emission and Reflection Radiometer (<a href="https://lpdaac.usgs.gov/news/nasa-and-meti-release-aster-global-dem-version-3/">ASTER</a>) Global Digital Elevation Model (GDEM).  Available through NASA&apos;s <a href="https://search.earthdata.nasa.gov/search">Earthdata Search</a>.</li>
				<li>
					<a href="https://doi.org/10.3334/ORNLDAAC/1605">ABoVE</a>: MODIS-Derived Daily Mean Blue Sky Albedo for Northern North America, 2000-2017.  Available through NASA&apos;s <a href="https://search.earthdata.nasa.gov/search">Earthdata Search</a>.</li>
				<li>USGS Digital Orthoquadrangles (<fddLink id="fdd000290">DOQ</fddLink>) images, which were published through 2006, now treated as an <a href="https://doi.org/10.5066/F7125QVD">archive</a>.  Individual DOQ images available through <a href="http://earthexplorer.usgs.gov/">EarthExplorer</a> (in the Aerial Imagery category) and the <a href="https://glovis.usgs.gov/">USGS Global Visualization Viewer (GloVis)</a>.</li>
				<li>Imagery from the <a href="https://doi.org/10.5066/F7QN651G">archive of the National Agriculture Imagery Program (NAIP)</a>.  Available through Earth Explorer.</li>
				<li>
					<a href="https://doi.org/10.5066/F7PR7TFT">Shuttle Radar Topography Mission (SRTM) 1-arc second Global</a>.  Available through Earth Explorer.</li>
			</ul>
			<p>USGS has been closely involved with the development and promotion of the GeoTIFF format and tools to work with it.  <a href="https://www.bluemarblegeo.com/products/global-mapper.php">Global Mapper</a> software, from Blue Marble Geographics, was developed in conjunction with USGS and a free version using the name <a href="https://www.bluemarblegeo.com/products/global-mapper-dlgv32.php">DLGV32 Pro</a> continues to be available.  As of May 2020, DLGV32 Pro is the same as an evaluation copy of Global Mapper.  USGS provides a number of <a href="https://viewer.nationalmap.gov/tools/rasterconversion/">Raster Conversion Scripts</a> that convert between GeoTIFF and other raster formats.  An earlier standard employed by USGS, the Spatial Data Transfer Standard (<fddLink id="fdd000286">SDTS</fddLink>), allowed a GeoTIFF image to be included in a transfer package with other files.</p>
			<p>The <a href="https://www.dsp.dla.mil/Specs-Standards/List-of-DISR-documents/">U.S. DoD (Department of Defense) Information Technology Standards Registry (DISR)</a> provides access to DoD/IC-approved GEO-Standards, including <a href="https://nsgreg.nga.mil/doc/view?i=1081">GeoTIFF 1.0</a>.  DoD has defined or endorsed profiles of GeoTIFF for particular application contexts. These include <a href="https://gwg.nga.mil/ntb/baseline/docs/nga.ip.0001_1.0-geotiff/index.html">NGA.IP.0001</a> (NGA Implementation Profile for TIFF and GeoTIFF), a specification for the formatting of imagery and gridded data in TIFF format and <a href="https://nsgreg.nga.mil/doc/view?i=4086">OGC GML Application Schema-Coverage GeoTIFF Coverage Encoding Profile, v. 1.0, 2014-05-28</a>, a profile of GMLCOV which specifies the usage of the GeoTIFF data format for the encoding of GML coverages.</p>
			<p>Various lists of recommended formats for long-term archiving of scientific data include GeoTIFF as a recommended format: from NASA&apos;s ESDIS Standards Office (ESO): <a href="https://earthdata.nasa.gov/esdis/eso/standards-and-references">ESO Standards and Practices</a>; from the University of Edinburgh Research Data Service, <a href="https://www.ed.ac.uk/information-services/research-support/research-data-service/after/data-repository/choosing-file-formats">Choose the Best File Formats</a>; from the U.S. National Archives, <a href="https://www.archives.gov/records-mgmt/policy/transfer-guidance-tables.html#geospatialformats">Format Guidance for the Transfer of Permanent Electronic Records: Geospatial Formats</a>.  See also Table 6.6 in <a href="https://link.springer.com/content/pdf/10.1007%2F978-3-319-59928-1.pdf">Ecological Informatics: Data Management and Knowledge Discovery, Third Edition (2018)</a>.</p>
		</fdd:adoption>
		<fdd:licensingAndPatents>
			<p>Portions of the GeoTIFF 1.0 specification were copyrighted by Niles Ritter and Mike Ruth. Permission to copy without fee all or part of the specification material is granted provided that the copies are not made or distributed for direct or commercial advantage and the GeoTIFF specific copyright notice appears (see <a href="http://web.archive.org/web/20160407200607/http://www.remotesensing.org/geotiff/spec/geotiffhome.html">specification copyright notice</a>).
 TIFF is a registered trademark of Aldus Corp., now owned by Adobe.</p>
			<p>No concerns about patents in relation to GeoTIFF use of TIFF tags.  No concerns about patents for underlying <fddLink id="fdd000022">TIFF_6</fddLink>.</p>
		</fdd:licensingAndPatents>
		<fdd:transparency>See <fddLink id="fdd000022">TIFF_6</fddLink>
		</fdd:transparency>
		<fdd:selfDocumentation>See <fddLink id="fdd000022">TIFF_6</fddLink>.  All GeoTIFF specific information is encoded in several additional reserved TIFF tags, and contains no private Image File Directories (IFD&apos;s), binary structures or other private information invisible to standard TIFF readers.   See also <a href="../content/tiff_tags.shtml">Tags for TIFF and Related Specifications.</a>
		</fdd:selfDocumentation>
		<fdd:externalDependencies>Requires a TIFF reader that is able to parse the Geokey MetaTag values (mentioned in Description), as well as to reliably execute two general requirements of the TIFF standard: to manage byte order (big and little endian) and to support for all documented TIFF 6.0 tag data-types, and in particular the IEEE double-precision floating point &quot;DOUBLE&quot; type tag.</fdd:externalDependencies>
		<fdd:techProtection/>
	</fdd:sustainabilityFactors>
	<fdd:qualityAndFunctionalityFactors>
		<fdd:stillImageQF>
			<fdd:normalImage>Good support.  All GeoTIFF specific information is encoded in several additional reserved TIFF tags, and contains no private Image File Directories (IFD&apos;s), binary structures or other private information invisible to standard TIFF readers. In systems that do not recognize the geographic tags, but do read TIFF image format, a GeoTIFF image should look and behave like any other TIFF image.</fdd:normalImage>
			<fdd:clarity>
				<p>Excellent support for images with very high spatial resolution. The standard is flexible as to color space and bit depth.  In practice, 8-bit grayscale and 24-bit RGB color are common; some activities create files with greater than 8 bits per channel (color or greyscale). </p>
			</fdd:clarity>
			<fdd:colorMaint>See <fddLink id="fdd000022">TIFF_6</fddLink>
			</fdd:colorMaint>
			<fdd:beyondImage/>
		</fdd:stillImageQF>
		<fdd:gisQF>
			<fdd:normalGIS>
				<p>The role of a GeoTIFF in normal GIS use is often as a visual base layer. The GeoTIFF format provides enough information that the software can automatically place an image without requirement of any user intervention, such as typing in coordinates, digitizing points, or other labor intensive and technical actions.</p>
				<p>Most GeoTIFF-savvy systems look at the geographic information and use it without any requirement that the user know the content of the geographic tags. One aim of GeoTIFF is to reduce the need of users to be geographic experts in order to load a map-projected image or scanned map.</p>
				<p>GeoTIFF provides a robust framework for specifying a broad class of existing projected coordinate systems.</p>
				<p>GeoTIFF requires support for all documented TIFF 6.0 tag data-types, and in particular requires the IEEE double-precision floating point "DOUBLE" type tag. Most of the parameters for georeferencing will not have sufficient accuracy with single-precision IEEE, nor with RATIONAL format storage.</p>
			</fdd:normalGIS>
			<fdd:metadataGIS>GeoTIFF uses a small set of reserved TIFF tags to store a broad range of georeferencing information, including: coordinate systems, datums, ellipsoids, and projections. <p>Projections include UTM, US State Plane and National Grids, as well as the underlying projection types such as Transverse Mercator, Lambert Conformal Conic, etc.</p>
				<p>The projection, datums and ellipsoid codes are derived from the <a href="http://www.epsg-registry.org/">EPSG list</a> compiled by the Petrotechnical Open Software Corporation (POSC), and mechanisms for adding further international projections, datums and ellipsoids has been established.</p>
			</fdd:metadataGIS>
			<fdd:grids>GeoTIFF images can be transformed and displayed as pixel based GRIDs. </fdd:grids>
			<fdd:beyondGIS>
				<p>GeoTIFF is fully extensible, permitting internal, private or proprietary information storage.</p>
				<p>As with TIFF, in GeoTIFF private &quot;GeoKeys&quot; and codes may be used, starting with 32768 and above. Unlike the TIFF spec, however, in GeoTIFF these private key-spaces will not be reserved, and are only to be used for private, internal purposes since the GeoTIFF standard arose from the need to avoid multiple proprietary encoding systems, use of private keycode implementations is discouraged. </p>
			</fdd:beyondGIS>
		</fdd:gisQF>
	</fdd:qualityAndFunctionalityFactors>
	<fdd:fileTypeSignifiers>
		<fdd:signifiersGroup>
			<fdd:filenameExtension>
				<fdd:sigValues>
					<fdd:sigValue>tif</fdd:sigValue>
					<fdd:sigValue>tiff</fdd:sigValue>
					<fdd:sigValue>gtiff</fdd:sigValue>
				</fdd:sigValues>
				<fdd:note>All sample file examples in official archive at <a href="http://download.osgeo.org/geotiff/samples/">http://download.osgeo.org/geotiff/samples/</a> have .tif as extension.</fdd:note>
			</fdd:filenameExtension>
			<fdd:internetMediaType>
				<fdd:sigValues>
					<fdd:sigValue>image/tiff</fdd:sigValue>
				</fdd:sigValues>
				<fdd:note>See also <fddLink id="fdd000022">TIFF_6</fddLink>
				</fdd:note>
			</fdd:internetMediaType>
			<fdd:other>
				<fdd:tag>Pronom PUID</fdd:tag>
				<fdd:values>
					<fdd:sigValues>
						<fdd:sigValue>fmt/155</fdd:sigValue>
					</fdd:sigValues>
					<fdd:note>See <a href="http://www.nationalarchives.gov.uk/pronom/fmt/155">http://www.nationalarchives.gov.uk/pronom/fmt/155</a>.</fdd:note>
				</fdd:values>
			</fdd:other>
			<fdd:other>
				<fdd:tag>Wikidata Title ID</fdd:tag>
				<fdd:values>
					<fdd:sigValues>
						<fdd:sigValue>Q1502796</fdd:sigValue>
					</fdd:sigValues>
					<fdd:note>See <a href="https://www.wikidata.org/wiki/Q1502796">https://www.wikidata.org/wiki/Q1502796</a>.
					</fdd:note>
				</fdd:values>
			</fdd:other>
		</fdd:signifiersGroup>
	</fdd:fileTypeSignifiers>
	<fdd:notes>
		<fdd:general>
			<p>GeoTIFF projection, datums and ellipsoid codes are derived from the <a href="http://www.epsg-registry.org/">European Petroleum Survey Group (EPSG) list</a> compiled by the Petrotechnical Open Software Corporation (POSC), and mechanisms for adding further international projections, datums and ellipsoids have been established.</p>
			<p>The GeoTIFF information content is designed to be compatible with the data decomposition approach used by the National Spatial Data Infrastructure (NSDI) of the U.S. Federal Geographic Data Committee (FGDC).</p>
			<p>The GeoTIFF specification requires that TIFF-compliant readers honor the &apos;byte-order&apos; indicator: this means that 4-byte integers from files created on opposite order machines must be swapped in software, and that 8-byte DOUBLE&apos;s must be 8-byte swapped.</p>
			<p>GeoTIFF requires reliable support for the TIFF 6.0 &quot;DOUBLE&quot; data-type tag, pertaining to IEEE double-precision floating point data.  Most of the parameters for georeferencing will not have sufficient accuracy with single-precision IEEE, nor with RATIONAL format storage. The only other alternative for storing high-precision values would be to encode as ASCII, but this does not conform to TIFF recommendations for data encoding.</p>
		</fdd:general>
		<fdd:history>
			<p>According to the specification of GeoTIFF 1.0 dated 2000, &quot; The initial efforts to define a TIFF &apos;geotie&apos; specification began under the leadership of Ed Grissom at Intergraph, and others in the early 1990&apos;s. In 1994 a formal GeoTIFF mailing-list was created and maintained by Niles Ritter at JPL, which quickly grew to over 140 subscribers from government and industry. The purpose of the list is to discuss common goals and interests in developing an industry-wide GeoTIFF standard, and culminated in a conference in March of 1995 hosted by SPOT Image, with representatives from USGS, Intergraph, ESRI, ERDAS, SoftDesk, MapInfo, NASA/JPL, and others, in which the current working proposal for GeoTIFF was outlined. The outline was condensed into a prerelease GeoTIFF specification document by Niles Ritter, and Mike Ruth of SPOT Image.

Following discussions with Dr. Roger Lott of the European Petroleum Survey Group (EPSG), the GeoTIFF projection parametrization method was extensively modified, and brought into compatibility with both the POSC Epicentre model, and the Federal Geographic Data Committee (FGDC) metadata approaches.&quot;</p>
			<p>For many years, the primary website for information about GeoTIFF, including the specification was at http://www.remotesensing.org/geotiff/geotiff.html.  See <a href="https://web.archive.org/web/19990503185631/http://www.remotesensing.org/geotiff/geotiff.html">first capture of the GeoTIFF Website by Internet Archive</a> from May 3, 1999.  By 2008, this URL redirected to http://geotiff.osgeo.org/, which redirected to <a href="https://web.archive.org/web/20170118112051/http://trac.osgeo.org/geotiff/">http://trac.osgeo.org/geotiff/</a>, hosted by the <a href="https://www.osgeo.org/about/">Open Source Geospatial Foundation (OSGeo)</a>. In late 2016, the use of the remotesensing.org domain as an entry point for the GeoTIFF specification and supporting documentation was terminated. Hosting continued to be provided by OSGeo.  Starting in December 2018, <a href="https://trac.osgeo.org/geotiff/">https://trac.osgeo.org/geotiff/</a> indicated that the <a href="https://github.com/OSGeo/libgeotiff">libgeoTIFF Github repository</a> would be the primary location for maintenance and download of the libgeotiff software.  [Note: As of May 2020, <a href="http://geotiff.osgeo.org/">http://geotiff.osgeo.org/</a> redirected to the Github repository and <a href="https://trac.osgeo.org/geotiff/">https://trac.osgeo.org/geotiff/</a> was still actively maintained.]</p>
			<p>In September 2019, OGC published <a href="http://docs.opengeospatial.org/is/19-008r4/19-008r4.html">version 1.1 of the GeoTIFF</a> standard.  <a href="http://docs.opengeospatial.org/is/19-008r4/19-008r4.html#_backward_compatibility">Annex H: Backward compatibility</a> states that revision 1.1 of GeoTIFF is aimed at being backward compatible with the 1.0 version both for coordinate reference systems based on EPSG register codes or user-defined coordinate reference systems.  Names in the specification for GeoKeys have been updated for consistency with terminology for referencing by coordinates used by <a href="https://committee.iso.org/home/tc211">ISO TC211</a> (the ISO committee for standardization in the field of digital geographic information) and the <a href="http://docs.opengeospatial.org/as/18-005r4/18-005r4.html">OGC Abstract Specification Topic 2: Referencing by Coordinates</a>.  However, the numeric IDs for the keys, as used in GeoTIFF files, are retained.</p>
		</fdd:history>
	</fdd:notes>
	<fdd:formatSpecifications>
		<fdd:urls>
			<fdd:url>
				<fdd:urlReference>
					<link>http://geotiff.maptools.org/spec/geotiffhome.html</link>
					<tag>GeoTIFF Revision 1.0</tag>
					<comment>Document states &quot;Specification Version: 1.8.2,&quot; Last Modified: 28 December, 2000.  Note that as of early 2017, the official GeoTIFF specification is in the Internet Archive. </comment>
				</fdd:urlReference>
			</fdd:url>
			<fdd:url>
				<fdd:urlReference>
					<link>http://web.archive.org/web/20160403164508/http://www.remotesensing.org/geotiff/spec/geotiffhome.html</link>
					<tag>GeoTIFF Revision 1.0</tag>
					<comment>Link via Internet Archive to earlier location for the GeoTIFF 1.0 specification</comment>
				</fdd:urlReference>
			</fdd:url>
			<fdd:url>
				<fdd:urlReference>
					<link>https://www.adobe.io/open/standards/TIFF.html</link>
					<tag>Adobe page that provides link to TIFF 6.0 specification.</tag>
				</fdd:urlReference>
			</fdd:url>
		</fdd:urls>
	</fdd:formatSpecifications>
	<fdd:usefulReferences>
		<fdd:urls>
			<fdd:url>
				<fdd:urlReference>
					<link>http://trac.osgeo.org/geotiff/</link>
					<tag>Primary GeoTIFF web site (as of May 2020)</tag>
					<comment>With information on GeoTIFF software maintenance and issue tracking.</comment>
				</fdd:urlReference>
			</fdd:url>
			<fdd:url>
				<fdd:urlReference>
					<link>https://github.com/OSGeo/libgeotiff</link>
					<tag>Github repository for libgeotiff</tag>
					<comment>For extraction and parsing of the &quot;GeoTIFF&quot; Key directories, as well as incorporation of GeoTIFF keys in new files.</comment>
				</fdd:urlReference>
			</fdd:url>
			<fdd:url>
				<fdd:urlGroup>
					<fdd:intro>GeoTIFF tools typically build on TIFF software tools, particularly on the LibTIFF software library.  LibTIFF used to be available from remotesensing.org, but, as of May 2020, is available through three alternate home pages (assumed to be mirrors).</fdd:intro>
					<fdd:urlList>
						<fdd:urlReference>
							<link>http://www.simplesystems.org/libtiff/</link>
							<tag>LibTIFF home Page #1</tag>
						</fdd:urlReference>
						<fdd:urlReference>
							<link>https://libtiff.gitlab.io/libtiff/</link>
							<tag>LibTIFF Home Page #2</tag>
						</fdd:urlReference>
						<fdd:urlReference>
							<link>http://libtiff.maptools.org/</link>
							<tag>LibTIFF Home Page #3</tag>
							<comment>TIFF Software Library and Utilities.</comment>
						</fdd:urlReference>
					</fdd:urlList>
				</fdd:urlGroup>
			</fdd:url>
			<fdd:url>
				<fdd:urlReference>
					<link>https://www.geospatialworld.net/article/geotiff-a-standard-image-file-format-for-gis-applications/</link>
					<tag>GeoTIFF - A standard image file format for GIS applications</tag>
					<comment>By Sk. Sazid Mahammad and R. Ramakrishnan.  Originally published in Map India in 2003.</comment>
				</fdd:urlReference>
			</fdd:url>
			<fdd:url>
				<fdd:urlReference>
					<link>http://web.archive.org/web/20160817040211/http://www.remotesensing.org/geotiff/faq.html</link>
					<tag>GeoTIFF FAQ </tag>
					<comment>As of January 2015, Version 2.4, last updated February 2011.  The link on the primary GeoTIFF site is now to a copy in the Internet Archive.</comment>
				</fdd:urlReference>
			</fdd:url>
			<fdd:url>
				<fdd:urlGroup>
					<fdd:intro>The EPSG Geodetic Parameter Dataset is a collection of definitions of coordinate reference systems and coordinate transformations which may be global, regional, national or local in application.  The EPSG dataset is maintained by the Geodesy Subcommittee of the Geomatics Committee of the International Association of Oil and Gas Producers (IOGP).</fdd:intro>
					<fdd:urlList>
						<fdd:urlReference>
							<link>http://www.epsg-registry.org/</link>
							<tag>EPSG Codes from Geodetic Parameter Registry</tag>
							<comment>EPSG Geodetic Parameter Dataset is maintained by the Geodesy Subcommittee of the Geomatics Committee of the International Association of Oil and Gas Producers. </comment>
						</fdd:urlReference>
						<fdd:urlReference>
							<link>http://www.epsg.org/Portals/0/373-07-1.pdf</link>
							<tag>EPSG Guidance Note 7-1: Using the EPSG geodetic parameter dataset (2012)</tag>
							<comment>Guidance Note Number 7, part 1: Using the EPSG Geodetic Parameter Dataset.
</comment>
						</fdd:urlReference>
						<fdd:urlReference>
							<link>http://www.epsg.org/</link>
							<tag>EPSG website</tag>
						</fdd:urlReference>
					</fdd:urlList>
				</fdd:urlGroup>
			</fdd:url>
			<fdd:url>
				<fdd:urlReference>
					<link>https://www.usgs.gov/faqs/can-i-import-a-us-topo-map-my-geographic-information-system-gis</link>
					<tag>Can I import a US Topo into my geographic information system (GIS)?</tag>
					<comment>From USGS, in relation to US Topo data.  One method is to convert to GeoTIFF </comment>
				</fdd:urlReference>
			</fdd:url>
			<fdd:url>
				<fdd:urlReference>
					<link>https://www.bluemarblegeo.com/products/global-mapper-dlvg32.php</link>
					<tag>USGS Digital Data Viewer: dlgv32 Pro</tag>
					<comment>A limited version of the Global Mapper software from Blue Marble Geographics.  </comment>
				</fdd:urlReference>
			</fdd:url>
			<fdd:url>
				<fdd:urlReference>
					<link>https://www.bl.uk/ipres2008/presentations_day2/29_Kosovic.pdf</link>
					<tag>Implementing Preservation Services over the Storage Resource Broker (2008) | by Douglas Kosovic, Jane Hunter</tag>
					<comment>Includes case study on conversion of earlier image formats used for remote-sensing satellite images to GeoTIFF</comment>
				</fdd:urlReference>
			</fdd:url>
			<fdd:url>
				<fdd:urlGroup>
					<fdd:intro>Resources related to the early history of the GeoTIFF format</fdd:intro>
					<fdd:urlList>
						<fdd:urlReference>
							<link>https://web.archive.org/web/19990503185631/http://www.remotesensing.org/geotiff/geotiff.html</link>
							<tag>The GeoTIFF Web Page (as of early 1999) | link via Internet Archive</tag>
						</fdd:urlReference>
						<fdd:urlReference>
							<link>https://web.archive.org/web/20081218024609/http://trac.osgeo.org/geotiff/</link>
							<tag>GeoTIFF page at trac.osgeo.org (as of late 2008) | link via Internet Archive</tag>
						</fdd:urlReference>
						<fdd:urlReference>
							<link>https://web.archive.org/web/20090506002339/http://partners.adobe.com/public/developer/tiff/index.html</link>
							<tag>Adobe page for developers on TIFF format (as of May 2009) | link via Internet Archive.</tag>
							<comment>Refers to GeoTIFF activity at bottom of page.</comment>
						</fdd:urlReference>
					</fdd:urlList>
				</fdd:urlGroup>
			</fdd:url>
			<fdd:url>
				<fdd:urlReference>
					<link>http://docs.opengeospatial.org/is/19-008r4/19-008r4.html</link>
					<tag>OGC GeoTIFF standard | Version 1.1 (September 2019)</tag>
					<comment>Provided for convenience. Version 1.1 is not described separately on this website at this time.</comment>
				</fdd:urlReference>
			</fdd:url>
			<fdd:url>
				<fdd:urlGroup>
					<fdd:intro>Resources related to Cloud Optimized GeoTIFF.  This refinement of GeoTIFF is not described separately on this website.</fdd:intro>
					<fdd:urlList>
						<fdd:urlReference>
							<link>https://github.com/cogeotiff/cog-spec/blob/master/spec.md</link>
							<tag>Definition for Cloud Optimized GeoTIFF</tag>
							<comment>A cloud optimized GeoTIFF is a regular GeoTIFF file, aimed at being hosted on a HTTP file server, whose internal organization is friendly for consumption by clients issuing HTTP GET range request (&quot;bytes: start_offset-end_offset&quot; HTTP header).</comment>
						</fdd:urlReference>
						<fdd:urlReference>
							<link>https://www.cogeo.org/</link>
							<tag>Website for Cloud Optimized GeoTIFF </tag>
						</fdd:urlReference>
					</fdd:urlList>
				</fdd:urlGroup>
			</fdd:url>
			<fdd:url>
				<fdd:urlReference>
					<link>http://www.nationalarchives.gov.uk/pronom/fmt/155</link>
					<tag>PRONOM entry for fmt/155</tag>
					<comment>Information in PRONOM from UK National Archives about GeoTIFF. PUID: fmt/155.</comment>
				</fdd:urlReference>
			</fdd:url>
			<fdd:url>
				<fdd:urlReference>
					<link>https://www.wikidata.org/wiki/Q1502796</link>
					<tag>WikiData entry for Q1502796</tag>
					<comment>Information in WikiData about GeoTIFF. WikiData Title ID: Q1502796.</comment>
				</fdd:urlReference>
			</fdd:url>
		</fdd:urls>
	</fdd:usefulReferences>
</fdd:FDD>
