<?xml version="1.0" encoding="UTF-8"?>
<fdd:FDD id="fdd000212" titleName="JP2 File Format with JPEG 2000 Core Coding, Profile 3" shortName="JP2_J2K_C_Profile_3" xmlns:xsi="http://www.w3.org/2001/XMLSchema-instance" xmlns:fdd="http://www.digitalpreservation.gov/formats/schemas/fdd/v1" xsi:schemaLocation="http://www.digitalpreservation.gov/formats/schemas/fdd/v1 http://www.digitalpreservation.gov/formats/schemas/fdd/v1/fdd-v1-0.xsd">
	<fdd:properties>
		<fdd:gdfrGenreSelection>
			<fdd:gdfrGenres>
				<fdd:gdfrGenre>moving-image</fdd:gdfrGenre>
				<fdd:gdfrGenre>still-image</fdd:gdfrGenre>
			</fdd:gdfrGenres>
		</fdd:gdfrGenreSelection>
		<fdd:formatCategories>
			<fdd:category>file-format</fdd:category>
			<fdd:category>encoding</fdd:category>
		</fdd:formatCategories>
		<fdd:gdfrComposition>unitary</fdd:gdfrComposition>
		<fdd:gdfrForm>binary</fdd:gdfrForm>
		<fdd:gdfrBasis>sampled</fdd:gdfrBasis>
		<fdd:updates>
			<fdd:date>2012-01-09</fdd:date>
		</fdd:updates>
		<fdd:draftStatus>Preliminary</fdd:draftStatus>
	</fdd:properties>
	<fdd:identificationAndDescription>
		<fdd:fullName>JPEG 2000 jp2 file format with profile 3 encoding</fdd:fullName>
		<fdd:keywords>
			<fdd:keyword>JPEG 2000 profiles</fdd:keyword>
			<fdd:keyword>raster image formats</fdd:keyword>
			<fdd:keyword>digital cinema, motion picture formats</fdd:keyword>
		</fdd:keywords>
		<fdd:description>JPEG 2000 core (part 1) wrapper containing encoded data that conforms to Profile 3.  In this preliminary description, the compiler notes that this combination may be hypothetical: in the digital cinema application for which profile 3 was developed, the critical wrapper is the MXF Generic Container <fddLink id="fdd000176">(MXF_GC)</fddLink>.  Within MXF_GC, the JPEG 2000 codestream may or may not also be wrapped in <fddLink id="fdd000143">JP2_FF</fddLink> format.</fdd:description>
		<fdd:shortDescription>JPEG 2000 core (part 1) wrapper containing encoded data that conforms to Profile 3.</fdd:shortDescription>
		<fdd:productionPhase>Final-state content distribution by those who follow the Digital Cinema Initiative <fddLink id="fdd000200">DCP_1_0</fddLink> specification.</fdd:productionPhase>
		<fdd:relationships>
			<fdd:relationship>
				<fdd:typeOfRelationship>Subtype of</fdd:typeOfRelationship>
				<fdd:relatedTo>
					<fdd:id>fdd000143</fdd:id>
					<fdd:shortName>JP2_FF</fdd:shortName>
					<fdd:titleName>JPEG 2000 Part 1 (Core) jp2 File Format</fdd:titleName>
				</fdd:relatedTo>
			</fdd:relationship>
			<fdd:relationship>
				<fdd:typeOfRelationship>Contains</fdd:typeOfRelationship>
				<fdd:relatedTo>
					<fdd:id>fdd000211</fdd:id>
					<fdd:shortName>J2K_C_Profile_3</fdd:shortName>
					<fdd:titleName>JPEG 2000 Part 1, Core Coding, Profile 3</fdd:titleName>
				</fdd:relatedTo>
			</fdd:relationship>
		</fdd:relationships>
	</fdd:identificationAndDescription>
	<fdd:localUse>
		<fdd:experience>See <fddLink id="fdd000143">JP2_FF</fddLink>
		</fdd:experience>
		<fdd:preference>See <fddLink id="fdd000143">JP2_FF</fddLink>
		</fdd:preference>
	</fdd:localUse>
	<fdd:sustainabilityFactors>
		<fdd:disclosure>See <fddLink id="fdd000143">JP2_FF</fddLink>
		</fdd:disclosure>
		<fdd:documentation>See <fddLink id="fdd000143">JP2_FF</fddLink> and <fddLink id="fdd000138">J2K_C</fddLink>
		</fdd:documentation>
		<fdd:adoption>See <fddLink id="fdd000143">JP2_FF</fddLink> and <fddLink id="fdd000138">J2K_C</fddLink>
		</fdd:adoption>
		<fdd:licensingAndPatents>See <fddLink id="fdd000143">JP2_FF</fddLink> and <fddLink id="fdd000138">J2K_C</fddLink>
		</fdd:licensingAndPatents>
		<fdd:transparency>See <fddLink id="fdd000138">J2K_C</fddLink>
		</fdd:transparency>
		<fdd:selfDocumentation>See <fddLink id="fdd000143">JP2_FF</fddLink>
		</fdd:selfDocumentation>
		<fdd:externalDependencies>See <fddLink id="fdd000143">JP2_FF</fddLink> and <fddLink id="fdd000138">J2K_C</fddLink>
		</fdd:externalDependencies>
		<fdd:techProtection>See <fddLink id="fdd000143">JP2_FF</fddLink>
		</fdd:techProtection>
	</fdd:sustainabilityFactors>
	<fdd:qualityAndFunctionalityFactors>
		<fdd:stillImageQF>
			<fdd:normalImage>Good support</fdd:normalImage>
			<fdd:clarity>See <fddLink id="fdd000138">J2K_C</fddLink>
			</fdd:clarity>
			<fdd:colorMaint>See <fddLink id="fdd000143">JP2_FF</fddLink>
			</fdd:colorMaint>
			<fdd:graphics>See <fddLink id="fdd000143">JP2_FF</fddLink>
			</fdd:graphics>
			<fdd:multispectral>See <fddLink id="fdd000143">JP2_FF</fddLink>
			</fdd:multispectral>
			<fdd:beyondImage>See <fddLink id="fdd000143">JP2_FF</fddLink> and <fddLink id="fdd000138">J2K_C</fddLink>
			</fdd:beyondImage>
		</fdd:stillImageQF>
	</fdd:qualityAndFunctionalityFactors>
	<fdd:fileTypeSignifiers>
		<fdd:signifiersGroup>
			<fdd:filenameExtension>
				<fdd:sigValueNA>See related format.</fdd:sigValueNA>
				<fdd:note>
					<p>See <fddLink id="fdd000143">JP2_FF</fddLink>
					</p>
				</fdd:note>
			</fdd:filenameExtension>
			<fdd:internetMediaType>
				<fdd:sigValueNA>See related format.</fdd:sigValueNA>
				<fdd:note>
					<p>See <fddLink id="fdd000143">JP2_FF</fddLink>
					</p>
				</fdd:note>
			</fdd:internetMediaType>
			<fdd:magicNumbers>
				<fdd:sigValueNA>See related format.</fdd:sigValueNA>
				<fdd:note>
					<p>See <fddLink id="fdd000143">JP2_FF</fddLink>
					</p>
				</fdd:note>
			</fdd:magicNumbers>
		</fdd:signifiersGroup>
	</fdd:fileTypeSignifiers>
	<fdd:usefulReferences>
		<fdd:urls>
			<fdd:url>
				<fdd:urlGroup>
					<fdd:intro>See <fddLink id="fdd000143">JP2_FF</fddLink> and <fddLink id="fdd000138">J2K_C</fddLink>.</fdd:intro>
				</fdd:urlGroup>
			</fdd:url>
		</fdd:urls>
	</fdd:usefulReferences>
</fdd:FDD>
