<?xml version="1.0" encoding="UTF-8"?>
<fdd:FDD id="fdd000402" shortName="PPTX/OOXML_Strict_2012" titleName="PPTX Strict (Office Open XML), ISO 29500-1: 2008-2016" xmlns:xsi="http://www.w3.org/2001/XMLSchema-instance" xmlns:fdd="http://www.loc.gov/preservation/digital/formats/schemas/fdd/v1" xsi:schemaLocation="http://www.loc.gov/preservation/digital/formats/schemas/fdd/v1 http://www.loc.gov/preservation/digital/formats/schemas/fdd/v1/fdd-v1-1.xsd">
	<fdd:properties>
		<fdd:gdfrGenreSelection>
			<fdd:gdfrGenre>presentation</fdd:gdfrGenre>
		</fdd:gdfrGenreSelection>
		<fdd:formatCategories>
			<fdd:category>file-format</fdd:category>
		</fdd:formatCategories>
		<fdd:gdfrForm>text</fdd:gdfrForm>
		<fdd:gdfrConstraint>structured</fdd:gdfrConstraint>
		<fdd:gdfrBasis>symbolic</fdd:gdfrBasis>
		<fdd:gdfrDomains>
			<fdd:gdfrDomain>
				<fdd:value>office/business</fdd:value>
			</fdd:gdfrDomain>
		</fdd:gdfrDomains>
		<fdd:updates>
			<fdd:date>2017-02-20</fdd:date>
		</fdd:updates>
		<fdd:draftStatus>Full</fdd:draftStatus>
	</fdd:properties>
	<fdd:identificationAndDescription>
		<fdd:fullName>PPTX Strict, (Office Open XML, PresentationML) ISO 29500-1:2008-2016, also ECMA-376, Editions 2-5.</fdd:fullName>
		<fdd:keywords>
			<fdd:keyword>Vector graphics</fdd:keyword>
			<fdd:keyword>markup languages</fdd:keyword>
		</fdd:keywords>
		<fdd:description>
			<p>The Strict variant of PPTX described here disallows a variety of elements and attributes that are permitted in the more common Transitional variant (<fddLink id="fdd000397">PPTX/OOXML_2012</fddLink>).  The markup for the Strict variant is essentially a subset of markup for the Transitional variant, but the schemas use different namespaces and are distributed separately in complete form.</p>
			<p>The primary distinction between Strict and Transitional PPTX is that all use of the deprecated VML (Vector Markup Language) is disallowed in the Strict variant.  DrawingML is used for all graphics features in PPTX Strict.  Also disallowed are attributes or elements related to a deprecated practice for expressing percentages as integers used when techniques to save space and calculation time were deemed necessary.</p>
			<p>The Strict variant of PPTX was introduced during the standardization in ISO/IEC 29500 in 2008 with the intention of excluding features included in ECMA-376, Edition 1 that were present simply to handle bugs and features of earlier applications or to permit continued use of deprecated markup (e.g. VML markup for drawings).  The intent of the split of the markup specification into Strict (Part 1) and Transitional (Part 4) was that applications would create new documents in the Strict variant; however, in practice, pressure for backwards compatibility has meant that most new files are marked up by applications using the Transitional namespace even if they use no features that are incompatible with the Strict specification.</p>
			<p>For discussion of other aspects of the Strict PPTX format, see the description of the more common Transitional variant of PPTX, <fddLink id="fdd000399">PPTX/OOXML_2012</fddLink>.</p>
		</fdd:description>
		<fdd:shortDescription>A format for presentation documents in the Open Office XML (ISO 29500) format family.  The Strict variant of PPTX was introduced during the standardization in ISO/IEC 29500 in 2008; disallowed is the deprecated VML markup for graphics.  The ability to read Strict PPTX files was implemented in Microsoft&apos;s PowerPoint 2010.  For Windows, PowerPoint and later can read and write PPTX Strict documents.</fdd:shortDescription>
		<fdd:productionPhase>Can be used in any production phase.  Likely used primarily for creating documents (initial state); for editing and review (middle-state); and for final use or distribution.</fdd:productionPhase>
		<fdd:relationships>
			<fdd:relationship>
				<fdd:typeOfRelationship>Subtype of</fdd:typeOfRelationship>
				<fdd:relatedTo>
					<fdd:id>fdd000395</fdd:id>
					<fdd:shortName>OOXML_Family</fdd:shortName>
					<fdd:titleName>OOXML Format Family -- ISO/IEC 29500 and ECMA 376</fdd:titleName>
				</fdd:relatedTo>
			</fdd:relationship>
			<fdd:relationship>
				<fdd:typeOfRelationship>Subtype of</fdd:typeOfRelationship>
				<fdd:relatedTo>
					<fdd:id>fdd000363</fdd:id>
					<fdd:shortName>OPC/OOXML_2012</fdd:shortName>
					<fdd:titleName>Open Packaging Conventions (Office Open XML), ISO 29500-2:2008-2012</fdd:titleName>
				</fdd:relatedTo>
			</fdd:relationship>
			<fdd:relationship>
				<fdd:typeOfRelationship>Modification of</fdd:typeOfRelationship>
				<fdd:relatedTo>
					<fdd:id>fdd000399</fdd:id>
					<fdd:shortName>PPTX/OOXML_2012</fdd:shortName>
					<fdd:titleName>PPTX Transitional (Office Open XML), ISO 29500:2008-2016, ECMA-376, Editions 1-5</fdd:titleName>
				</fdd:relatedTo>
				<fdd:comment>The Transitional form of PPTX allows additional legacy markup to address backward compatibility with bugs and features of older presentation software.  The legacy markup is specified in Part 4 of ISO/IEC 29500.  The Transitional variant has more support for backwards compatibility when converting documents from older formats.</fdd:comment>
			</fdd:relationship>
			<fdd:relationship>
				<fdd:typeOfRelationship>May contain</fdd:typeOfRelationship>
				<fdd:relatedTo>
					<fdd:id>fdd000396</fdd:id>
					<fdd:shortName> MCE/OOXML_2012</fdd:shortName>
					<fdd:titleName>Markup Compatibility and Extensibility (Office Open XML), ISO 29500-3:2008-2015, ECMA-376, Editions 1-4</fdd:titleName>
				</fdd:relatedTo>
			</fdd:relationship>
			<fdd:relationship>
				<fdd:typeOfRelationship>Defined via</fdd:typeOfRelationship>
				<fdd:relatedTo>
					<fdd:id>fdd000075</fdd:id>
					<fdd:shortName>XML</fdd:shortName>
					<fdd:titleName>Extensible Markup Language (XML)</fdd:titleName>
				</fdd:relatedTo>
			</fdd:relationship>
		</fdd:relationships>
	</fdd:identificationAndDescription>
	<fdd:localUse>
		<fdd:experience>In 2017, the Library of Congress is not aware of any documents in the Strict form of PPTX in its collections.</fdd:experience>
		<fdd:preference>As of February 2017, no format preference has been explicitly expressed by the Library of Congress in relation to acquisition of digital presentations for its collections.</fdd:preference>
	</fdd:localUse>
	<fdd:sustainabilityFactors>
		<fdd:disclosure>International open standard.  Maintained by ISO/IEC JTC1 SC34/WG4 as Part 1 of ISO/IEC 29500, first published in 2008.</fdd:disclosure>
		<fdd:documentation>
			<p>
				<i>ISO/IEC 29500-1, Information technology -- Document description and processing
languages -- Office Open XML File Formats -- Part 1: Fundamentals and Markup Language Reference</i>.  Latest version (dated 2016 as of February 2017) is available from <a href="http://standards.iso.org/ittf/PubliclyAvailableStandards/">ISO/IEC Publicly Available Standards</a>.</p>
			<p>All editions of the OOXML standards as published by ECMA are available from <a href="http://www.ecma-international.org/publications/standards/Ecma-376.htm">ECMA-376: Office Open XML File Formats</a>.  The split between Strict and Transitional variants of PPTX was introduced in Edition 2 of ECMA-376 which is identical to ISO/IEC 29500:2008.</p>
		</fdd:documentation>
		<fdd:adoption>
			<p>Versions of LibreOffice since 4.2.3 can read Strict XLSX files.  The Feature Comparison provided by LibreOffice for version 5.3 (released in early 2017) indicates that Strict XLSX files can be read but not written.  However, the existence of <a href="https://wiki.documentfoundation.org/Support_OOXML_strict_export">Support OOXML strict export</a> as a project on <a href="https://wiki.documentfoundation.org/CoreHacks">a to-do list for LibreOffice</a> suggests that this capability may be introduced before long.  A test using LibreOffice 5.2 confirmed that XLSX files written by that application are always in the more common Transitional form, regardless of which of two .xlsx options is chosen from the dropdown menu in the Save As feature.  Two options are presented in LibreOffice because of a few small differences found in some files produced by Microsoft Office, particularly by Office 2007.  See <a href="#useful">Useful References</a> below.</p>
			<p>The Strict variant of PPTX was not widely used or supported as of 2014; support is more common as of early 2017.  The ability to read Strict PPTX files was implemented in Microsoft&apos;s PowerPoint 2010; PowerPoint 2013 added the ability to write Strict files as an option.  Office 365 (a cloud-based  product) can also read and write Strict files. Office for Mac 2011 could neither write nor read Strict files. Office for Mac 2016 can read but not write Strict files.</p>
			<p>Whether the Strict version of PPTX is more widely used in the future will likely depend on whether pressure on software vendors from governments for its adoption outweighs market pressure, which currently seems to favor backwards compatibility.</p>
		</fdd:adoption>
		<fdd:licensingAndPatents>See the more common Transitional form of PPTX, <fddLink id="fdd000399">PPTX/OOXML_2012</fddLink> and <fddLink id="fdd000395">OOXML_Family</fddLink>.</fdd:licensingAndPatents>
		<fdd:transparency>See the more common Transitional form of PPTX, <fddLink id="fdd000399">PPTX/OOXML_2012</fddLink>.</fdd:transparency>
		<fdd:selfDocumentation>See the more common Transitional form of PPTX, <fddLink id="fdd000399">PPTX/OOXML_2012</fddLink>.</fdd:selfDocumentation>
		<fdd:externalDependencies>See the more common Transitional form of PPTX, <fddLink id="fdd000399">PPTX/OOXML_2012</fddLink>.</fdd:externalDependencies>
		<fdd:techProtection>See the more common Transitional form of PPTX, <fddLink id="fdd000399">PPTX/OOXML_2012</fddLink>.</fdd:techProtection>
	</fdd:sustainabilityFactors>
	<fdd:qualityAndFunctionalityFactors>
		<fdd:stillImageQF>
			<fdd:normalImage>See the more common Transitional form of PPTX, <fddLink id="fdd000399">PPTX/OOXML_2012</fddLink> for functionality supported.</fdd:normalImage>
		</fdd:stillImageQF>
		<fdd:textQF/>
	</fdd:qualityAndFunctionalityFactors>
	<fdd:fileTypeSignifiers>
		<fdd:signifiersGroup>
			<fdd:filenameExtension>
				<fdd:sigValues>
					<fdd:sigValue>pptx</fdd:sigValue>
				</fdd:sigValues>
				<fdd:note>Used for Strict and the more common Transitional form of PPTX.  A file with the .ppsx extension, intended to run as a slideshow rather than open for editing is based on the same specification and may have essentially identical markup.</fdd:note>
			</fdd:filenameExtension>
			<fdd:internetMediaType>
				<fdd:sigValues>
					<fdd:sigValue>application/vnd.openxmlformats-officedocument.presentationml.presentation</fdd:sigValue>
				</fdd:sigValues>
				<fdd:note>From <a href="http://www.iana.org/assignments/media-types/application/vnd.openxmlformats-officedocument.presentationml.presentation">IANA registration</a>.</fdd:note>
			</fdd:internetMediaType>
			<fdd:other>
				<fdd:tag>XML namespace declaration</fdd:tag>
				<fdd:values>
					<fdd:sigValues>
						<fdd:sigValue>http://purl.oclc.org/ooxml/presentationml/main</fdd:sigValue>
					</fdd:sigValues>
					<fdd:note>This namespace declaration is for the Strict variant of PPTX.  It occurs in the mandatory Main Document part of a PPTX file (package), usually with the name <i>/ppt/presentation.xml</i> and mapped to the prefix <i>p</i>.  The same namespace declaration will be found in a Strict .ppsx file.</fdd:note>
				</fdd:values>
			</fdd:other>
			<fdd:other>
				<fdd:tag>Other</fdd:tag>
				<fdd:values>
					<fdd:sigValues>
						<fdd:sigValue>Target=&quot;ppt/presentation.xml&quot;</fdd:sigValue>
					</fdd:sigValues>
					<fdd:note>Will usually occur in the top-level Relationships part (<i>/_rels/.rels</i> part in an OPC package in the &lt;Relationships&gt; element of a PPTX or PPSX file.  In the Strict variant, it will be the target of a relationship of type <i>http://purl.oclc.org/ooxml/relationships/officeDocument</i>.  See root namespace and source relationship for Presentation Part in ISO/IEC 29500-1:2012, §13.3.6.</fdd:note>
				</fdd:values>
			</fdd:other>
			<fdd:other>
				<fdd:tag>Pronom PUID</fdd:tag>
				<fdd:values>
					<fdd:sigValueNA>See note.</fdd:sigValueNA>
					<fdd:note>PRONOM has no separate entry for the Strict variant of PPTX.  See the more common Transitional form of PPTX, <fddLink id="fdd000399">PPTX/OOXML_2012</fddLink>.</fdd:note>
				</fdd:values>
			</fdd:other>
			<fdd:other>
				<fdd:tag>Wikidata Title ID</fdd:tag>
				<fdd:values>
					<fdd:sigValues>
						<fdd:sigValue>Q26207824</fdd:sigValue>
					</fdd:sigValues>
					<fdd:note>Office Open XML Presentation Document, Strict, ISO/IEC
29500:2012.  See <a href="https://www.wikidata.org/wiki/Q26207824">https://www.wikidata.org/wiki/Q26207824</a>
					</fdd:note>
				</fdd:values>
			</fdd:other>
			<fdd:other>
				<fdd:tag>Wikidata Title ID</fdd:tag>
				<fdd:values>
					<fdd:sigValues>
						<fdd:sigValue>Q26207794</fdd:sigValue>
					</fdd:sigValues>
					<fdd:note>Office Open XML Presentation Document, Strict, ISO/IEC
29500:2011.  See <a href="https://www.wikidata.org/wiki/Q26207794">https://www.wikidata.org/wiki/Q26207794</a>
					</fdd:note>
				</fdd:values>
			</fdd:other>
			<fdd:other>
				<fdd:tag>Wikidata Title ID</fdd:tag>
				<fdd:values>
					<fdd:sigValues>
						<fdd:sigValue>Q26207727</fdd:sigValue>
					</fdd:sigValues>
					<fdd:note>Office Open XML Presentation Document, Strict, ISO/IEC
29500:2008.  See <a href="https://www.wikidata.org/wiki/Q26207727">https://www.wikidata.org/wiki/Q26207727</a>
					</fdd:note>
				</fdd:values>
			</fdd:other>
			<fdd:other>
				<fdd:tag>Wikidata Title ID</fdd:tag>
				<fdd:values>
					<fdd:sigValues>
						<fdd:sigValue>Q26211539</fdd:sigValue>
					</fdd:sigValues>
					<fdd:note>Office Open XML Presentation Document, Strict, ISO/IEC 29500:2012, with Microsoft extensions.  See <a href="https://www.wikidata.org/wiki/Q26211539">https://www.wikidata.org/wiki/Q26211539</a>
					</fdd:note>
				</fdd:values>
			</fdd:other>
			<fdd:other>
				<fdd:tag>Wikidata Title ID</fdd:tag>
				<fdd:values>
					<fdd:sigValues>
						<fdd:sigValue>Q26211516</fdd:sigValue>
					</fdd:sigValues>
					<fdd:note>Office Open XML Presentation Document, Strict, ISO/IEC 29500:2011, with Microsoft extensions.  See <a href="https://www.wikidata.org/wiki/Q26211516">https://www.wikidata.org/wiki/Q26211516</a>
					</fdd:note>
				</fdd:values>
			</fdd:other>
			<fdd:other>
				<fdd:tag>Wikidata Title ID</fdd:tag>
				<fdd:values>
					<fdd:sigValues>
						<fdd:sigValue>Q26208271</fdd:sigValue>
					</fdd:sigValues>
					<fdd:note>Office Open XML Presentation Document, Strict, ISO/IEC 29500:2008, with Microsoft extensions.  See <a href="https://www.wikidata.org/wiki/Q26208271">https://www.wikidata.org/wiki/Q26208271</a>
					</fdd:note>
				</fdd:values>
			</fdd:other>
		</fdd:signifiersGroup>
	</fdd:fileTypeSignifiers>
	<fdd:notes>
		<fdd:general>See the more common Transitional form of PPTX, <fddLink id="fdd000399">PPTX/OOXML_2012</fddLink>
		</fdd:general>
		<fdd:history>For chronologies of the OOXML standard and for versions of Microsoft Office, see <fddLink id="fdd000398">OOXML_Family</fddLink>.  See also the more common Transitional form of PPTX, <fddLink id="fdd000399">PPTX/OOXML_2012</fddLink>
		</fdd:history>
	</fdd:notes>
	<fdd:formatSpecifications>
		<fdd:urls>
			<fdd:url>
				<fdd:urlReference>
					<link>http://www.ecma-international.org/publications/standards/Ecma-376.htm</link>
					<tag>ECMA-376: Office Open XML File Formats</tag>
					<comment>Provides access to all chronological published versions.  </comment>
				</fdd:urlReference>
			</fdd:url>
			<fdd:url>
				<fdd:urlGroup>
					<fdd:intro>The latest versions of ISO/IEC 29500 are made available at no charge from ISO. The formal titles of the part that specifies the Strict variant of PPTX is <i>Information technology -- Document description and processing
languages -- Office Open XML File Formats -- Part 1:  Fundamentals and Markup Language Reference</i>.  The schemas for the Strict variant described here are available as <a href="http://standards.iso.org/ittf/PubliclyAvailableStandards/c071691_ISO_IEC_29500-1_2016_Electronic_inserts.zip">electronic inserts</a> to Part 1.</fdd:intro>
					<fdd:urlList>
						<fdd:urlReference>
							<link>http://standards.iso.org/ittf/PubliclyAvailableStandards/index.html</link>
							<tag>ISO/IEC Publicly Available Standards</tag>
						</fdd:urlReference>
						<fdd:urlReference>
							<link>http://standards.iso.org/ittf/PubliclyAvailableStandards/c071691_ISO_IEC_29500-1_2016.zip</link>
							<tag>ISO/IEC 29500-1:2016, Fundamentals and Markup Language Reference</tag>
						</fdd:urlReference>
						<fdd:urlReference>
							<link>http://standards.iso.org/ittf/PubliclyAvailableStandards/c071691_ISO_IEC_29500-1_2016_Electronic_inserts.zip</link>
							<tag>2016 schemas in W3C XML Schema language and in RELAX NG for the Strict variant of PPTX, etc..</tag>
						</fdd:urlReference>
						<fdd:urlReference>
							<link>http://standards.iso.org/ittf/PubliclyAvailableStandards/c061750_ISO_IEC_29500-1_2012.zip</link>
							<tag>ISO/IEC 29500-1:2012, Fundamentals and Markup Language Reference</tag>
							<comment>Superseded, but still accessible as of February 2017.</comment>
						</fdd:urlReference>
						<fdd:urlReference>
							<link>http://standards.iso.org/ittf/PubliclyAvailableStandards/c061750_ISO_IEC_29500-1_2012_Electronic_inserts.zip</link>
							<tag>2012 schemas in W3C XML Schema language and in RELAX NG for the Strict variant of PPTX, etc..</tag>
							<comment>Superseded, but still accessible as of February 2017.</comment>
						</fdd:urlReference>
					</fdd:urlList>
				</fdd:urlGroup>
			</fdd:url>
		</fdd:urls>
	</fdd:formatSpecifications>
	<fdd:usefulReferences>
		<fdd:urls>
			<fdd:url>
				<fdd:urlReference>
					<link>https://technet.microsoft.com/en-us/library/dd797428(v=office.16).aspx#section3</link>
					<tag>File formats that are supported in PowerPoint | File format reference for Word, Excel, and PowerPoint (for Office 2016)</tag>
					<comment>Includes specific mention of support for Strict variant of PPTX.</comment>
				</fdd:urlReference>
			</fdd:url>
			<fdd:url>
				<fdd:urlReference>
					<link>https://wiki.documentfoundation.org/Feature_Comparison:_LibreOffice_-_Microsoft_Office</link>
					<tag>Feature Comparison: LibreOffice - Microsoft Office</tag>
					<comment>Indicates that LibreOffice 4.3 supports reading of Strict OOXML files.</comment>
				</fdd:urlReference>
			</fdd:url>
			<fdd:url>
				<fdd:urlGroup>
					<fdd:intro>Listed below are blog or forum posts that discuss support for the Strict variants of OOXML formats and related interoperability problems:</fdd:intro>
					<fdd:urlList>
						<fdd:urlReference>
							<link>http://web.archive.org/web/20160310015945/http://en.libreofficeforum.org/node/7505</link>
							<tag>What is the level of support for MS Office formats? (in LibreOffice)</tag>
							<comment>Feb 2014 blog post from &quot;unofficial LibreOffice support forum&quot; with later addenda.  Forum shut down in May 2016. Link via Internet Archive</comment>
						</fdd:urlReference>
						<fdd:urlReference>
							<link>http://www.imaccanici.org/en.libreofficeforum.org/node/7505</link>
							<tag>What is the level of support for MS Office formats? (in LibreOffice)</tag>
							<comment>From rescued archive of LibreOfficeForum when it closed.</comment>
						</fdd:urlReference>
						<fdd:urlReference>
							<link>https://social.technet.microsoft.com/Forums/en-US/e969fc0a-9fcd-4efe-bf6d-79ea8c34360f/what-is-the-default-file-format-for-saving-in-ms-office-2013-is-it-still-the-transitional-ooxml-or?forum=officeitpro</link>
							<tag>What is the default file format for saving in MS Office 2013? Is it still the transitional OOXML or the ISO/IEC 29500 strict format?</tag>
							<comment>From May 2013, with responses through January 2014.  Clarifies how to set the default format for files created in Office 2013 to the Strict variant.</comment>
						</fdd:urlReference>
						<fdd:urlReference>
							<link>http://nabble.documentfoundation.org/Is-the-quot-Office-Open-XML-quot-option-strict-td4168963.html</link>
							<tag>Is the &quot;Office Open XML&quot; option strict? </tag>
							<comment>From December 2015, with responses through January 2016</comment>
						</fdd:urlReference>
						<fdd:urlReference>
							<link>https://ask.libreoffice.org/en/question/3943/why-does-writer-offer-two-options-for-saving-in-docx-format/</link>
							<tag>Why does Writer offer two options for saving in DOCX format?</tag>
							<comment>From July 2012, with responses through 2014.</comment>
						</fdd:urlReference>
					</fdd:urlList>
				</fdd:urlGroup>
			</fdd:url>
			<fdd:url>
				<fdd:urlGroup>
					<fdd:intro>The Wikidata resource <a href="https://www.wikidata.org/wiki/Wikidata:WikiProject_Informatics/File_formats">https://www.wikidata.org/wiki/Wikidata:WikiProject_Informatics/File_formats</a> is used to compile information about file formats and documentation in a highly structured machine-readable form.  Each format listed at <a href="Wikidata:WikiProject Informatics/File formats/Lists/File formats">Wikidata:WikiProject Informatics/File formats/Lists/File formats</a> has a format identifier known as a Title ID.  This Wikidata resource has given format identifiers to the chronological versions for PPTX and also to whether or not Microsoft extensions are included.  As of February 2017, the Title IDs that correspond to this format description are:</fdd:intro>
					<fdd:urlList>
						<fdd:urlReference>
							<link>https://www.wikidata.org/wiki/Q26207824</link>
							<tag>Wikidata entry for Office Open XML Presentation Document, Strict, ISO/IEC 29500:2012 (Q26207824) </tag>
							<comment>Wikidata Title ID: Q26207824</comment>
						</fdd:urlReference>
						<fdd:urlReference>
							<link>https://www.wikidata.org/wiki/Q26207794</link>
							<tag>Wikidata entry for Office Open XML Presentation Document, Strict, ISO/IEC 29500:2011 (Q26207794) </tag>
							<comment>Wikidata Title ID: Q26207794</comment>
						</fdd:urlReference>
						<fdd:urlReference>
							<link>https://www.wikidata.org/wiki/Q26207727</link>
							<tag>Wikidata entry for Office Open XML Presentation Document, Strict, ISO/IEC 29500:2008 (Q26207727) </tag>
							<comment>Wikidata Title ID: Q26207727</comment>
						</fdd:urlReference>
						<fdd:urlReference>
							<link>https://www.wikidata.org/wiki/Q26211539</link>
							<tag>Wikidata entry for Office Open XML Presentation Document, Transitional, ISO/IEC 29500:2012, with Microsoft extensions (Q26211539)</tag>
							<comment>Wikidata Title ID: Q26211539</comment>
						</fdd:urlReference>
						<fdd:urlReference>
							<link>https://www.wikidata.org/wiki/Q26211516</link>
							<tag>Wikidata entry for Office Open XML Presentation Document, Strict, ISO/IEC 29500:2011, with Microsoft extensions (Q26211516)</tag>
							<comment>Wikidata Title ID: Q26211516</comment>
						</fdd:urlReference>
						<fdd:urlReference>
							<link>https://www.wikidata.org/wiki/Q26208271</link>
							<tag>Wikidata entry for Office Open XML Presentation Document, Strict, ISO/IEC 29500:2008, with Microsoft extensions (QQ26208271)</tag>
							<comment>Wikidata Title ID: Q26208271</comment>
						</fdd:urlReference>
					</fdd:urlList>
				</fdd:urlGroup>
			</fdd:url>
			<fdd:url>
				<fdd:urlGroup>
					<fdd:intro>See the more common Transitional form of PPTX, <fddLink id="fdd000399">PPTX/OOXML_2012</fddLink>
					</fdd:intro>
				</fdd:urlGroup>
			</fdd:url>
		</fdd:urls>
	</fdd:usefulReferences>
</fdd:FDD>
