<?xml version="1.0" encoding="UTF-8"?>
<fdd:FDD id="fdd000057" titleName="RealAudio, Lossless Codec" shortName="RealAudio_LL" xmlns:xsi="http://www.w3.org/2001/XMLSchema-instance" xmlns:fdd="http://www.loc.gov/preservation/digital/formats/schemas/fdd/v1" xsi:schemaLocation="http://www.loc.gov/preservation/digital/formats/schemas/fdd/v1 http://www.loc.gov/preservation/digital/formats/schemas/fdd/v1/fdd-v1-2.xsd">
	<fdd:properties>
		<fdd:gdfrGenreSelection>
			<fdd:gdfrGenre>sound</fdd:gdfrGenre>
		</fdd:gdfrGenreSelection>
		<fdd:formatCategories>
			<fdd:category>encoding</fdd:category>
		</fdd:formatCategories>
		<fdd:gdfrComposition>unitary</fdd:gdfrComposition>
		<fdd:gdfrForm>binary</fdd:gdfrForm>
		<fdd:gdfrBasis>sampled</fdd:gdfrBasis>
		<fdd:updates>
			<fdd:date>2011-02-15</fdd:date>
		</fdd:updates>
		<fdd:draftStatus>Partial</fdd:draftStatus>
	</fdd:properties>
	<fdd:identificationAndDescription>
		<fdd:fullName>RealAudio, Lossless Codec</fdd:fullName>
		<fdd:keywords>
			<fdd:keyword>audio formats</fdd:keyword>
			<fdd:keyword>recorded sound formats</fdd:keyword>
		</fdd:keywords>
		<fdd:description>Audio compression codec recommended by RealMedia for use by "professional and archiving services."  The codec creator report that the compression algorithm generally cuts` file sizes in half.</fdd:description>
		<fdd:shortDescription>Recommended by RealMedia for use by professional and archiving services.</fdd:shortDescription>
		<fdd:productionPhase>Generally a middle-state format, suitable for use in asset management and archiving.</fdd:productionPhase>
		<fdd:relationships>
			<fdd:relationship>
				<fdd:typeOfRelationship>Used by</fdd:typeOfRelationship>
				<fdd:relatedTo>
					<fdd:id>fdd000051</fdd:id>
					<fdd:shortName>RealAudio_10</fdd:shortName>
					<fdd:titleName>RealAudio, Version 10</fdd:titleName>
				</fdd:relatedTo>
			</fdd:relationship>
		</fdd:relationships>
	</fdd:identificationAndDescription>
	<fdd:localUse>
		<fdd:experience>See <fddLink id="fdd000051">RealAudio_10</fddLink>
		</fdd:experience>
		<fdd:preference>See <fddLink id="fdd000051">RealAudio_10</fddLink>
		</fdd:preference>
	</fdd:localUse>
	<fdd:sustainabilityFactors>
		<fdd:disclosure>See <fddLink id="fdd000051">RealAudio_10</fddLink>
		</fdd:disclosure>
		<fdd:documentation>See <fddLink id="fdd000051">RealAudio_10</fddLink>
		</fdd:documentation>
		<fdd:adoption>See <fddLink id="fdd000051">RealAudio_10</fddLink>
		</fdd:adoption>
		<fdd:licensingAndPatents>See <fddLink id="fdd000051">RealAudio_10</fddLink>
		</fdd:licensingAndPatents>
		<fdd:transparency>See <fddLink id="fdd000051">RealAudio_10</fddLink>
		</fdd:transparency>
		<fdd:selfDocumentation>See <fddLink id="fdd000051">RealAudio_10</fddLink>
		</fdd:selfDocumentation>
		<fdd:externalDependencies>See <fddLink id="fdd000051">RealAudio_10</fddLink>
		</fdd:externalDependencies>
		<fdd:techProtection>See <fddLink id="fdd000051">RealAudio_10</fddLink>
		</fdd:techProtection>
	</fdd:sustainabilityFactors>
	<fdd:qualityAndFunctionalityFactors>
		<fdd:soundQF>
			<fdd:normalSound>Good support</fdd:normalSound>
			<fdd:fidelity>Excellent, although the application may be limited to CD-quality source material (44.1 kHz sampling, 16-bit words).</fdd:fidelity>
			<fdd:channels>Not investigated</fdd:channels>
		</fdd:soundQF>
	</fdd:qualityAndFunctionalityFactors>
	<fdd:fileTypeSignifiers>
		<fdd:signifiersGroup>
			<fdd:filenameExtension>
				<fdd:sigValueNA>Not applicable.</fdd:sigValueNA>
				<fdd:note>
					<p>See <fddLink id="fdd000051">RealAudio_10</fddLink>
					</p>
				</fdd:note>
			</fdd:filenameExtension>
			<fdd:internetMediaType>
				<fdd:sigValueNA>Not applicable.</fdd:sigValueNA>
				<fdd:note>
					<p>See <fddLink id="fdd000051">RealAudio_10</fddLink>
					</p>
				</fdd:note>
			</fdd:internetMediaType>
			<fdd:magicNumbers>
				<fdd:sigValueNA>Not applicable.</fdd:sigValueNA>
				<fdd:note>
					<p>See <fddLink id="fdd000051">RealAudio_10</fddLink>
					</p>
				</fdd:note>
			</fdd:magicNumbers>
			<fdd:other>
				<fdd:tag>Microsoft FOURCC</fdd:tag>
				<fdd:values>
					<fdd:sigValues>
						<fdd:sigValue>ralf</fdd:sigValue>
					</fdd:sigValues>
					<fdd:note>For the lossless codec (RealAudio 10), this fourcc code will appear in the <fddLink id="fdd000051">RealAudio_10</fddLink> file wrapper.</fdd:note>
				</fdd:values>
			</fdd:other>
			<fdd:other>
				<fdd:tag>Pronom PUID</fdd:tag>
				<fdd:values>
					<fdd:sigValueNA>See note.</fdd:sigValueNA>
					<fdd:note>PRONOM has no corresponding entry as of July 2022.</fdd:note>
				</fdd:values>
			</fdd:other>
			<fdd:other>
				<fdd:tag>Wikidata Title ID</fdd:tag>
				<fdd:values>
					<fdd:sigValues>
						<fdd:sigValue>Q4048055</fdd:sigValue>
					</fdd:sigValues>
					<fdd:note>See <a href="https://www.wikidata.org/wiki/Q4048055">https://www.wikidata.org/wiki/Q4048055</a>
					</fdd:note>
				</fdd:values>
			</fdd:other>
		</fdd:signifiersGroup>
	</fdd:fileTypeSignifiers>
	<fdd:usefulReferences>
		<fdd:urls>
			<fdd:url>
				<fdd:urlGroup>
					<fdd:intro>See <fddLink id="fdd000051">RealAudio_10</fddLink>.</fdd:intro>
				</fdd:urlGroup>
			</fdd:url>
		</fdd:urls>
	</fdd:usefulReferences>
</fdd:FDD>
