<?xml version="1.0" encoding="UTF-8"?>
<fdd:FDD id="fdd000391" titleName="cc:Mail Archive Email Format" shortName="CCA" xmlns:xsi="http://www.w3.org/2001/XMLSchema-instance" xmlns:fdd="http://www.loc.gov/preservation/digital/formats/schemas/fdd/v1" xsi:schemaLocation="http://www.loc.gov/preservation/digital/formats/schemas/fdd/v1 http://www.loc.gov/preservation/digital/formats/schemas/fdd/v1/fdd-v1-1.xsd">
	<fdd:properties>
		<fdd:gdfrGenreSelection>
			<fdd:gdfrGenre>text</fdd:gdfrGenre>
		</fdd:gdfrGenreSelection>
		<fdd:formatCategories>
			<fdd:category>encoding</fdd:category>
		</fdd:formatCategories>
		<fdd:gdfrComposition>unitary</fdd:gdfrComposition>
		<fdd:gdfrForm>binary</fdd:gdfrForm>
		<fdd:gdfrConstraint>structured</fdd:gdfrConstraint>
		<fdd:gdfrBasis>sampled</fdd:gdfrBasis>
		<fdd:updates>
			<fdd:date>2014-11-21</fdd:date>
		</fdd:updates>
		<fdd:draftStatus>Partial</fdd:draftStatus>
	</fdd:properties>
	<fdd:identificationAndDescription>
		<fdd:fullName>cc:Mail Archive Email Format</fdd:fullName>
		<fdd:description>
			<p>CCA is the archive format used by the obsolete cc:Mail email system popular in the mid-to-late 1990s. CCA files contain all email message components, including attachments. The cc:Mail software program was a MS-DOS based store-and-forward LAN based email system which was eventually absorbed into Lotus Notes. See <a href="#notes">Notes</a> for more information.</p>
		</fdd:description>
		<fdd:shortDescription>The cc:Mail format, CCA, is the archive format used by the obsolete cc:Mail email system popular in the mid-to-late 1990s. </fdd:shortDescription>
		<fdd:productionPhase/>
		<fdd:relationships>
			<fdd:relationship>
				<fdd:typeOfRelationship>Affinity to</fdd:typeOfRelationship>
				<fdd:relatedTo>
					<fdd:id>fdd000393</fdd:id>
					<fdd:shortName>IMF</fdd:shortName>
					<fdd:titleName>Internet Message Format</fdd:titleName>
				</fdd:relatedTo>
				<fdd:comment>
					<p>The limited available documentation for cc:Mail does not state an explicit relationship to IMF but IMF defines the ASCII-based syntax required by SMTP for all email message bitstreams used by message transfer agents (MTAs) when moving messages between computers. <a href="http://www.digitalpreservation.gov/formats/contact_format.shtml">Comments welcome.</a>
					</p>
				</fdd:comment>
			</fdd:relationship>
		</fdd:relationships>
	</fdd:identificationAndDescription>
	<fdd:localUse>
		<fdd:experience/>
		<fdd:preference/>
	</fdd:localUse>
	<fdd:sustainabilityFactors>
		<fdd:disclosure>Little documentation available about CCA is available. The majority of the documentation refers to the cc:Mail email platform.</fdd:disclosure>
		<fdd:documentation>There is no publicly available specification that defines cc:Mail as an archive format. <a href="http://www.digitalpreservation.gov/formats/contact_format.shtml">Comments welcome.</a>
		</fdd:documentation>
		<fdd:adoption>
			<p>The cc:Mail system provided native email clients for DOS, Microsoft Windows, OS/2, Macintosh, and Unix (the MIT X Window System under HP-UX and Solaris). cc:Mail allowed client access via native clients, web browsers, POP3 and IMAP4. cc:Mail provided the first commercial web-based email product in 1995.</p>
			<p>According to <a href="usefulReferences">Computerworld</a> on Jan 25, 1999, there were 14 million cc:Mail users at the end of 1997. This dropped by about 50,000 users per month from 1997 - 1999 with the development of Lotus Notes.</p>
		</fdd:adoption>
		<fdd:licensingAndPatents>
			<p>CCA is an obsolete format no longer supported by any current email platform. There are no known patents. Licenses, if they existed when cc:Mail was in active use, are no longer valid. <a href="http://www.digitalpreservation.gov/formats/contact_format.shtml">Comments welcome.</a>
			</p>
		</fdd:licensingAndPatents>
		<fdd:transparency>
			<p>CCA files are US-ASCII text so are accessible through plain text processing tools.</p>
		</fdd:transparency>
		<fdd:selfDocumentation>
			<p>All ASCII-based email message bitstreams, including CCA, follow the IMF syntax which includes well-structured header fields.</p>
		</fdd:selfDocumentation>
		<fdd:externalDependencies>None because CCA is no longer in active use. See <a href="#notes">Notes</a> for more information about software compatibilities.</fdd:externalDependencies>
		<fdd:techProtection>None</fdd:techProtection>
	</fdd:sustainabilityFactors>
	<fdd:qualityAndFunctionalityFactors/>
	<fdd:fileTypeSignifiers>
		<fdd:signifiersGroup>
			<fdd:filenameExtension>
				<fdd:sigValues>
					<fdd:sigValue>cca</fdd:sigValue>
				</fdd:sigValues>
			</fdd:filenameExtension>
			<fdd:internetMediaType>
				<fdd:sigValues>
					<fdd:sigValue>application/octet-stream</fdd:sigValue>
				</fdd:sigValues>
				<fdd:note>
					<p>
						<a href="http://www.filesuffix.com/en/extension/cca">FileSuffix.com entry&apos;s on cc:Mail</a> lists cc:Mail&apos;s MIME type as <i>application/octet-stream</i>, the default for all binary data streams especially those without a file extension. However, all email formats based on RFC 822 (and it&apos;s successors RFC 2822 and RFC 5322) have the MIME type <i>message/rfc822</i> See <fddLink id="fdd000393">IMF</fddLink> for more information. <a href="http://www.digitalpreservation.gov/formats/contact_format.shtml">Comments welcome.</a>
					</p>
				</fdd:note>
			</fdd:internetMediaType>
		</fdd:signifiersGroup>
	</fdd:fileTypeSignifiers>
	<fdd:notes>
		<fdd:general>
			<p>According to <a href="http://flylib.com/books/en/3.393.1.151/1/">Unkroth</a>, Lotus cc:Mail used the address format &lt;user&gt; at &lt;post office&gt; (note that &quot;at&quot; is not a synonym for the @ sign, and &lt;user&gt;@&lt;post office&gt; would form an invalid address). The cc:Mail formatted addresses needed to be translated to conform with the RFC 822 model of &lt;user&gt;@&lt;post office&gt;. <a href="http://www.digitalpreservation.gov/formats/contact_format.shtml">Comments welcome.</a>
			</p>
		</fdd:general>
		<fdd:history>
			<p>There&apos;s little history of the CCA archive format but <a href="http://en.wikipedia.org/wiki/Cc:Mail">Wikipedia </a>provides a time line for the cc:Mail software platform: "cc:Mail was a store-and-forward LAN-based email system originally developed on the Microsoft MS-DOS platform by Concentric Systems, Inc. in the 1980s. The company, founded by Robert Plummer, Hubert Lipinski, and Michael Palmer, later changed its name to PPC Systems, Inc., and then to cc:Mail Inc." </p>
			<p>The cc:Mail platform was acquired by Lotus Development in 1991 and Lotus itself was acquired by IBM in 1995. Lotus attempted to migrate cc:Mail customers to Lotus Notes but the CCA format was not supported in Lotus Notes. The final version of cc:Mail was 8.5 and was released in 2000. The cc:Mail email platform was withdrawn from the market in October 2000 and all cc:Mail development ceased the following January, with telephone support ending in October 2001.</p>
			<p>The two major contenders for cc:Mail users, Microsoft and Lotus, both developed tools to migrate CCA data into new platforms. Lotus&apos;s attempts to move cc:Mail customers to Lotus Notes met with limited success, because of early challenges in the area of coexistence and migration between cc:Mail and Notes and because Lotus was focused on groupware rather than simple email. Microsoft, which provided a simpler migration path and a more focused solution (email), succeeded in winning the majority of the cc:Mail installed base in the United States. </p>
			<p>Microsoft created a utility called &quot;<a href="http://www.microsoft.com/en-us/download/details.aspx?id=18820">Exchange Server Importer for Lotus cc:Mail Archives</a>,&quot; sometimes also referred to as &quot;Microsoft Importer for Lotus cc:Mail Archives,&quot; to import CCA data into Outlook <fddLink id="fdd000377">PST</fddLink> files.  The cc:Mail Archive Importer for Microsoft Exchange Server created a folder called cc:Mail Archives and a subfolders for each archive file selected for conversion. The ASCII message files, including header information, were translated to <fddLink id="fdd000377">PST</fddLink> format before ingest. However, the Microsoft importer did not import rich-text features supported in later versions of cc:Mail. Style characteristics such as fonts and highlighting are not retained in the imported messages.</p>
			<p>In 1999, Lotus developed the SmartMove program which included bundled tools and services to move users away from host-based and LAN email systems, including cc:Mail and Microsoft Mail, to Lotus Notes Mail and Domino.</p>
		</fdd:history>
	</fdd:notes>
	<fdd:formatSpecifications/>
	<fdd:usefulReferences>
		<fdd:urls>
			<fdd:url>
				<fdd:urlReference>
					<link>http://en.wikipedia.org/wiki/Cc:Mail</link>
					<tag>Wikipedia entry for cc:Mail</tag>
					<comment>Describes the cc:Mail software program with some information on .cca format.</comment>
				</fdd:urlReference>
			</fdd:url>
			<fdd:url>
				<fdd:urlReference>
					<link>https://www.ibm.com/developerworks/lotus/library/ls-Transitioning_from_ccMail/</link>
					<tag>Notes From Support:Transitioning from cc:Mail to Notes Mail using Agents</tag>
					<comment>Article from 1998 describing migrating from cc:Mail to Lotus Notes</comment>
				</fdd:urlReference>
			</fdd:url>
			<fdd:url>
				<fdd:urlReference>
					<link>http://books.google.com/books?id=vai8nPNzrdUC&amp;lpg=PA12&amp;pg=PA12#v=onepage&amp;q&amp;f=false</link>
					<tag>CC:Mail Users Get the Message to Move On</tag>
					<comment>Computerworld article: Describes the migration of users away from CC:Mail to Lotus Notes and other programs</comment>
				</fdd:urlReference>
			</fdd:url>
			<fdd:url>
				<fdd:urlReference>
					<link>http://flylib.com/books/en/3.393.1.151/1/</link>
					<tag> MCSE Training Kit: Microsoft Exchange 2000 Server Implementation and Administration</tag>
					<comment>Chapter on setting up the Microsoft Exchange Connector for cc:Mail</comment>
				</fdd:urlReference>
			</fdd:url>
			<fdd:url>
				<fdd:urlReference>
					<link>http://www.fileinfo.com/extension/cca</link>
					<tag>cc:Mail Archive File from FileInfo.com</tag>
					<comment>Defines CCA extension</comment>
				</fdd:urlReference>
			</fdd:url>
			<fdd:url>
				<fdd:urlReference>
					<link>http://support.microsoft.com/kb/196622</link>
					<tag>Microsoft: OL2000: (CW) How to Import Archived cc:Mail files into Outlook</tag>
					<comment>Includes details on selecting a cc:Mail archive format</comment>
				</fdd:urlReference>
			</fdd:url>
			<fdd:url>
				<fdd:urlReference>
					<link>http://www.microsoft.com/en-us/download/details.aspx?id=18820</link>
					<tag>Microsoft: Exchange Server Importer for Lotus cc:Mail Archives </tag>
					<comment>Details on importing CCA files to folders in an Exchange 2003 mailbox store or to one or more PST files.</comment>
				</fdd:urlReference>
			</fdd:url>
			<fdd:url>
				<fdd:urlReference>
					<link>http://www.filesuffix.com/en/extension/cca</link>
					<tag>Details of the .cca file extension from FileSuffix.com</tag>
					<comment>Includes MIME type listing</comment>
				</fdd:urlReference>
			</fdd:url>
			<fdd:url>
				<fdd:urlReference>
					<link>https://web.archive.org/web/19990429035515/http://www.lotus.com/home.nsf/welcome/ccmail</link>
					<tag>Wayback Machine&apos;s limited capture of cc:Mail product website</tag>
					<comment>Technical documentation was not crawled so is not accessible</comment>
				</fdd:urlReference>
			</fdd:url>
			<fdd:url>
				<fdd:urlReference>
					<link>ftp://ftp.lotus.com/comm/ccmail/prodinfo/r81pig.pdf</link>
					<tag>Lotus cc:Mail
Planning and Installation Guide
Release 8.1</tag>
					<comment>Details about the cc:Mail software including the mailbox structure with archive options. No details about the message syntax.</comment>
				</fdd:urlReference>
			</fdd:url>
			<fdd:url>
				<fdd:urlReference>
					<link>ftp://ftp.software.ibm.com/pub/lotusweb/countries/brazil/y2k/ccmail83/CCMPO/readmei.txt</link>
					<tag>Lotus cc:Mail Release 8.3 Import/Export for DOS</tag>
					<comment>Limited syntax information</comment>
				</fdd:urlReference>
			</fdd:url>
			<fdd:url>
				<fdd:urlReference>
					<link>http://flylib.com/books/en/3.393.1.151/1/</link>
					<tag>MCSE Training Kit (Exam 70-225): Microsoft Exchange 2000 Server Design and Deployment (Pro-Certification) -</tag>
					<comment>Chapter on importing Lotus cc:Mail data into Microsoft Exchange Server</comment>
				</fdd:urlReference>
			</fdd:url>
			<fdd:url>
				<fdd:urlReference>
					<link>http://en.wikipedia.org/wiki/Message_transfer_agent</link>
					<tag>Wikipedia entry for Message Transfer Agent</tag>
					<comment>Overview of the role of MTA in moving email across computers and systems</comment>
				</fdd:urlReference>
			</fdd:url>
		</fdd:urls>
	</fdd:usefulReferences>
</fdd:FDD>
