<?xml version="1.0" encoding="UTF-8"?>
<fdd:FDD id="fdd000517" titleName="Scalable Vector Graphics (SVG), Version 2" shortName="SVG_2" xmlns:xsi="http://www.w3.org/2001/XMLSchema-instance" xmlns:fdd="http://www.loc.gov/preservation/digital/formats/schemas/fdd/v1" xsi:schemaLocation="http://www.loc.gov/preservation/digital/formats/schemas/fdd/v1 http://www.loc.gov/preservation/digital/formats/schemas/fdd/v1/fdd-v1-1.xsd">
	<fdd:properties>
		<fdd:gdfrGenreSelection>
			<fdd:gdfrGenre>still-image</fdd:gdfrGenre>
		</fdd:gdfrGenreSelection>
		<fdd:formatCategories>
			<fdd:category>encoding</fdd:category>
			<fdd:category>file-format</fdd:category>
		</fdd:formatCategories>
		<fdd:gdfrComposition>unitary</fdd:gdfrComposition>
		<fdd:gdfrForm>text</fdd:gdfrForm>
		<fdd:gdfrConstraint>structured</fdd:gdfrConstraint>
		<fdd:gdfrBasis>symbolic</fdd:gdfrBasis>
		<fdd:updates>
			<fdd:date>2020-04-08</fdd:date>
		</fdd:updates>
		<fdd:draftStatus>Preliminary</fdd:draftStatus>
	</fdd:properties>
	<fdd:identificationAndDescription>
		<fdd:fullName>Scalable Vector Graphics (SVG), Version 2</fdd:fullName>
		<fdd:keywords>
			<fdd:keyword>vector graphic formats</fdd:keyword>
		</fdd:keywords>
		<fdd:description>
			<p>SVG is an XML-based format and markup language for describing two-dimensional graphics.  For information about the structure and features of the format, see <fddLink id="fdd000515">SVG_family</fddLink>. SVG Version 2 became a W3C Candidate Recommendation in 2016.  See <a href="https://www.w3.org/TR/SVG2/">https://www.w3.org/TR/SVG2/</a> for the latest approved version of the recommendation.  For the latest editor&apos;s draft for more recent information as to the content expected in the next version of the recommendation for SVG 2, see <a href="https://svgwg.org/svg2-draft/">https://svgwg.org/svg2-draft/</a>.</p>
			<p>See <fddLink id="fdd000515">SVG_family</fddLink> for a general description of graphic features supported by SVG and the structure of an SVG file.  Most features are common to all versions of SVG.</p>
			<p>According to the <a href="https://en.wikipedia.org/wiki/Scalable_Vector_Graphics#Version_2.x">Wikipedia entry for Scalable Vector Graphics</a>, &quot;SVG 2.0 removes or deprecates some features of <fddLink id="fdd000020">SVG 1.1</fddLink> and incorporates new features from <fddLink id="fdd000481">HTML 5</fddLink> and Web Open Font Format.&quot;  See also <a href="https://www.w3.org/Graphics/SVG/WG/wiki/SVG2_Requirements_Input">SVG 2 Requirements Input</a> for early plans.  For detailed changes as currently proposed, see <a href="https://www.w3.org/TR/SVG2/changes.html">Scalable Vector Graphics (SVG) 2 -- Candidate Recommendation.  Appendix K: Changes from SVG 1.1</a>.  Many changes relate to added options for existing features.  Few relate to changes in whether a feature is supported in a conceptual sense or not.</p>
			<p>An important objective of SVG 2 is to improve compatibility with related standards as they are updated and implemented by browsers, (e.g., <fddLink id="fdd000482">CSS</fddLink>, <fddLink id="fdd000475">HTML</fddLink>, and the Web Open Font Format (<a href="https://www.w3.org/TR/WOFF/">WOFF</a>), which is a container format or &quot;wrapper&quot; for font data in already-existing formats).  As a result, chapters whose normative content in the SVG 1.1 specification has been moved to other specifications have been removed from the SVG 2 draft but the features can still be supported in compliant documents.  For example, new related specifications cover:</p>
			<ul>
				<li>
					<b>Filters:</b>
					<a href="https://www.w3.org/TR/filter-effects-1/">Filter Effects Module Level 1</a> from W3C. This specification describes graphics filters in a manner that allows them to be used in any content that can be styled by CSS, including HTML and SVG.  For examples of uses of filters, see <fddLink id="fdd000515">SVG_family</fddLink>.</li>
				<li>
					<b>Animation:</b>
					<a href="https://www.w3.org/TR/web-animations-1/#introduction">Web Animations</a> from W3C.  The Web Animations model is intended to provide the features necessary for expressing CSS Transitions, CSS Animations, and animations as supported in SVG 1.1.</li>
				<li>
					<b>Clipping and masking:</b>
					<a href="https://www.w3.org/TR/css-masking-1/">CSS Masking Module Level 1</a> from W3C.  CSS Masking provides two means for partially or fully hiding portions of visual elements: masking and clipping.</li>
				<li>
					<b>Color:</b>
					<a href="https://www.w3.org/TR/css-color-3/">CSS Color Module Level 3</a> from W3C.  CSS uses color-related properties and values to color the text, backgrounds, borders, and other parts of elements in a document or graphic. This specification describes color values and properties for foreground color and opacity/transparency. These include properties and values from CSS level 2 and new values.</li>
			</ul>
			<p>For many styling features, SVG 1.1 was closely related to <a href="https://www.w3.org/TR/CSS2/">CSS2</a>. Since CSS2 was published in 2011, the CSS specification has been divided into modules.  SVG 2 relies on more recent specifications for some CSS modules; see <a href="https://svgwg.org/svg2-draft/single-page.html#refs-NormativeReferences">Normative references in SVG 2 (Editor&apos;s Draft)</a> and see <a href="https://www.w3.org/Style/CSS/">W3C home page for CSS</a> for development status of various CSS modules.</p>
			<p>
				<a href="https://svgwg.org/svg2-draft/changes.html">The latest editor&apos;s draft for SVG</a> includes notes that relate to implementation of proposed additions.  For example, in <a href="https://svgwg.org/svg2-draft/coords.html#VectorEffects">8.13 Vector effects</a> as of March 2020 was a note indicating, &quot;Values of vector-effect other than non-scaling-stroke and none are at risk of being dropped from SVG 2 due to a lack of implementations. Feedback from implementers is requested, regarding the practicality of implementing them as currently specified, during the implementation period.&quot;  <a href="https://svgwg.org/svg2-draft/changes.html">Appendix K in the latest editor&apos;s draft</a> identifies a more extensive list of proposed changes from SVG 1.1 than in the Candidate Recommendation and also has links to working group discussions on issues and edits.</p>
		</fdd:description>
		<fdd:shortDescription>SVG is a language for describing two-dimensional graphics in XML. SVG allows for three types of graphic objects: vector graphic shapes (e.g., paths consisting of straight lines and curves), raster graphics (raster images), and text. SVG is an open standard from the World Wide Web Consortium (W3C).  SVG 2 was first published as a Candidate Recommendation in September 2016.</fdd:shortDescription>
		<fdd:productionPhase>See <fddLink id="fdd000515">SVG_family</fddLink>.</fdd:productionPhase>
		<fdd:relationships>
			<fdd:relationship>
				<fdd:typeOfRelationship>Subtype of</fdd:typeOfRelationship>
				<fdd:relatedTo>
					<fdd:id>fdd000515</fdd:id>
					<fdd:shortName>SVG_family</fdd:shortName>
					<fdd:titleName>Scalable Vector Graphics (SVG) File Format Family</fdd:titleName>
				</fdd:relatedTo>
			</fdd:relationship>
			<fdd:relationship>
				<fdd:typeOfRelationship>Subtype of</fdd:typeOfRelationship>
				<fdd:relatedTo>
					<fdd:id>fdd000075</fdd:id>
					<fdd:shortName>XML</fdd:shortName>
					<fdd:titleName>XML (EXtensible Markup Language)</fdd:titleName>
				</fdd:relatedTo>
			</fdd:relationship>
			<fdd:relationship>
				<fdd:typeOfRelationship>Has earlier version</fdd:typeOfRelationship>
				<fdd:relatedTo>
					<fdd:id>fdd000020</fdd:id>
					<fdd:shortName>SVG_1_1</fdd:shortName>
					<fdd:titleName>Scalable Vector Graphics (SVG), Version 1.1</fdd:titleName>
				</fdd:relatedTo>
				<fdd:comment>Initially published as a W3C Recommendation in 2003 , with a second edition published in 2011.</fdd:comment>
			</fdd:relationship>
			<fdd:relationship>
				<fdd:typeOfRelationship>Affinity to</fdd:typeOfRelationship>
				<fdd:relatedTo>
					<fdd:id>fdd000043</fdd:id>
					<fdd:shortName>SVG_Tiny_1_2</fdd:shortName>
					<fdd:titleName>Scalable Vector Graphics (SVG) Tiny, Version 1.2</fdd:titleName>
				</fdd:relatedTo>
				<fdd:comment>SVG Profile, released in December 2008, intended for implementation on a range of devices, including cellphones and PDAs as well as laptops and personal computers.  SVG 2 incorporates some features introduced with SVG Tiny 1.2.</fdd:comment>
			</fdd:relationship>
		</fdd:relationships>
	</fdd:identificationAndDescription>
	<fdd:localUse>
		<fdd:experience>See <fddLink id="fdd000515">SVG_family</fddLink>.</fdd:experience>
		<fdd:preference>The Library of Congress Recommended Formats Statement (RFS) includes SVG as a preferred format for <a href="https://www.loc.gov/preservation/resources/rfs/stillimg.html#ogdigital">other graphic images in digital form</a>. The RFS does not specify a version of SVG.</fdd:preference>
	</fdd:localUse>
	<fdd:sustainabilityFactors>
		<fdd:disclosure>Openly documented as a candidate standard by the World Wide Web Consortium (<a href="https://www.w3.org/">W3C</a>).  Maintained by SVG Working Group.  See <a href="https://www.w3.org/Graphics/SVG/">https://www.w3.org/Graphics/SVG/</a> and <a href="https://www.w3.org/Graphics/SVG/svg-2019.html">SVG Working Group Charter (starting 22 March 2019)</a>, current as of early 2020.</fdd:disclosure>
		<fdd:documentation>
			<p>The latest W3C recommendation is at <a href="https://www.w3.org/TR/SVG2/">https://www.w3.org/TR/SVG2/</a>.  As of April 2020, SVG 2 is a candidate recommendation, available at <a href="https://www.w3.org/TR/2018/CR-SVG2-20181004/">Scalable Vector Graphics (SVG) 2, W3C Candidate Recommendation 04 October 2018</a>.  The latest editor&apos;s draft is available as <a href="https://svgwg.org/svg2-draft/">SVG 2 Editor&apos;s Draft</a>.</p>
			<p>See also <fddLink id="fdd000515">SVG_family</fddLink>.</p>
		</fdd:documentation>
		<fdd:adoption>
			<p>The editor&apos;s draft for the SVG 2 specification in February 2020, says, &apos;All features in this specification depend upon implementation in browsers or authoring tools. If a feature is not certain to be implemented, we define that feature as &quot;at risk&quot;. At-risk features will be removed from the current specification, and may be included in future versions of the specification. If an at-risk feature is particularly important to authors of SVG, those authors are encouraged to give feedback to implementers regarding its priority.&apos;</p>
			<p>The following features in the Candidate Recommendation are at risk, and may be dropped:</p>
			<ul>
				<li>More than one <i>title</i> or <i>desc</i> to provide localisation</li>
				<li>Nested links</li>
				<li>The <i>vector-effect</i> options other than <i>non-scaling-stroke</i>
				</li>
				<li>
					<i>stroke-linejoin</i> options <i>miter-clip</i> and <i>arcs</i>
				</li>
				<li>The <i>shape-inside</i> and <i>shape-subtract</i> properties</li>
			</ul>
			<p>The compilers of this resource assume that all other changes from SVG 1.1 are already supported by mainstream browsers or commitments have been made by browser developers.   Note that the HTML Living Standard (formerly known as HTML 5) has used SVG 2 as its normative reference for SVG since mid-2018.  See <a href="https://html.spec.whatwg.org/#svg-0">HTML | 4.8.17 SVG</a>.  <a href="../contact_format.shtml">Comments welcome</a>.</p>
			<p>See <fddLink id="fdd000515">SVG_family</fddLink> for adoption of SVG in general, which is primarily of SVG 1.1, the approved W3C Recommendation for SVG since 2003.</p>
		</fdd:adoption>
		<fdd:licensingAndPatents>See <fddLink id="fdd000515">SVG_family</fddLink>.</fdd:licensingAndPatents>
		<fdd:transparency>See <fddLink id="fdd000515">SVG_family</fddLink>.</fdd:transparency>
		<fdd:selfDocumentation>See <fddLink id="fdd000515">SVG_family</fddLink>.</fdd:selfDocumentation>
		<fdd:externalDependencies>See <fddLink id="fdd000515">SVG_family</fddLink>.</fdd:externalDependencies>
		<fdd:techProtection>See <fddLink id="fdd000515">SVG_family</fddLink>.</fdd:techProtection>
	</fdd:sustainabilityFactors>
	<fdd:qualityAndFunctionalityFactors>
		<fdd:stillImageQF>
			<fdd:normalImage>Good support.  See <fddLink id="fdd000515">SVG_family</fddLink>.</fdd:normalImage>
			<fdd:clarity>
				<p>See <fddLink id="fdd000515">SVG_family</fddLink> for general features of SVG that contribute to image clarity, including scalability.</p>
				<p>Color support in SVG 2 is based on <a href="">CSS Color Module Level 3</a>.  Color properties use either a color keyword or numerical syntax.  Supported syntaxes are RGB, RGBA, HSL (hue-saturation-lightness), and HSLA.  Color name keywords must come from the list at <a href="https://www.w3.org/TR/css-color-3/#svg-color">4.3. Extended color keywords</a>.</p>
				<p>When an embedded raster image is rendered within an SVG graphic, the SVG specification indicates that the image should be resampled using standard algorithms to produce samples at the positions required on the output device.  Resampling must be consistent with the associated <i>image-rendering</i> property, which allows the creator to provide a hint about how to make speed vs. quality tradeoffs when rendering.  See <a href="https://svgwg.org/svg2-draft/painting.html#ImageRendering">13.10.3. The &apos;image-rendering&apos; property</a> in the editor&apos;s draft for SVG 2.</p>
			</fdd:clarity>
			<fdd:colorMaint>As of April 2020, the latest editor&apos;s draft of SVG 2 does not explicitly support use of profiles as defined by the <a href="https://www.color.org/index.xalter">International Color Consortium (ICC)</a>.  Colors in SVG 2 are based on CSS Color Module Level 3; support in CSS for ICC profiles has been deferred to a future <a href="https://www.w3.org/TR/css-color-4/">CSS Color Module Level 4</a>.  The SVG 2 specification provides an informative reference to <a href="https://www.color.org/specification/ICC1v43_2010-12.pdf">Specification ICC.1:2010 (Profile version 4.3.0.0)</a> and suggests that a <a href="https://svgwg.org/svg2-draft/single-page.html#conform-ConformingHighQualitySVGViewers">Conforming High-Quality SVG Viewer</a> should support ICC profiles.  The compilers of this resource understand from <a href="https://github.com/w3c/svgwg/issues/532">Issue #532: ICC support in Conforming High-Quality SVG viewer</a> that it is likely that no conforming high-quality SVG viewers exist as of early 2020 and that a future draft may add explicit ICC support back if CSS Color Module Level 4 becomes a W3C recommendation before SVG 2 does. <a href="../contact_format.shtml">Comments welcome</a>.  </fdd:colorMaint>
			<fdd:graphics>Rich support. See <fddLink id="fdd000515">SVG_family</fddLink>.</fdd:graphics>
		</fdd:stillImageQF>
	</fdd:qualityAndFunctionalityFactors>
	<fdd:fileTypeSignifiers>
		<fdd:signifiersGroup>
			<fdd:filenameExtension>
				<fdd:sigValues>
					<fdd:sigValue>svg</fdd:sigValue>
				</fdd:sigValues>
			</fdd:filenameExtension>
			<fdd:internetMediaType>
				<fdd:sigValues>
					<fdd:sigValue>image/svg+xml</fdd:sigValue>
				</fdd:sigValues>
				<fdd:note>The media type registration for SVG from Appendix P of the SVG 1.1 specification is included in the draft SVG 2 specification as <a href="https://www.w3.org/TR/SVG2/mimereg.html">Appendix J</a> as of early 2020. </fdd:note>
			</fdd:internetMediaType>
			<fdd:other>
				<fdd:tag>XML namespace declaration</fdd:tag>
				<fdd:values>
					<fdd:sigValues>
						<fdd:sigValue>xmlns=&quot;http://www.w3.org/2000/svg&quot;</fdd:sigValue>
					</fdd:sigValues>
					<fdd:note>This namespace declaration occurs in the mandatory &lt;svg&gt; element that serves as the root of a free-standing SVG file.  The same namespace is used by all versions of SVG.  See <a href="https://www.w3.org/2000/svg">https://www.w3.org/2000/svg</a>, which states that &quot;The SVG namespace is mutable; names may be added over time by the W3C SVG Working Group.&quot;</fdd:note>
				</fdd:values>
			</fdd:other>
			<fdd:other>
				<fdd:tag>Pronom PUID</fdd:tag>
				<fdd:values>
					<fdd:sigValueNA>See note.</fdd:sigValueNA>
					<fdd:note>As of early 2020, there is no entry in PRONOM for version 2 of SVG.</fdd:note>
				</fdd:values>
			</fdd:other>
			<fdd:other>
				<fdd:tag>Wikidata Title ID</fdd:tag>
				<fdd:values>
					<fdd:sigValues>
						<fdd:sigValue>Q2078</fdd:sigValue>
					</fdd:sigValues>
					<fdd:note>Covers all versions of SVG.   See <a href="https://www.wikidata.org/wiki/Q2078">https://www.wikidata.org/wiki/Q2078</a>.</fdd:note>
				</fdd:values>
			</fdd:other>
		</fdd:signifiersGroup>
	</fdd:fileTypeSignifiers>
	<fdd:notes>
		<fdd:general>
			<p>See <fddLink id="fdd000515">SVG_family</fddLink>.</p>
		</fdd:general>
		<fdd:history>
			<p>See <fddLink id="fdd000515">SVG_family</fddLink>.</p>
		</fdd:history>
	</fdd:notes>
	<fdd:formatSpecifications>
		<fdd:urls>
			<fdd:url>
				<fdd:urlReference>
					<link>https://www.w3.org/TR/SVG2/</link>
					<tag>Scalable Vector Graphics (SVG) 2 | latest Recommendation</tag>
					<comment>Multi-page HTML presentation</comment>
				</fdd:urlReference>
			</fdd:url>
			<fdd:url>
				<fdd:urlReference>
					<link>https://www.w3.org/TR/2018/CR-SVG2-20181004/</link>
					<tag>Scalable Vector Graphics (SVG) 2
| W3C Candidate Recommendation 04 October 2018</tag>
					<comment>Multi-page HTML presentation</comment>
				</fdd:urlReference>
			</fdd:url>
			<fdd:url>
				<fdd:urlReference>
					<link>https://www.w3.org/TR/2018/CR-SVG2-20180807/single-page.html</link>
					<tag>Single page view of SVG 2, W3C Candidate Recommendation from August 2018</tag>
				</fdd:urlReference>
			</fdd:url>
			<fdd:url>
				<fdd:urlReference>
					<link>https://svgwg.org/svg2-draft/single-page.html</link>
					<tag>Single page view of SVG 2, Editor&apos;s draft | latest version</tag>
				</fdd:urlReference>
			</fdd:url>
		</fdd:urls>
	</fdd:formatSpecifications>
	<fdd:usefulReferences>
		<fdd:urls>
			<fdd:url>
				<fdd:urlGroup>
					<fdd:intro>Other resources from W3C specifically related to SVG 2.</fdd:intro>
					<fdd:urlList>
						<fdd:urlReference>
							<link>https://www.w3.org/Graphics/SVG/WG/wiki/SVG2_Requirements_Input</link>
							<tag>SVG 2 Requirements Input | from W3C</tag>
							<comment>Includes discussion and records working group decisions, with links to minutes as appropriate.  Only one change since July 2012.</comment>
						</fdd:urlReference>
						<fdd:urlReference>
							<link>https://github.com/w3c/svgwg</link>
							<tag>Github repository for SVG  working drafts</tag>
						</fdd:urlReference>
						<fdd:urlReference>
							<link>https://svgwg.org/</link>
							<tag>SVG Working Group document repository</tag>
							<comment>This includes some drafts that contain proposed features that were dropped during the development of SVG 2.</comment>
						</fdd:urlReference>
					</fdd:urlList>
				</fdd:urlGroup>
			</fdd:url>
			<fdd:url>
				<fdd:urlReference>
					<link>https://en.wikipedia.org/wiki/Scalable_Vector_Graphics</link>
					<tag>Wikipedia article on Scalable Vector Graphics</tag>
				</fdd:urlReference>
			</fdd:url>
			<fdd:url>
				<fdd:urlGroup>
					<fdd:intro>Resources related to support for SVG 2 in browsers and browser engines.</fdd:intro>
					<fdd:urlList>
						<fdd:urlReference>
							<link>https://html.spec.whatwg.org/#svg-0</link>
							<tag>HTML Living Standard | 4.8.17 SVG</tag>
							<comment>States (as of April 2020) &quot;The semantics of SVG elements are defined by SVG 2 and other applicable specifications.&quot;</comment>
						</fdd:urlReference>
						<fdd:urlReference>
							<link>https://svgwg.org/svg2-draft/</link>
							<tag>Scalable Vector Graphics (SVG) 2 | 
W3C Editor’s Draft </tag>
							<comment>Lists features considered at risk because of lack of implementation in the section headed &quot;Status of This Document.&quot;</comment>
						</fdd:urlReference>
						<fdd:urlReference>
							<link>https://caniuse.com/#cats=SVG</link>
							<tag>Can I Use. Analysis of browser support for SVG features</tag>
						</fdd:urlReference>
					</fdd:urlList>
				</fdd:urlGroup>
			</fdd:url>
			<fdd:url>
				<fdd:urlReference>
					<link>https://www.color.org/specification/ICC1v43_2010-12.pdf</link>
					<tag>Specification ICC.1:2004-10, File Format for Color Profiles, Profile Version 4.3.0.0</tag>
					<comment>Informative reference in SVG 2 specification.</comment>
				</fdd:urlReference>
			</fdd:url>
			<fdd:url>
				<fdd:urlReference>
					<link>https://www.wikidata.org/wiki/Q2078</link>
					<tag>Wikidata entry for Q2078</tag>
					<comment>Information in Wikidata about Scalable Vector Graphics, no version declared. Wikidata Title ID: Q2078.</comment>
				</fdd:urlReference>
			</fdd:url>
			<fdd:url>
				<fdd:urlGroup>
					<fdd:intro>See also <fddLink id="fdd000515">SVG_family</fddLink>.</fdd:intro>
				</fdd:urlGroup>
			</fdd:url>
		</fdd:urls>
	</fdd:usefulReferences>
</fdd:FDD>
