<?xml version="1.0" encoding="UTF-8"?>
<fdd:FDD id="fdd000509" titleName="Microsoft Office Word 97-2003 Binary File Format (.doc)" shortName="MS-DOC" xmlns:xsi="http://www.w3.org/2001/XMLSchema-instance" xmlns:fdd="http://www.loc.gov/preservation/digital/formats/schemas/fdd/v1" xsi:schemaLocation="http://www.loc.gov/preservation/digital/formats/schemas/fdd/v1 http://www.loc.gov/preservation/digital/formats/schemas/fdd/v1/fdd-v1-1.xsd">
	<fdd:properties>
		<fdd:gdfrGenreSelection>
			<fdd:gdfrGenre>text</fdd:gdfrGenre>
		</fdd:gdfrGenreSelection>
		<fdd:formatCategories>
			<fdd:category>file-format</fdd:category>
		</fdd:formatCategories>
		<fdd:gdfrComposition>unitary</fdd:gdfrComposition>
		<fdd:gdfrForm>binary</fdd:gdfrForm>
		<fdd:gdfrConstraint>structured</fdd:gdfrConstraint>
		<fdd:gdfrBasis>symbolic</fdd:gdfrBasis>
		<fdd:gdfrDomains>
			<fdd:gdfrDomain>
				<fdd:value>office/business</fdd:value>
			</fdd:gdfrDomain>
		</fdd:gdfrDomains>
		<fdd:updates>
			<fdd:date>2019-12-18</fdd:date>
		</fdd:updates>
		<fdd:draftStatus>Preliminary</fdd:draftStatus>
	</fdd:properties>
	<fdd:identificationAndDescription>
		<fdd:fullName>Microsoft Office Word 97-2003 Binary File Format (.doc).</fdd:fullName>
		<fdd:keywords>
			<fdd:keyword>document formats</fdd:keyword>
		</fdd:keywords>
		<fdd:description>
			<p>The Microsoft Word Binary File format, with the .doc extension and referred to here as DOC, was the default format used for documents in Microsoft Word from Word 97 (released in 1997) through Microsoft Office 2003.  Although it cannot support all functionality of the Word application introduced since Word 2007, the DOC format has continued to be available as an alternative to the <fddLink id="fdd000397">DOCX/OOXML</fddLink> format, standardized in ISO/IEC 29500, for saving document files in Word.  As of late 2019, the documentation for <a href="https://docs.microsoft.com/en-us/deployoffice/compat/office-file-format-reference">File formats that are supported in Word</a>, from Microsoft, lists  &quot;Word 97-2003 Document.&quot;  [Note:  In other contexts, the same format has been called &quot;Word 97-2004 Document&quot; or &quot;Word 97-2007 Document.&quot;]</p>
			<p>According to the <a href="https://en.wikipedia.org/wiki/Microsoft_Word#Filename_extensions">Wikipedia entry for Microsoft Word</a>, the .doc extension has been used for four distinct file formats:
(a) Word for DOS; (b) Word for Windows 1 and 2 and Word 3 and 4 for Mac OS; (c) Word 6 and Word 95 for Windows and Word 6 for Mac OS; (d) Word 97 and later for Windows and Word 98 and later for Mac OS.  This format description is for the last of these formats.  For convenience, the term &quot;DOC&quot; will be used here to refer specifically to this variant of the Microsoft Word files with .doc as extension.</p>
			<p>Although the DOC format is proprietary, it has been covered by Microsoft&apos;s <a href="https://docs.microsoft.com/en-us/openspecs/dev_center/ms-devcentlp/1c24c7c8-28b0-4ce1-a47d-95fe1ff504bc">Open Specification Promise</a> since 2007.  The specification released in 2007 is available as <a href="https://download.microsoft.com/download/0/B/E/0BE8BDD7-E5E8-422A-ABFD-4342ED7AD886/Word97-2007BinaryFileFormat(doc)Specification.pdf">Microsoft Office Word 97-2007 Binary File Format Specification [*.doc]</a>.  The structure for the DOC format has been documented and kept up-to-date in <a href="https://docs.microsoft.com/en-us/openspecs/office_file_formats/ms-doc/">[MS-DOC]</a>.</p>
			<p>Since the release of Word 6.0, in 1993, the structure of a Word document with the .doc extension has been an OLE (object linking and embedding) Compound File Binary file as specified in <a href="https://docs.microsoft.com/en-us/openspecs/windows_protocols/MS-CFB/">[MS-CFB]</a>.
 In 1997, the detailed structure of the CFB file used for Word documents was modified.  The CFB format provides a file-system-like structure within a file for the storage of arbitrary, application-specific streams of data. It consists of <i>storages</i>, <i>streams</i>, and <i>substreams</i>.  A DOC file begins with a CFB header and must include a CFB root directory (identified by the name &quot;Root Entry&quot; in UTF-16).  The root directory has entries for each stream or storage object at the top level of the compound file hierarchy. Each object entry has a name (also encoded in UTF-16, although most of the document content is usually stored in 1-byte characters) and points to the location in the file for the named object. Mandatory streams in a DOC file include a stream with the name &quot;WordDocument&quot; (also referred to as the &quot;main stream&quot;) and a &quot;table&quot; stream with name &quot;1Table&quot; or &quot;0Table&quot;.  The content of the WordDocument stream follows the CFB header and begins with a File Information Block (Fib), which contains information about the document, including a code identifying the DOC file as a Word Document, and specifies the file pointers to various portions that make up the document.  Streams that are not required by the specification, but are typically present in files written by Microsoft Word, include a SummaryInformation stream (with basic file-level metadata) and a DocumentSummaryInformation stream.  A Word file in the DOC format begins as follows, with all values given as they occur in the physical file, for example when viewed using a Hex dump utility:</p>
			<ul>
				<li>CFB header (usually 512 bytes):<ul>
						<li>Header Signature for the CFB format with 8-byte Hex value D0CF11E0A1B11AE1.  <a href="https://www.garykessler.net/library/file_sigs.html">Gary Kessler</a> notes that the beginning of this string looks like &quot;DOCFILE&quot;</li>
						<li>16 bytes of zeroes</li>
						<li>2-byte Hex value 3E00 indicating CFB minor version 3E</li>
						<li>2-byte Hex value 0300 indicating <fddLink id="fdd000380">CFB major version 3</fddLink> or value 00004 indicating CFB major version 4.  [Note:  All DOC files created by compilers of this resource (in various versions of Word since 2003) have been based on CFB major version 3. <a href="../contact_format.shtml">Comments welcome</a>.]</li>
						<li>2-byte Hex value FEFF indicating little-endian byte order for all integer values.  This byte order applies to all CFB files.</li>
						<li>2-byte Hex value 0900 (indicating the sector size of 512 bytes used for major version 3) or 0C00 (indicating the sector size of 4096 bytes used for major version 4)</li>
						<li>480 bytes for remainder of the 512-byte header, which fills the first sector for a CFB of major version 3</li>
						<li>Note: For a CFB of major version 4, the rest of the first sector would be 3,584 bytes of zeroes.</li>
					</ul>
				</li>
				<li>Internal identifier for Word binary file (usually at byte offset 512 from beginning of DOC file):<ul>
						<li>2-byte wIdent: Hex value ECA5</li>
						<li>2-byte version identifier: Hex value C100 [Note: The specification indicates that this is the value (equivalent to the integer 193) that <i>should</i> be used in this location, as <i>FibBase.nFib</i>, but <a href="https://docs.microsoft.com/en-us/openspecs/office_file_formats/ms-doc/26fb6c06-4e5c-4778-ab4e-edbf26a545bb">indicates</a> that some versions of Word had used other values. Hex value C000 has been used for new empty documents.  Hex value C200 was used by the BiDi (bi-directional) build of Word 97.]</li>
					</ul>
				</li>
				<li>Usually observed near end of file in documents created by recent versions of Microsoft Word:<ul>
						<li>More detailed version info, e.g., &quot;Microsoft Word 97-2003 Document&quot; or &quot;Microsoft Word 97-2004 Document&quot;.  See <a href="#notes">Note</a> below on Identification of Microsoft Word version in CompObj stream.</li>
					</ul>
				</li>
			</ul>
			<p>For a DOC file without encryption or password-protection, the text characters of the document will be seen in a Hex dump of the main WordDocument stream.  If all characters are stored in 1-byte (Extended ASCII) encodings, typically in <a href="https://en.wikipedia.org/wiki/Windows-1252">Windows code page 1252</a>, the text will be quite legible, but without formatting. Embedded objects, such as images, will be stored in an optional Data or ObjInfo stream.  Other optional streams are used for encrypted content, macros, digital signatures, etc.</p>
			<p>Starting with Word 2007, a DOC file could contain a &quot;Custom XML&quot; storage object, named &quot;MsoDataStore.&quot;  This feature was typically used for documents created programmatically and not by end users. As a result of patent litigation, this feature was removed from the Word application distributed on or after January 11, 2010.  DOC files created with Word 2007 and not re-saved in a later version of Word may contain Custom XML content.  See <a href="#notes">Notes</a> and <a href="#useful">Useful References</a> below for more detail on Custom XML, the patent litigation, and resulting changes to the Word application.</p>
			<p>The DOC format was superseded as the default format for Microsoft Word starting with Word 2007 by <fddLink id="fdd000397">DOCX/OOXML</fddLink>, the primary XML-based document format of the Office Open XML (<fddLink id="fdd000395">OOXML</fddLink>) family.</p>
		</fdd:description>
		<fdd:shortDescription>a proprietary, but publicly documented, Microsoft format for textual documents with extension .doc, the default format for Word 97 through Word 2003.</fdd:shortDescription>
		<fdd:productionPhase>Can be used in any production phase: for creating documents (initial state): for editing and review (middle-state); and for final distribution.</fdd:productionPhase>
		<fdd:relationships>
			<fdd:relationship>
				<fdd:typeOfRelationship>Subtype of</fdd:typeOfRelationship>
				<fdd:relatedTo>
					<fdd:id>fdd000380</fdd:id>
					<fdd:shortName>CFB_3</fdd:shortName>
					<fdd:titleName>Microsoft Compound File Binary File Format, Version 3</fdd:titleName>
				</fdd:relatedTo>
				<fdd:comment>The compilers of this resource have experimented with saving Word documents as DOC files in several recent versions of Word. In all cases, the resulting file was in version 3 of CFB.  <a href="../contact_format.shtml">Comments welcome</a>.</fdd:comment>
			</fdd:relationship>
			<fdd:relationship>
				<fdd:typeOfRelationship>Has later version</fdd:typeOfRelationship>
				<fdd:relatedTo>
					<fdd:id>fdd000397</fdd:id>
					<fdd:shortName>DOCX/OOXML_2012</fdd:shortName>
					<fdd:titleName>DOCX Transitional (Office Open XML), ISO 29500:2008-2016, ECMA-376, Editions 1-5</fdd:titleName>
				</fdd:relatedTo>
			</fdd:relationship>
		</fdd:relationships>
	</fdd:identificationAndDescription>
	<fdd:localUse>
		<fdd:experience>As of early 2019, the Library of Congress has over 520,000 files with the .doc extension in its digital collections.  These files come from several different sources.  One source is web archiving; another is files acquired by the Manuscript Division in collections of &quot;papers&quot; from individuals or organizations.  For example, the <a href="http://hdl.loc.gov/loc.mss/eadmss.ms016077">American Lands Alliance Records</a> collection has almost 9500 .doc files dating from ca. 2000 to 2008 and the <a href="http://hdl.loc.gov/loc.mss/eadmss.ms009006">William E. Odom papers</a> include over 8,100 dating from ca. 1988 to 2008.  As of 2019, Library of Congress staff creating textual documents as part of their duties typically use the <fddLink id="fdd000397">DOCX</fddLink> format rather than the earlier binary DC format.</fdd:experience>
		<fdd:preference>For works acquired for its collections, the list of <a href="http://www.loc.gov/preservation/resources/rfs/textmus.html#digital">Library of Congress Recommended Formats Statement for Textual Works (Digital)</a>, as of November 2019, does not specifically mention the Microsoft Word binary formats, but implies that the DOC format described here would be acceptable as a &quot;widely-used proprietary word-processing format.&quot; The XML-based <fddLink id="fdd000397">DOCX/OOXML</fddLink> and <fddLink id="fdd000247">ODF</fddLink> are specifically listed as acceptable.</fdd:preference>
	</fdd:localUse>
	<fdd:sustainabilityFactors>
		<fdd:disclosure>The Microsoft Office Word 97-2003 Binary File (DOC) format is proprietary but openly documented and covered by Microsoft&apos;s <a href="https://docs.microsoft.com/en-us/openspecs/dev_center/ms-devcentlp/1c24c7c8-28b0-4ce1-a47d-95fe1ff504bc">Open Specification Promise</a>.</fdd:disclosure>
		<fdd:documentation>The specification is available at <a href="https://docs.microsoft.com/en-us/openspecs/office_file_formats/ms-doc/">[MS-DOC]: Word (.doc) Binary File Format</a>.  This document is updated quite frequently; changes are documented.</fdd:documentation>
		<fdd:adoption>
			<p>Very widely used.  <a href="https://personal.utdallas.edu/~liebowit/book/wordprocessor/word.html">The Market for Word Processors</a>, an extract from Chapter 8 of <i>Winners, Losers, and Microsoft: Competition and Antitrust in High Technology (2001)</i> by Stan J. Liebowitz indicated that the market share of Word in sales of word-processing software grew steadily in the years between 1989 and 1997.  Word&apos;s dollar share overtook that of WordPerfect (for DOS and Windows) around 1993, and by 1997, was over 90%.  Thus, when the DOC version described here was introduced, Word completely dominated the market for word processors.  Word continues to be the market leader for word processing, particularly in corporate settings.  See, for example, <a href="https://www.tmcnet.com/topics/articles/2018/11/26/440392-enduring-popularity-microsoft-word.htm">The Enduring Popularity of Microsoft Word</a>, a November 2018 article on TMCnet.  See also an <a href="https://www.datanyze.com/market-share/other-communication-and-collaboration-software">analysis from Datanyze of software use on top websites</a>.</p>
			<p>As of late 2019, most new documents created using Word will be in the default <fddLink id="fdd000397">DOCX/OOXML</fddLink> format. However, the corpus of existing word-processing documents on the open web appears to have considerably more files in the binary DOC format than in the XML-based DOCX format. For example, a Google search in December 2019 of the U.S. web by filetype yielded: .doc, 24,700,000; .docx, 14,400,000; .odt, 52,000.  The compilers of this resource acknowledge that searches of the web are not a reliable measure of adoption for file formats at the initial (creation) phase of a content lifecycle.</p>
			<p>All mainstream word-processing and some desktop publishing applications can import files in the Word 97-2003 Binary File Format.  This includes: <a href="https://en.wikipedia.org/wiki/LibreOffice#Supported_file_formats">LibreOffice Writer</a>, <a href="https://www.openoffice.org/product/writer.html">Apache OpenOffice Writer</a>, <a href="https://www.wordperfect.com/en/product/professional-edition/#features">Corel WordPerfect Office</a>, <a href="https://www.google.com/docs/about/">Google Docs</a>, Apple&apos;s <a href="https://support.apple.com/en-us/HT202227#compatibility">Pages</a>, and <a href="https://helpx.adobe.com/indesign/kb/supported-file-formats-indesign-cs5.html#main_Place">Adobe InDesign</a>. See also table of <a href="https://en.wikipedia.org/wiki/Comparison_of_word_processors#Import_or_open_capabilities">Import or Open Capabilities</a> in Comparison of Word Processors from Wikipedia.</p>
			<p>The binary DOC format appears relatively frequently on lists of acceptable formats for archiving, based on its wide use; it does not usually occur as a preferred format.  For example, see recommendations from the <a href="https://www.ukdataservice.ac.uk/manage-data/format/recommended-formats.aspx">UK Data Service</a>, the <a href="https://www.naa.gov.au/information-management/storing-and-preserving-information/preserving-information/preserving-digital-information/long-term-file-formats">National Archives of Australia</a>, and the <a href="https://www.archives.gov/records-mgmt/policy/transfer-guidance-tables.html#textualdata">U.S. National Archives (NARA)</a>.  For more detail on <i>Key adopters of the format</i>, see <a href="https://wiki.harvard.edu/confluence/display/digitalpreservation/Word+Processing+Formats?preview=/204385883/207554260/Format%20profile%20-%20Microsoft%20Office%20Binary%20Word%20Document%20v04.docx">Microsoft Office Binary Word Document Format Profile</a> from Harvard Library&apos;s Digital Preservation Services. The list of <a href="https://wiki.harvard.edu/confluence/display/digitalpreservation/Formats+Supported+by+the+DRS#FormatsSupportedbytheDRS-WordProcessingFormats">Formats Supported by the Digital Repository Service</a> at Harvard Library includes &quot;Microsoft Word Binary File Format (DOC)&quot; but makes a general recommendation to deposit a PDF (<fddLink id="fdd000318">PDF/A</fddLink> if possible) as well as the native word processing file.</p>
			<p>A number of utilities and software libraries for examining and manipulating DOC files exist. <a href="https://manpages.ubuntu.com/manpages/disco/man1/antiword.1.html">antiword</a> is an application that displays the text and images from Microsoft Word
binary documents. <a href="https://www.decalage.info/python/oletools">oletools</a> is a package of python tools to analyze OLE and MS Office files, with one important objective to be to detect characteristics found in malicious files. <a href="http://decalage.info/file_formats_security/office">Weaponized MS Office 97-2003 legacy/binary formats (doc, xls, ppt, ...)</a> and <a href="https://web.archive.org/web/20190827015435/https://forensicswiki.org/wiki/OLE_Compound_File">OLE Compound File</a> from the Forensics Wiki also list some software libraries that can work with the formats based on the Compound File Binary format.  The compilers of this resource have not determined the extent to which any of the software listed in these resources is actively maintained.  <a href="../contact_format.shtml">Comments welcome</a>.</p>
			<p>Widely used commercial file conversion packages that can read and write DOC files include: <a href="https://www.leadtools.com/help/leadtools/v20/dh/to/file-formats-microsoft-word-document-docx-doc.html">LeadTools</a>; and <a href="https://products.aspose.com/words/">Aspose Words</a>.  Aspose also has a free online viewer at <a href="https://products.aspose.app/words/viewer">https://products.aspose.app/words/viewer</a>.  A large number of other file conversion utilities claim to convert DOC files to DOCX online at no charge, including:  <a href="https://products.aspose.app/words/conversion">Free online converter from Aspose</a>; <a href="https://blog.zamzar.com/2010/09/24/convert-doc-to-docx-pdf-to-docx/">Zamzar</a>; <a href="https://document.online-convert.com/convert/doc-to-docx">OnlineConvert</a>; <a href="https://www.onlineconverter.com/doc-to-docx">OnlineConverter.com</a>; <a href="https://convertio.co/doc-docx/">Convertio</a>; and <a href="https://www.docspal.com/convert/doc-to-docx">docspal</a>.</p>
		</fdd:adoption>
		<fdd:licensingAndPatents>
			<p>Covered by Microsoft&apos;s <a href="https://docs.microsoft.com/en-us/openspecs/dev_center/ms-devcentlp/1c24c7c8-28b0-4ce1-a47d-95fe1ff504bc">Open Specification Promise</a>, whereby Microsoft &quot;irrevocably promises&quot; not to assert any claims against those making, using, and selling conforming implementations of any specification covered by the promise (so long as those accepting the promise refrain from suing Microsoft for patent infringement in relation to Microsoft&apos;s implementation of the covered specification).</p>
			<p>New features introduced into DOC may be subject to patent protection.  However, Microsoft&apos;s <a href="https://docs.microsoft.com/en-us/openspecs/dev_center/ms-devcentlp/d84cac00-b312-44ee-9156-23bde6477c3d#patent-pledges">interoperability principles</a> indicate &quot;Microsoft will also make available a list of any of its patents that cover any extensions, and will make available patent licenses on reasonable and non-discriminatory terms.&quot;  As of November 2019, the <a href="https://patentmap.blob.core.windows.net/public-patents-export/patmap-tool.html">patent map tool</a> provided by Microsoft indicated that there no patents of concern to users of the [MS-DOC] specification or the [MS-CFB] specification on which it is based.</p>
		</fdd:licensingAndPatents>
		<fdd:transparency>
			<p>The DOC format is not easily interpreted with basic tools.</p>
			<p>In a DOC file without encryption or password-protection and containing only 8-bit Extended ASCII characters, the text characters of the document will usually be seen in a Hex dump of the main WordDocument stream.  For files with non-ASCII characters, some text will show up in UTF-16 (two bytes).  Formatting information is stored separately, using a complex technique for linking styles to text characters.  DOC files store the properties of characters, paragraphs, tables, pictures, and sections as lists of differences from the default.  A related technique, based on a so-called PLC structure, is used to identify which characters are stored in two bytes in a file with a default character encoding using 1-byte characters.</p>
		</fdd:transparency>
		<fdd:selfDocumentation>
			<p>Options for storing document-level metadata in a DOC file are described in a subsidiary specification, <a href="https://docs.microsoft.com/en-us/openspecs/office_file_formats/ms-oshared/d93502fa-5b8f-4f47-a3fe-5574046f4b8d">[MS-OSHARED]</a>. A DOC file should include a Summary Information property set, which can include the following optional descriptive properties: Title, Author, Subject (description), Keywords, Comments.  See <a href="https://docs.microsoft.com/en-us/openspecs/office_file_formats/ms-oshared/87667163-ea1e-4d67-9eec-47cad74e8030">2.3.3.2.1.1 PIDSI</a>.  A DOC file may contain an additional property set (known as Document Summary Information) with a fixed set of properties, including Manager and Company names.  User-defined or custom properties are also allowed.  See also <a href="https://docs.microsoft.com/en-us/openspecs/office_file_formats/ms-oshared/9673a168-c715-44eb-8825-02cfa2b4627d">2.3.3 Property Set Storage</a>.</p>
			<p>The [MS-DOC] specification offers no support for embedding metadata in an externally defined schema in a way that will be recognized by Microsoft Word.</p>
		</fdd:selfDocumentation>
		<fdd:externalDependencies>A DOC file may be designed to incorporate resources from external data sources, for example, for charts or graphics that are generated dynamically or regularly updated.</fdd:externalDependencies>
		<fdd:techProtection>Since DOC files may contain sensitive information that needs to be protected, they can be protected by encryption that requires a password to decrypt.  Three encryption approaches are supported for password protection, as described at <a href="https://docs.microsoft.com/en-us/openspecs/office_file_formats/ms-doc/37639397-6451-427b-9cf2-01d56e927f25">2.2.6 Encryption and Obfuscation (Password to Open)</a> in [MS-DOC].  This clause indicates that the DOC format may use <i>XOR obfuscation</i>, <i>Office binary document RC4 encryption</i>, or <i>Office binary RC4 CryptoAPI encryption</i>.  Subsections for each method indicate which sections of a DOC file should be encrypted.</fdd:techProtection>
	</fdd:sustainabilityFactors>
	<fdd:qualityAndFunctionalityFactors>
		<fdd:textQF>
			<fdd:normalText>
				<p>In general, functionality supported in a DOC file is similar to that supported in a <fddLink id="fdd000397">DOCX/OOXML_2012</fddLink> file, except that features added to Word since 2007, as documented in <a href="https://docs.microsoft.com/en-us/openspecs/office_standards/ms-docx/b839fe1f-e1ca-4fa6-8c26-5954d0abbccd">[MS-DOCX]: Word Extensions to the Office Open XML (.docx) File Format</a> may not be supported.</p>
			</fdd:normalText>
			<fdd:structure>See <fddLink id="fdd000397">DOCX/OOXML_2012</fddLink>.</fdd:structure>
			<fdd:layout>See <fddLink id="fdd000397">DOCX/OOXML_2012</fddLink>.</fdd:layout>
			<fdd:mathDiag>
				<p>The treatment of equations in Word was changed completely with Word 2007.  The DOC format never supported the new approach, based on Office Math Markup Language (OMML), sometimes referred to as <a href="https://docs.microsoft.com/en-us/archive/blogs/murrays/officemath">OfficeMath</a>. According to <a href="https://en.wikipedia.org/wiki/Microsoft_Office_shared_tools#Equation_Editor">Wikipedia entry for Microsoft Office Shared Tools</a>, the previous approach for equations was using the Microsoft Equation Editor (MEE),  which was introduced in Word for Windows 2.0. Another approach supported for formatting equations was to use MathType (first released by Design Science, Inc. in April 1987); see <a href="https://winworldpc.com/product/mathtype/10">MathType 1.0</a> from WinWorld and <a href="https://docs.wiris.com/en/mathtype/mathtype_desktop/microsoft_office#mathtype_s_support_for_microsoft_word">MathType with Microsoft Office</a>.  A Microsoft blog offered advice on <a href="https://docs.microsoft.com/en-us/archive/blogs/murrays/converting-equations-from-mathtype-to-word-2007s-equation-format">Converting Equations from MathType to Word 2007&apos;s Equation Format (2007)</a>.</p>
				<p>In January 2018, Microsoft published a <a href="https://support.office.com/en-us/article/equation-editor-6eac7d71-3c74-437b-80d3-c7dea24fdf3f">security update</a> that completely removed the old Equation Editor from all versions of Word, due to a vulnerability that was being actively exploited.  See <a href="#notes">Notes</a> below on security threats.  Microsoft has provided new guidance for converting MEE equations to the OMML equivalent.  See <a href="https://docs.microsoft.com/en-us/archive/blogs/murrays/converting-microsoft-equation-editor-objects-to-officemath">Converting Microsoft Equation Editor Objects to OfficeMath (2018)</a>.</p>
			</fdd:mathDiag>
			<fdd:beyondText>In contrast to formats designed for documents as publications, word-processing formats such as DOC typically store information associated with the process of creating and reviewing documents, including tracked changes and threaded comments.</fdd:beyondText>
		</fdd:textQF>
	</fdd:qualityAndFunctionalityFactors>
	<fdd:fileTypeSignifiers>
		<fdd:signifiersGroup>
			<fdd:filenameExtension>
				<fdd:sigValues>
					<fdd:sigValue>doc</fdd:sigValue>
				</fdd:sigValues>
				<fdd:note>Documented in the specification and elsewhere by Microsoft in many locations, for example at <a href="https://blogs.msdn.microsoft.com/vsofficedeveloper/2008/05/08/office-2007-file-format-mime-types-for-http-content-streaming-2/">Office 2007 File Format MIME Types for HTTP Content Streaming</a>.</fdd:note>
			</fdd:filenameExtension>
			<fdd:internetMediaType>
				<fdd:sigValues>
					<fdd:sigValue>application/msword</fdd:sigValue>
				</fdd:sigValues>
				<fdd:note>Documented by Microsoft at <a href="https://blogs.msdn.microsoft.com/vsofficedeveloper/2008/05/08/office-2007-file-format-mime-types-for-http-content-streaming-2/">Office 2007 File Format MIME Types for HTTP Content Streaming</a>.  Also listed at <a href="https://www.iana.org/assignments/media-types/media-types.xhtml#application">IANA</a>.  See 1993 registration at <a href="https://www.iana.org/assignments/media-types/application/msword">https://www.iana.org/assignments/media-types/application/msword</a>.  Note that, unlike file formats for other proprietary Microsoft applications, the media type for the file with .doc as extension was assigned prior to establishment of the vendor (vnd) convention for media types.</fdd:note>
			</fdd:internetMediaType>
			<fdd:magicNumbers>
				<fdd:sigValues>
					<fdd:sigValue>Hex: D0 CF 11 E0 A1 B1 1A E1</fdd:sigValue>
				</fdd:sigValues>
				<fdd:note>Documented in the CFB specification, in <a href="https://docs.microsoft.com/en-us/openspecs/windows_protocols/ms-cfb/05060311-bfce-4b12-874d-71fd4ce63aea">2.2 Compound File Header</a>.  Applies to all files in CFB format; see <a href="https://www.garykessler.net/library/file_sigs.html">GCK&apos;S File Signatures Table</a> entry for Compound Binary File format (aka OLECF).</fdd:note>
			</fdd:magicNumbers>
			<fdd:other>
				<fdd:tag>File signature</fdd:tag>
				<fdd:values>
					<fdd:sigValues>
						<fdd:sigValue>Hex: 3E 00 03 00 FE FF 09 00 </fdd:sigValue>
					</fdd:sigValues>
					<fdd:note>At byte offset 24 from beginning of file.  Indicates CFB (Compound File Binary format) major version 3, minor version 3e.  Assumes that all DOC files use this version of CFB.  <a href="../contact_format.shtml">Comments welcome</a>.</fdd:note>
				</fdd:values>
			</fdd:other>
			<fdd:other>
				<fdd:tag>File signature</fdd:tag>
				<fdd:values>
					<fdd:sigValues>
						<fdd:sigValue>Hex: ECA5</fdd:sigValue>
					</fdd:sigValues>
					<fdd:note>From specification.  Indicates that this CFB file is a Word document.  Usually at byte offset 512 from beginning of file.  </fdd:note>
				</fdd:values>
			</fdd:other>
			<fdd:other>
				<fdd:tag>Pronom PUID</fdd:tag>
				<fdd:values>
					<fdd:sigValues>
						<fdd:sigValue>fmt/40</fdd:sigValue>
					</fdd:sigValues>
					<fdd:note>PRONOM has a number of entries for Microsoft Word format variants with the .doc extension.  The PRONOM entry that corresponds to the scope of this format description is <a href="http://www.nationalarchives.gov.uk/PRONOM/fmt/40">http://www.nationalarchives.gov.uk/PRONOM/fmt/40</a>.</fdd:note>
				</fdd:values>
			</fdd:other>
			<fdd:other>
				<fdd:tag>Wikidata Title ID</fdd:tag>
				<fdd:values>
					<fdd:sigValues>
						<fdd:sigValue>Q686498</fdd:sigValue>
					</fdd:sigValues>
					<fdd:note>See <a href="https://www.wikidata.org/wiki/Q686498">https://www.wikidata.org/wiki/Q686498</a> for Word Binary File Format, all versions</fdd:note>
				</fdd:values>
			</fdd:other>
			<fdd:other>
				<fdd:tag>Wikidata Title ID</fdd:tag>
				<fdd:values>
					<fdd:sigValues>
						<fdd:sigValue>Q28858035</fdd:sigValue>
					</fdd:sigValues>
					<fdd:note>See <a href="https://www.wikidata.org/wiki/Q28858035">https://www.wikidata.org/wiki/Q28858035</a> for Word Binary File Format, version nFib=0x00C1.  Entry refers to <a href="https://docs.microsoft.com/en-us/openspecs/office_file_formats/ms-doc/">[MS-DOC]</a> as source reference and thus corresponds to the DOC format described here.</fdd:note>
				</fdd:values>
			</fdd:other>
		</fdd:signifiersGroup>
	</fdd:fileTypeSignifiers>
	<fdd:notes>
		<fdd:general>
			<p>
				<b>Identification of Microsoft Word version in CompObj stream:</b>  Files in CFB containers may include a stream named CompObj, as specified in <a href="https://docs.microsoft.com/en-us/openspecs/windows_protocols/MS-OLEDS/">[MS-OLEDS]: Object Linking and Embedding (OLE) Data Structures</a>, which states, &quot;The CompObjStream
structure specifies the Clipboard Format and the display name of the linked object or embedded object.&quot;  According to the <a href="https://wiki.harvard.edu/confluence/display/digitalpreservation/Word+Processing+Formats?preview=/204385883/207554260/Format%20profile%20-%20Microsoft%20Office%20Binary%20Word%20Document%20v04.docx">Microsoft Office Binary Word Document Format Profile</a> prepared for Harvard Library Digital Preservation Services by Paul Wheatley, &quot;By convention, each object in the OLE hierarchy has a CombObj &apos;file&apos; in a binary format that contains information that can be used to identify the format of the object. This is how DROID identifies the different format versions, although doing so relies on interpreting parts of the CompObjStream that the formal specification simply marks as &apos;Reserved&apos;.&quot; DROID bases format identification based on signatures recorded in the PRONOM database from the U.K. National Archives.  As of January 2020, the description in the PRONOM entry for <a href="http://www.nationalarchives.gov.uk/PRONOM/fmt/609">Microsoft Word (Generic) 6.0-2003 (PUID: fmt/609)</a> indicates that the CompObj stream is used in fmt/39 and fmt/40 to distinguish between Word files generated in Microsoft Office 6.0/95, and 97-2003 and that files created by other software may not have a CompObj stream.  The signatures for PRONOM entries for <a href="http://www.nationalarchives.gov.uk/PRONOM/fmt/40">Microsoft Word Document 97-2003 (PUID: fmt/40)</a> and <a href="http://www.nationalarchives.gov.uk/PRONOM/fmt/39">Microsoft Word Document 6.0/95 (PUID: fmt/39)</a> include <i>version</i> strings as listed below.</p>
			<ul>
				<li>fmt/40<ul>
						<li>Hex: 4D6963726F736F667420576F726420382E30; ASCII: Microsoft Word 8.0</li>
						<li>Hex: 4D6963726F736F667420576F726420392E30; ASCII: Microsoft Word 9.0</li>
						<li>Hex: 4D6963726F736F667420576F72642031302E30; ASCII: Microsoft Word 10.0</li>
						<li>Hex: 4D6963726F736F667420576F72642D446F6B756D656E74; ASCII: Microsoft Word-Dokument</li>
					</ul>
				</li>
				<li>fmt/39<ul>
						<li>Hex: 4D6963726F736F667420576F726420362E30; ASCII: Microsoft Word 6.0</li>
						<li>Hex: 4D6963726F736F667420576F726420666F722057696E646F7773203935; ASCII: Microsoft Word for Windows 95</li>
						<li>Hex: 4D6963726F736F667420576F726420362E302D446F6B756D656E74; ASCII: Microsoft Word 6.0-Dokument</li>
					</ul>
				</li>
			</ul>
			<p>As of January 2020, the signatures in these two PRONOM records (last updated in April 2012) do not include the strings found by the compilers of this resource when creating DOC files with recent versions of Microsoft Word, which include &quot;Microsoft Word 97-2003 Document&quot; and &quot;Microsoft Word 97-2004 Document&quot;. <a href="../contact_format.shtml">Comments welcome</a>.</p>
			<p>
				<b>Security threats:</b> In addition to general security threats, there have been some specific threats to the DOC format identified, leading to dropping of support for a feature either in the format or in the Word application.  <a href="http://www.decalage.info/en/file_formats_security/office">Weaponized MS Office 97-2003 legacy/binary formats (doc, xls, ppt, ...)</a> lists some general threats, including the ability to embed Flash objects and macros.</p>
			<p>In 2018, a threat associated with the primary mechanism for formatting mathematical equations in the DOC format, the Microsoft Equation Editor (MEE), was revealed.  See <a href="https://blog.morphisec.com/microsoft-equation-editor-backdoor">Threat Profile: Microsoft Equation Editor Backdoor (2018)</a>.  Microsoft&apos;s <a href="https://support.office.com/en-us/article/equation-editor-6eac7d71-3c74-437b-80d3-c7dea24fdf3f">Equation Editor (MEE) 3.0</a> was removed in the January 2018 public update from all versions of Office still supported. For information on conversion of MEE equations to equivalents still supported, see <i>Support for mathematics, formulae, etc.</i> in <a href="#factors">Quality and Functionality Factors</a> above.</p>
			<p>
				<b>Custom XML feature in DOC format:</b> The ability to store custom data in user-defined XML was added to Office applications in Office 2007.  This feature was known as &quot;Custom XML&quot; and support for embedding Custom XML was added to the DOC format. <a href="https://docs.microsoft.com/en-us/archive/blogs/brian_jones/create-a-rich-word-document-based-on-your-own-custom-xml-without-the-need-for-xslt">Create a rich Word document based on your own custom XML (without the need for XSLT)</a> (from 2006) provides an example of the functionality the feature is intended to support.  According to <a href="https://answers.microsoft.com/en-us/msoffice/forum/all/custom-xml-data/a916a967-7fc6-4399-afdb-7b6e07d5ccee">Custom XML Data</a> from 2013, the &quot;capability wasn&apos;t used very much, but when it was used it was usually by add-ins or macros, not by end users.&quot;</p>
			<p>In I4i v. Microsoft (2009, USA), i4i (Infrastructures For Information, Inc.) argued that Office 2007 infringed on its U.S. patent <a href="http://patft1.uspto.gov/netacgi/nph-Parser?patentnumber=5787449">5,787,449</a>, issued July 28, 1998.  Following its loss after appeal in the case, Microsoft announced on a blog for developers, &quot;The Word 2007 product distributed by Microsoft after 1/10/2010 will no longer read the Custom XML markup contained within .DOCX, .DOCM, or .XML files. These files will continue to open, but the Custom XML markup tags will be removed. Custom XML markup stored within .DOC files will not be affected by these changes. Word 2003 and existing installations of Word 2007 will not be affected by this change.&quot; For more detail on the patent litigation, see <a href="#useful">Useful References</a> below.</p>
			<p>As of early 2020, <a href="https://support.office.com/en-us/article/custom-xml-markup-in-word-24bd455e-4b5d-402a-9265-8bb9af82a7d6">Custom XML markup in Word</a> from Microsoft&apos;s documentation states, &quot;Custom XML markup is no longer supported in Word. When you open a document containing custom XML markup, Word removes it from the document.&quot;  See also <a href="https://docs.microsoft.com/en-us/office/troubleshoot/word/custom-xml-markup-is-removed">Custom XML markup is removed when you open a document in Word 2013</a>, which is specific about removing Custom XML markup from Word 97-2003 Document (.doc) files and recommends alternative ways to achieve the same results.  See <a href="https://docs.microsoft.com/en-us/office/client-developer/word/content-controls-in-word">Content controls in Word</a> for a frequently recommended alternative, only available in the DOCX format.</p>
		</fdd:general>
		<fdd:history>
			<p>See <a href="https://web.archive.org/web/20190222022910/https://www.pcworld.com/article/152585/microsoft_word_program.html">Microsoft Word Turns 25</a> from PC World and <a href="https://blog.zamzar.com/2019/06/05/celebrating-30-years-of-microsoft-word/">Celebrating 30+ years of MS Word</a> from Zamzar for the early history of the Microsoft Word application. The <a href="https://en.wikipedia.org/wiki/Microsoft_Word#Filename_extensions">Wikipedia entry for Microsoft Word</a> provides a chronology of different Word formats that used the extension .doc.</p>
			<p>This version of Microsoft&apos;s DOC format (MS-DOC) was introduced in 1997 and was the default file format for Word until 2007.   Starting with Word 2007, the default format for Word documents became <fddLink id="fdd000397">DOCX/OOXML</fddLink>.</p>
		</fdd:history>
	</fdd:notes>
	<fdd:formatSpecifications>
		<fdd:urls>
			<fdd:url>
				<fdd:urlReference>
					<link>https://docs.microsoft.com/en-us/openspecs/office_file_formats/ms-doc/</link>
					<tag>[MS-DOC]: Word (.doc) Binary File Format (latest version)</tag>
				</fdd:urlReference>
			</fdd:url>
			<fdd:url>
				<fdd:urlReference>
					<link>https://docs.microsoft.com/en-us/openspecs/windows_protocols/MS-CFB/</link>
					<tag>[MS-CFB]: Compound File Binary File Format</tag>
					<comment>DOC is a subtype of the Compound File Binary File Format.</comment>
				</fdd:urlReference>
			</fdd:url>
			<fdd:url>
				<fdd:urlGroup>
					<fdd:intro>Subsidiary specifications describe data types and data structures that are used in common by documentation for Microsoft Office 97, Microsoft Office XP, Microsoft Office 2003, and the 2007 Microsoft Office system.</fdd:intro>
					<fdd:urlList>
						<fdd:urlReference>
							<link>https://docs.microsoft.com/en-us/openspecs/office_file_formats/ms-oshared/d93502fa-5b8f-4f47-a3fe-5574046f4b8d</link>
							<tag>[MS-OSHARED]: Office Common Data Types and Objects Structures</tag>
							<comment>Includes property sets that can store document-level properties (metadata).</comment>
						</fdd:urlReference>
						<fdd:urlReference>
							<link>https://docs.microsoft.com/en-us/openspecs/windows_protocols/MS-OLEPS/</link>
							<tag>[MS-OLEPS]: Object Linking and Embedding (OLE) Property Set Data Structures</tag>
							<comment>Property sets for DOC documents are stored as OLE items.</comment>
						</fdd:urlReference>
						<fdd:urlReference>
							<link>https://docs.microsoft.com/en-us/openspecs/office_file_formats/ms-offcrypto/</link>
							<tag>[MS-OFFCRYPTO]: Office Document Cryptography Structure (latest version)</tag>
						</fdd:urlReference>
					</fdd:urlList>
				</fdd:urlGroup>
			</fdd:url>
			<fdd:url>
				<fdd:urlGroup>
					<fdd:intro>The first version of the the Microsoft Office Word 97-2003 Binary File Format (.doc) Specification published under the Open Specification Promise was published in 2007 as Microsoft Office Word 97-<b>2007</b> Binary File Format (.doc) Specification.</fdd:intro>
					<fdd:urlList>
						<fdd:urlReference>
							<link>https://download.microsoft.com/download/0/B/E/0BE8BDD7-E5E8-422A-ABFD-4342ED7AD886/Word97-2007BinaryFileFormat(doc)Specification.pdf</link>
							<tag>Microsoft Office Word 97-2007 Binary File Format Specification (as of 2007) | available from Microsoft</tag>
						</fdd:urlReference>
						<fdd:urlReference>
							<link>https://hdl.loc.gov/loc.gdc/digformat.000001.1</link>
							<tag>Microsoft Office Word 97-2007 Binary File Format Specification (as of 2007) | available from Library of Congress</tag>
						</fdd:urlReference>
					</fdd:urlList>
				</fdd:urlGroup>
			</fdd:url>
		</fdd:urls>
	</fdd:formatSpecifications>
	<fdd:usefulReferences>
		<fdd:urls>
			<fdd:url>
				<fdd:urlReference>
					<link>https://en.wikipedia.org/wiki/Microsoft_Word</link>
					<tag>Wikipedia entry for Microsoft Word</tag>
				</fdd:urlReference>
			</fdd:url>
			<fdd:url>
				<fdd:urlReference>
					<link>https://en.wikipedia.org/wiki/Doc_(computing)</link>
					<tag>Wikipedia entry for DOC (computing), specifically for the Microsoft Word Binary File Format.[</tag>
				</fdd:urlReference>
			</fdd:url>
			<fdd:url>
				<fdd:urlGroup>
					<fdd:intro>Resources from Harvard Library Digital Preservation Services:</fdd:intro>
					<fdd:urlList>
						<fdd:urlReference>
							<link>https://wiki.harvard.edu/confluence/display/digitalpreservation/Word+Processing+Formats</link>
							<tag>Word Processing Formats | format assessments from Harvard Library Digital Preservation Services Wiki</tag>
						</fdd:urlReference>
						<fdd:urlReference>
							<link>https://wiki.harvard.edu/confluence/display/digitalpreservation/Word+Processing+Formats?preview=/204385883/207554260/Format%20profile%20-%20Microsoft%20Office%20Binary%20Word%20Document%20v04.docx</link>
							<tag>Microsoft Office Binary Word Document Format Profile |  Assessment by Paul Wheatley for Harvard University</tag>
						</fdd:urlReference>
					</fdd:urlList>
				</fdd:urlGroup>
			</fdd:url>
			<fdd:url>
				<fdd:urlReference>
					<link>https://articles.forensicfocus.com/2018/09/18/word-forensic-analysis-and-compound-file-binary-format/</link>
					<tag>Word Forensic Analysis And Compound File Binary Format (2018) | from Forensics Focus</tag>
				</fdd:urlReference>
			</fdd:url>
			<fdd:url>
				<fdd:urlReference>
					<link>https://wiki.fileformat.com/word-processing/doc/</link>
					<tag>What is a DOC file? | from fileformat.com wiki</tag>
				</fdd:urlReference>
			</fdd:url>
			<fdd:url>
				<fdd:urlReference>
					<link>http://www.openoffice.org/sc/compdocfileformat.pdf</link>
					<tag>OpenOffice.org&apos;s Documentation of the Microsoft Compound Document File Format (2007)</tag>
				</fdd:urlReference>
			</fdd:url>
			<fdd:url>
				<fdd:urlReference>
					<link>https://docs.microsoft.com/en-us/deployoffice/compat/office-file-format-reference</link>
					<tag>File format reference for Word, Excel, and PowerPoint | from Microsoft</tag>
					<comment>Applies to recent versions of Microsoft Office.</comment>
				</fdd:urlReference>
			</fdd:url>
			<fdd:url>
				<fdd:urlReference>
					<link>https://docs.microsoft.com/en-us/openspecs/office_standards/ms-docx/</link>
					<tag>[MS-DOCX]: Word Extensions to the Office Open XML (.docx) File Format</tag>
					<comment>Features specified in this document are not necessarily supported by the DOC format.</comment>
				</fdd:urlReference>
			</fdd:url>
			<fdd:url>
				<fdd:urlGroup>
					<fdd:intro>Examples of new features supported in Word 2007 and later that are not supported in DOC files include: new numbering styles for lists, new text effects, and a completely new approach to formatting equations.</fdd:intro>
					<fdd:urlList>
						<fdd:urlReference>
							<link>https://support.office.com/en-us/article/compatibility-changes-between-versions-cb713c85-3145-4e83-a8b6-1e3227a4c059</link>
							<tag>Compatibility changes between versions | covers features not supported in all of Word 97-2003 (.doc), Word 2007 (.docx), and Word 2010 (.docx)</tag>
						</fdd:urlReference>
						<fdd:urlReference>
							<link>https://docs.microsoft.com/en-us/openspecs/office_standards/ms-docx/a1bb5809-e361-4e49-8e16-7f1a67da4121</link>
							<tag>2.4 numFmt Extensions | new formats for numbering lists</tag>
						</fdd:urlReference>
						<fdd:urlReference>
							<link>https://docs.microsoft.com/en-us/openspecs/office_standards/ms-docx/cdfcbd94-746b-42c4-8a0a-85efd7d24985</link>
							<tag>2.2.1 rPr Extensions | extensions affecting text properties</tag>
							<comment>Includes text effects such as glow, shadow, reflection.</comment>
						</fdd:urlReference>
						<fdd:urlReference>
							<link>https://docs.microsoft.com/en-us/archive/blogs/murrays/high-quality-editing-and-display-of-mathematical-text-in-office-2007</link>
							<tag>High-Quality Editing and Display of Mathematical Text in Office 2007 (2006) | Microsoft blog post</tag>
						</fdd:urlReference>
					</fdd:urlList>
				</fdd:urlGroup>
			</fdd:url>
			<fdd:url>
				<fdd:urlReference>
					<link>http://fileformats.archiveteam.org/wiki/DOC</link>
					<tag>DOC page from Let&apos;s Solve the File Format Problem!</tag>
				</fdd:urlReference>
			</fdd:url>
			<fdd:url>
				<fdd:urlReference>
					<link>https://www.joelonsoftware.com/2008/02/19/why-are-the-microsoft-office-file-formats-so-complicated-and-some-workarounds/</link>
					<tag>Why are the Microsoft Office file formats so complicated? (And some workarounds).  From Joel On Software (2008).</tag>
					<comment>Mentions use of Visual Basic for Applications (VBA) and COM Automation for working programmatically with Office binary formats. </comment>
				</fdd:urlReference>
			</fdd:url>
			<fdd:url>
				<fdd:urlReference>
					<link>http://decalage.info/file_formats_security/office</link>
					<tag>Weaponized MS Office 97-2003 legacy/binary formats (doc, xls, ppt, ...) | from Decalage</tag>
					<comment>Has many useful links related to Microsoft binary formats, with an emphasis on security.  No longer actively updated.</comment>
				</fdd:urlReference>
			</fdd:url>
			<fdd:url>
				<fdd:urlGroup>
					<fdd:intro>Resources related to I4i v. Microsoft (2009, USA), a suit filed on March 8, 2007 alleging that Microsoft&apos;s Custom XML feature, when used in XML files, infringed its U.S. patent <a href="http://patft1.uspto.gov/netacgi/nph-Parser?patentnumber=5787449">5,787,449</a>, issued July 28, 1998.  Google&apos;s interface to the same patent data is at <a href="https://patents.google.com/patent/US5787449A/en">https://patents.google.com/patent/US5787449A/en</a>.</fdd:intro>
					<fdd:urlList>
						<fdd:urlReference>
							<link>https://scholar.google.com/scholar_case?case=11309803085650071639</link>
							<tag>Memorandum Opinion and Order:  for i4i Ltd. Partnership v. Microsoft Corp., 670 F. Supp. 2d 568 - Dist. Court, ED Texas 2009</tag>
						</fdd:urlReference>
						<fdd:urlReference>
							<link>http://en.swpat.org/wiki/I4i_v._Microsoft_(2009,_USA)</link>
							<tag>I4i v. Microsoft (2009, USA) | Notes from swpat.org</tag>
							<comment>Includes timeline related to case.  Swpat.org supports campaigns against software patents</comment>
						</fdd:urlReference>
						<fdd:urlReference>
							<link>https://www.pcworld.com/article/170148/microsoft_word_xml.html</link>
							<tag>Microsoft Word Lawsuit: XML Explained (2009/08/13) | from PC World</tag>
						</fdd:urlReference>
						<fdd:urlReference>
							<link>https://www.zdnet.com/article/microsoft-loses-its-appeal-in-200-million-plus-custom-xml-patent-infringement-case/</link>
							<tag>Microsoft loses its appeal in $200-million-plus Custom XML patent infringement case (2009/12/22) | from ZDNet</tag>
						</fdd:urlReference>
						<fdd:urlReference>
							<link>https://docs.microsoft.com/en-us/archive/blogs/gray_knowlton/what-is-custom-xml-and-the-impact-of-the-i4i-judgment-on-word</link>
							<tag>What is &quot;Custom XML?&quot; ... and the impact of the i4i judgment on Word (2009/12/22) | from Microsoft blog for developers</tag>
							<comment>Indicated that Custom XML markup stored in .DOC files would not be affected by changes following the judgment..</comment>
						</fdd:urlReference>
						<fdd:urlReference>
							<link>https://docs.microsoft.com/en-us/archive/blogs/gray_knowlton/using-content-controls-vs-custom-xml-elements</link>
							<tag>Using Content Controls vs. Custom XML Elements (2010/01/03) | from Microsoft blog</tag>
						</fdd:urlReference>
						<fdd:urlReference>
							<link>https://docs.microsoft.com/en-us/archive/blogs/gray_knowlton/regarding-custom-xml-patch-distribution-and-availability</link>
							<tag>Regarding Custom XML Patch distribution and availability (2010/01/10) | from Microsoft blog for developers</tag>
						</fdd:urlReference>
						<fdd:urlReference>
							<link>https://docs.microsoft.com/en-us/archive/blogs/gray_knowlton/scanning-tool-to-detect-custom-xml-markup-in-docx-and-docm-files</link>
							<tag>Scanning Tool to Detect Custom XML Markup in .DOCX and .DOCM files (2010/01/19) | from Microsoft blog</tag>
							<comment>Microsoft did not supply a tool for scanning .DOC files, believing that they were not covered by the judgment.</comment>
						</fdd:urlReference>
						<fdd:urlReference>
							<link>https://docs.microsoft.com/en-us/office/troubleshoot/word/custom-xml-markup-is-removed</link>
							<tag>Custom XML markup is removed when you open a document in Word 2013 | from Microsoft documentation</tag>
							<comment>Includes summary result of the court ruling and recommends use of &quot;content controls.&quot;.</comment>
						</fdd:urlReference>
						<fdd:urlReference>
							<link>https://docs.microsoft.com/en-us/office/client-developer/word/content-controls-in-word</link>
							<tag>Content controls in Word | from Microsoft documentation</tag>
						</fdd:urlReference>
					</fdd:urlList>
				</fdd:urlGroup>
			</fdd:url>
			<fdd:url>
				<fdd:urlGroup>
					<fdd:intro>The PRONOM database from the U.K. National Archives has a number of records for various versions of format from Microsoft with extension <i>.doc</i> and based on the Compound File Binary (CFB) container format.  The entry corresponding to the version described here has PUID fmt/40.  An internal stream named CompObj is used by fmt/39 and fmt/40 to distinguish between Word files generated in Microsoft Office 6.0/95, and 97-2003.  </fdd:intro>
					<fdd:urlList>
						<fdd:urlReference>
							<link>http://www.nationalarchives.gov.uk/PRONOM/fmt/40</link>
							<tag>PRONOM entry for fmt/40</tag>
							<comment>Information in PRONOM on Microsoft Word Document 97-2003.  PUID: fmt/40</comment>
						</fdd:urlReference>
						<fdd:urlReference>
							<link>http://www.nationalarchives.gov.uk/PRONOM/fmt/39</link>
							<tag>PRONOM entry for fmt/39</tag>
							<comment>Information in PRONOM on Microsoft Word Document 6.0/95.  PUID: fmt/39</comment>
						</fdd:urlReference>
						<fdd:urlReference>
							<link>http://www.nationalarchives.gov.uk/PRONOM/fmt/609</link>
							<tag>PRONOM entry for fmt/609</tag>
							<comment>Information in PRONOM on Microsoft Word (Generic) 6.0-2003.  PUID: fmt/609</comment>
						</fdd:urlReference>
					</fdd:urlList>
				</fdd:urlGroup>
			</fdd:url>
			<fdd:url>
				<fdd:urlReference>
					<link>https://www.wikidata.org/wiki/Q28858035</link>
					<tag>Wikidata entry for Q28858035</tag>
					<comment>Information in Wikidata on Word Binary File Format, version nFib=0x00C1.  WikiData Title ID: Q28858035</comment>
				</fdd:urlReference>
			</fdd:url>
			<fdd:url>
				<fdd:urlReference>
					<link>https://www.wikidata.org/wiki/Q686498</link>
					<tag>Wikidata entry for Q686498</tag>
					<comment>Information in Wikidata on Word Binary File Format, all versions.  WikiData Title ID:Q686498</comment>
				</fdd:urlReference>
			</fdd:url>
		</fdd:urls>
	</fdd:usefulReferences>
</fdd:FDD>
