<?xml version="1.0" encoding="UTF-8"?>
<fdd:FDD id="fdd000296" titleName="Geography Markup Language (GML)" shortName="GML" xmlns:xsi="http://www.w3.org/2001/XMLSchema-instance" xmlns:fdd="http://www.loc.gov/preservation/digital/formats/schemas/fdd/v1" xsi:schemaLocation="http://www.loc.gov/preservation/digital/formats/schemas/fdd/v1 http://www.loc.gov/preservation/digital/formats/schemas/fdd/v1/fdd-v1-1.xsd">
	<fdd:properties>
		<fdd:gdfrGenreSelection>
			<fdd:gdfrGenre>dataset</fdd:gdfrGenre>
		</fdd:gdfrGenreSelection>
		<fdd:formatCategories>
			<fdd:category>encoding</fdd:category>
		</fdd:formatCategories>
		<fdd:gdfrComposition>unitary</fdd:gdfrComposition>
		<fdd:gdfrForm>text</fdd:gdfrForm>
		<fdd:gdfrConstraint>structured</fdd:gdfrConstraint>
		<fdd:gdfrBasis>symbolic</fdd:gdfrBasis>
		<fdd:gdfrDomains>
			<fdd:gdfrDomain>
				<fdd:value>gis</fdd:value>
			</fdd:gdfrDomain>
		</fdd:gdfrDomains>
		<fdd:updates>
			<fdd:date>2011-10-27</fdd:date>
		</fdd:updates>
		<fdd:draftStatus>Preliminary</fdd:draftStatus>
	</fdd:properties>
	<fdd:identificationAndDescription>
		<fdd:fullName>ISO 19136:2007 Geographic information -- Geography Markup Language (GML)</fdd:fullName>
		<fdd:keywords>
			<fdd:keyword>geospatial data formats</fdd:keyword>
			<fdd:keyword>markup languages</fdd:keyword>
		</fdd:keywords>
		<fdd:description>
			<p>The Geography Markup Language (GML) is an encoding specification defined by the Open Geospatial Consortium (OGC) to express geographical features. GML serves as a modeling language for geographic systems as well as an open interchange format for geographic transactions on the Internet.</p>
			<p>GML is an extensive XML based language designed to express any geographic concept in common usage.  The GML specification defines (a) a language for expressing
application schemas for feature types and (b) predefined properties
and schemas commonly required to describe geographical features,
such as polygons, curves, points, coordinate reference systems, units
of measure, observations, coverages, etc.

Profiles and application schemas are smaller subsets of the GML schema designed by specific information communities to tailor the more extensive GML for a smaller number of users and more targeted uses. </p>
			<p>The ISO standard for GML states that "ISO 19136:2007 defines the XML Schema syntax, mechanisms and conventions that:
</p>
			<ul>
				<li>provide an open, vendor-neutral framework for the description of geospatial application schemas for the transport and storage of geographic information in XML;</li>
				<li>  allow profiles that support proper subsets of GML framework descriptive capabilities;</li>
				<li>  support the description of geospatial application schemas for specialized domains and information communities;</li>
				<li>  enable the creation and maintenance of linked geographic application schemas and datasets;  </li>
				<li>support the storage and transport of application schemas and data sets;</li>
				<li> increase the ability of organizations to share geographic application schemas and the information they describe."</li>
			</ul>
		</fdd:description>
		<fdd:shortDescription>The Geography Markup Language (GML) is an XML encoding specification for the transport and storage of geographic information, including both the geometry and properties of geographic features.</fdd:shortDescription>
		<fdd:productionPhase>GML serves as a modeling language for geographic systems as well as an open interchange format for geographic transactions on the Internet</fdd:productionPhase>
		<fdd:relationships>
			<fdd:relationship>
				<fdd:typeOfRelationship>Defined via</fdd:typeOfRelationship>
				<fdd:relatedTo>
					<fdd:id>fdd000077</fdd:id>
					<fdd:shortName>XML_Schema</fdd:shortName>
					<fdd:titleName>W3C XML Schema Language</fdd:titleName>
				</fdd:relatedTo>
			</fdd:relationship>
			<fdd:relationship>
				<fdd:typeOfRelationship>Has subtype</fdd:typeOfRelationship>
				<fdd:relatedTo>
					<fdd:id>fdd000303</fdd:id>
					<fdd:shortName>GMLJP2</fdd:shortName>
					<fdd:titleName>GML in JPEG2000 for Geographic Imagery</fdd:titleName>
				</fdd:relatedTo>
				<fdd:comment>A profile of GML.</fdd:comment>
			</fdd:relationship>
			<fdd:relationship>
				<fdd:typeOfRelationship>Has subtype</fdd:typeOfRelationship>
				<fdd:comment>Various profiles and application schemas not described separately on this website at this time.  The Simple Features Profile is a generally applicable profile with a geometry limited to points, lines, and polygons.  The GMCOV application schema provides a unified method for encoding OGC coverages in GML.  Other profiles and application schemas are domain specific.</fdd:comment>
			</fdd:relationship>
			<fdd:relationship>
				<fdd:typeOfRelationship>Affinity to</fdd:typeOfRelationship>
				<fdd:relatedTo>
					<fdd:id>fdd000340</fdd:id>
					<fdd:shortName>KML_2_2</fdd:shortName>
					<fdd:titleName>KML Version 2.2</fdd:titleName>
				</fdd:relatedTo>
				<fdd:comment>Formerly the Keyhole Markup Language and made popular by Google, complements GML.</fdd:comment>
			</fdd:relationship>
		</fdd:relationships>
	</fdd:identificationAndDescription>
	<fdd:localUse>
		<fdd:experience>None at this time.</fdd:experience>
		<fdd:preference>For works acquired for its collections, the <a href="https://www.loc.gov/preservation/resources/rfs/geo-carto.html">Library of Congress Recommended Format Statement for Geographic Information System (GIS) - Vector Data</a> indicates that the GML format is an acceptable format for GIS vector data.</fdd:preference>
	</fdd:localUse>
	<fdd:sustainabilityFactors>
		<fdd:disclosure>
			<p>An open standard developed by the Open Geospatial Consortium (OGC), an international voluntary consensus standards organization whose members maintain the Geography Markup Language standard. GML was approved as ISO 19136 in 2007.  The OGC coordinates with the technical committee ISO TC 211 to maintain consistency between OGC and ISO standards work.  See <a href="http://www.opengeospatial.org/standards/gml">http://www.opengeospatial.org/standards/gml</a>.</p>
		</fdd:disclosure>
		<fdd:documentation>
			<a href="http://www.iso.org/iso/iso_catalogue/catalogue_tc/catalogue_detail.htm?csnumber=32554">ISO 19136:2007 Geographic information -- Geography Markup Language (GML)</a> is available for purchase.  The equivalent document from OGC, <a href="http://portal.opengeospatial.org/files/?artifact_id=20509">OGC 07-036</a>, is freely available online. As of October 2011, the current complete version of GML is 3.2.1.  <a href="https://portal.opengeospatial.org/files/?artifact_id=46568">OGC 10-129r1</a> is GML version 3.3, which builds on  ISO 19136:2007 and extends it with additional schema components and requirements.</fdd:documentation>
		<fdd:adoption>
			<p>Since its initial development, its subsequent adoption as an ISO standard and its approval as an Open Geospatial Consortial (OGC) standard, GML has seen increasing use by the geospatial community.  Many application schemas and profiles (subsets of the full GML XML schema) have been developed ranging from aeronautics to climate science to digital weather to US Census TIGER data to GML in JPEG2000.  A variety of existing and emerging GML application schemas and profiles can be found on the OGC Network page <a href="https://web.archive.org/web/20180318051357/http://www.ogcnetwork.net/gmlprofiles">GML Application Schemas and Profiles</a>(link via Internet Archive).  GML has seen enough widespread use to be incorporated into GIS industry desktops via ESRI's Desktop Interoperability Extension which uses the GML Simple Features Profile.  See <a href="http://webhelp.esri.com/arcgisdesktop/9.2/index.cfm?TopicName=an_overview_of_GML_support_in_ArcGIS">An overview of GML support in ArcGIS</a> for more information about ESRI's support of GML, and for further references on how to use GML within ESRI products.  Use and understanding of GML has been furthered by the existence of training materials / tutorials such as that of Pennsylvania State's 2012 online tutorial:  <a href="http://web.archive.org/web/20120310192441/https://courseware.e-education.psu.edu/courses/geog585/content/lesson06/1.html">Lesson 6:  Geographic Markup Language</a>.  Snowflake Software provides a <a href="http://wiki.snowflakesoftware.com/display/GV50DOC/Home">GML Viewer</a> and <a href="http://www.snowflakesoftware.com/wp-content/uploads/2013/04/GMLFundamentalsTrainingFlyer-2013.pdf">training courses</a>.</p>
			<p>A number of open source, commercial open source, and commercial products support the transformation of other formats (such as shapefiles, coverages, and grids) into GML encoding and vice versa.  These include Safe Software's FME GML Converter and ogc2org - GDAL which uses the OGR Simple Features Library to provide read and sometimes write access to a variety of vector file formats.  A partial list of products can be found on the OGC Network's <a href="https://web.archive.org/web/20180122111037/http://www.ogcnetwork.net:80/node/329
">GML to Shape, Shape to GML, etc.</a>(link via Internet Archive) page.</p>
		</fdd:adoption>
		<fdd:licensingAndPatents>No known license or patent concerns for generation and use of the format.  <a href="../contact_format.shtml">Comments welcome.</a>
		</fdd:licensingAndPatents>
		<fdd:transparency>Based on XML and hence readable with a basic text viewer or editor.  GML uses an &quot;object-property&quot; model that makes a GML instance document understandable on its own.  GML instances have a predictable structure.</fdd:transparency>
		<fdd:selfDocumentation>Metadata encoded following ISO/TS 19139:2007 (Geographic Information -- Metadata --XML schema implementation) can be embedded within a GML instance.</fdd:selfDocumentation>
		<fdd:externalDependencies>None beyond availability of supporting software.</fdd:externalDependencies>
		<fdd:techProtection>TBD</fdd:techProtection>
	</fdd:sustainabilityFactors>
	<fdd:qualityAndFunctionalityFactors/>
	<fdd:fileTypeSignifiers>
		<fdd:signifiersGroup>
			<fdd:filenameExtension>
				<fdd:sigValues>
					<fdd:sigValue>gml</fdd:sigValue>
				</fdd:sigValues>
			</fdd:filenameExtension>
			<fdd:internetMediaType>
				<fdd:sigValues>
					<fdd:sigValue>text/xml</fdd:sigValue>
				</fdd:sigValues>
			</fdd:internetMediaType>
		</fdd:signifiersGroup>
	</fdd:fileTypeSignifiers>
	<fdd:notes>
		<fdd:general>
			<p>The concept of feature in GML is a very general one and includes not only conventional &quot;vector&quot; or discrete objects, but also coverages and sensor data. The ability to integrate all forms of geographic information is key to the utility of GML.</p>
			<p>Whereas GML is a language to encode geographic content for any application, by describing a spectrum of application objects and their properties (e.g. bridges, roads, buoys, vehicles etc), <fddLink id="fdd000340">KML</fddLink> is a language for the visualization of geographic information tailored for Google Earth and other map and globe browsers. KML can be used to carry GML content, and GML can be “styled” to KML for the purposes of presentation. KML instances may be transformed losslessly to GML; however roughly 90% of GML&apos;s structures (such as, to name a few, metadata, coordinate reference systems, horizontal and vertical datums, etc.) cannot be transformed to KML. KML Version 2.2 was adopted as an OGC implementation standard in April 2008. </p>
		</fdd:general>
		<fdd:history>
			<p>GML is based on work beginning in 1998.  Version 1.0 was recommended by OGC in 2000, followed by version 2.0 in 2001, and version 3.0 in late 2002. Version 3.2.1 was submitted to ISO and adopted as ISO 19136 in 2007.  An OGC public comment period on a draft of version 3.3 closed in August 2011.  Among the enhancements are support for grids and 3D triangular meshes (TINs).</p>
		</fdd:history>
	</fdd:notes>
	<fdd:formatSpecifications>
		<fdd:urls>
			<fdd:url>
				<fdd:urlReference>
					<link>http://www.iso.org/iso/iso_catalogue/catalogue_tc/catalogue_detail.htm?csnumber=32554</link>
					<tag>ISO 19136:2007 Geographic information -- Geography Markup Language (GML)</tag>
				</fdd:urlReference>
			</fdd:url>
			<fdd:url>
				<fdd:urlReference>
					<link>http://www.opengeospatial.org/standards/gml</link>
					<tag>OpenGIS Geography Markup Language (GML) Encoding Standard</tag>
					<comment>At Open Geospatial Consortium (OGC).</comment>
				</fdd:urlReference>
			</fdd:url>
		</fdd:urls>
	</fdd:formatSpecifications>
	<fdd:usefulReferences>
		<fdd:urls>
			<fdd:url>
				<fdd:urlReference>
					<link>http://en.wikipedia.org/wiki/Geography_Markup_Language</link>
					<tag>Geography Markup Language</tag>
					<comment>Wikipedia, last modified 28 September 2011</comment>
				</fdd:urlReference>
			</fdd:url>
			<fdd:url>
				<fdd:urlGroup>
					<fdd:intro>The OGC network (a community forum) provides some pages that link to software that supports GML</fdd:intro>
					<fdd:urlList>
						<fdd:urlReference>
							<link>https://web.archive.org/web/20180315120847/http://www.ogcnetwork.net:80/gml
</link>
							<tag>Geography Markup Language (GML) resource at OGC Network. Link via Internet Archive.</tag>
						</fdd:urlReference>
						<fdd:urlReference>
							<link>https://web.archive.org/web/20180122110616/http://www.ogcnetwork.net:80/node/426
</link>
							<tag>Clients and tools that support GML Read and/or Write. Link via Internet Archive.</tag>
						</fdd:urlReference>
						<fdd:urlReference>
							<link>https://web.archive.org/web/20180122111037/http://www.ogcnetwork.net:80/node/329
</link>
							<tag>GML to Shape, Shape to GML, etc. Link via Internet Archive.</tag>
							<comment>OGC Network</comment>
						</fdd:urlReference>
					</fdd:urlList>
				</fdd:urlGroup>
			</fdd:url>
			<fdd:url>
				<fdd:urlReference>
					<link>https://web.archive.org/web/20180318051357/http://www.ogcnetwork.net/gmlprofiles
</link>
					<tag>GML Application Schemas and Profiles. Link via Internet Archive.</tag>
					<comment>OGC Network</comment>
				</fdd:urlReference>
			</fdd:url>
			<fdd:url>
				<fdd:urlReference>
					<link>http://www.esri.com/news/arcuser/0403/gml.html</link>
					<tag>GML Profiling:  Why It's Important for Interoperability</tag>
					<comment>ArcUser Online News, date unknown</comment>
				</fdd:urlReference>
			</fdd:url>
			<fdd:url>
				<fdd:urlReference>
					<link>http://webhelp.esri.com/arcgisdesktop/9.2/index.cfm?TopicName=an_overview_of_GML_support_in_ArcGIS</link>
					<tag>An overview of GML support in ArcGIS</tag>
					<comment>ArcGIS 9.2 Desktop Help</comment>
				</fdd:urlReference>
			</fdd:url>
			<fdd:url>
				<fdd:urlReference>
					<link>http://help.arcgis.com/en/arcgisdesktop/10.0/help/0037/003700000007000000.htm</link>
					<tag>Using supported GML application schemes</tag>
					<comment>ArcGIS Resource Center Desktop, version 10</comment>
				</fdd:urlReference>
			</fdd:url>
			<fdd:url>
				<fdd:urlReference>
					<link>http://desktop.arcgis.com/en/desktop/latest/guide-books/extensions/data-interoperability/supported-formats-with-the-data-interoperability-extension.htm</link>
					<tag>Supported formats with the Data Interoperability extension</tag>
					<comment>GML is listed as a format supported with the Data Interoperability extension for ArcGIS Desktop.</comment>
				</fdd:urlReference>
			</fdd:url>
			<fdd:url>
				<fdd:urlReference>
					<link>http://web.archive.org/web/20120310192441/https://courseware.e-education.psu.edu/courses/geog585/content/lesson06/1.html</link>
					<tag>Lesson 6:  Geographic Markup Language. Link via Internet Archive.</tag>
					<comment>From Penn State College of Earth and Mineral Sciences Department of Geography 2012 e-Education tutorial.</comment>
				</fdd:urlReference>
			</fdd:url>
			<fdd:url>
				<fdd:urlReference>
					<link>https://www.fgdc.gov/organization/working-groups-subcommittees/hdwg/gmlinfo/Arctur%20Feb06
</link>
					<tag>GIS Standards and Interoperability: Understanding and Using GML</tag>
					<comment>Presentation by David Arctur of ESRI at the 2006 ESRI Federal User Conference.</comment>
				</fdd:urlReference>
			</fdd:url>
			<fdd:url>
				<fdd:urlReference>
					<link>http://www.opengeospatial.org/blog/1678</link>
					<tag>Blog post from August 2012 announcing update to GMLCOV Application Schema</tag>
				</fdd:urlReference>
			</fdd:url>
		</fdd:urls>
	</fdd:usefulReferences>
</fdd:FDD>
