<?xml version="1.0" encoding="UTF-8"?>
<fdd:FDD id="fdd000124" titleName="PDF/X, PDF for Prepress Graphics File Exchange" shortName="PDF/X" xmlns:xsi="http://www.w3.org/2001/XMLSchema-instance" xmlns:fdd="http://www.digitalpreservation.gov/formats/schemas/fdd/v1" xsi:schemaLocation="http://www.digitalpreservation.gov/formats/schemas/fdd/v1 http://www.digitalpreservation.gov/formats/schemas/fdd/v1/fdd-v1-1.xsd">
	<fdd:properties>
		<fdd:gdfrGenreSelection>
			<fdd:gdfrGenres>
				<fdd:gdfrGenre>still-image</fdd:gdfrGenre>
				<fdd:gdfrGenre>text</fdd:gdfrGenre>
			</fdd:gdfrGenres>
		</fdd:gdfrGenreSelection>
		<fdd:formatCategories>
			<fdd:category>file-format</fdd:category>
			<fdd:category>encoding</fdd:category>
		</fdd:formatCategories>
		<fdd:updates>
			<fdd:date>2005-05-10</fdd:date>
		</fdd:updates>
		<fdd:draftStatus>Partial</fdd:draftStatus>
	</fdd:properties>
	<fdd:identificationAndDescription>
		<fdd:fullName>PDF/X</fdd:fullName>
		<fdd:keywords>
			<fdd:keyword>Portable Document Format (PDF)</fdd:keyword>
		</fdd:keywords>
		<fdd:description>
			<p>PDF/X is a subset of the Adobe Portable Document Format (PDF) specification that is intended to reflect best practices in graphic arts file exchange. The aim is for a digital content file that will run through prepress without requiring rework or causing errors and be printed predictably and correctly whether it is a single print job or a magazine ad placed in many publications and printed across the world.  For simplicity, the description here currently focuses on the 2003 versions of the PDF/X standard, based on Adobe PDF version 1.4.  For most purposes, the discussion applies also to the first versions of the PDF/X standard, based on PDF 1.3.  There are plans to bring out updates in 2006 based on PDF version 1.6.</p>
			<p>PDF/X restricts the content in a PDF document, prohibiting elements that do not directly serve the purpose of high-quality print production output, such as annotations, Java Actions, and embedded multimedia. PDF/X also eliminates the most common errors in file preparation.  Profiles 1a and 3 are intended to support "blind" exchange of graphics files with all elements within a single file.  Profile 2 is less constrained but assumes that the two parties share information through other means.  </p>
			<p>Constraints for blind exchange include:</p>
			<ul>
				<li>All fonts and images must be embedded</li>
				<li>Boxes that specify the print and trim areas must be explicitly defined</li>
				<li>Trapping status must be explicit.  [Trapping controls overlap of elements in different layers and applied through separate printing processes; a small degree of overlap is desirable to allow for imprecise registration in the printing process.  Trapping can be applied before or after exchange; but should not be applied more than once.]</li>
				<li>Colorspaces must be specified in a device-independent manner</li>
				<li>Encryption is disallowed in all PDF/X files compliant with 2003 versions of the standard.</li>
			</ul>
		</fdd:description>
		<fdd:shortDescription>PDF/X is a constrained form of Adobe PDF intended for prepress graphics exchange.</fdd:shortDescription>
		<fdd:productionPhase>A middle-state format for exchange during prepress activities.  Serves as a final-state digital format to the extent that it is used for online proofing prior to printing.</fdd:productionPhase>
		<fdd:relationships>
			<fdd:relationship>
				<fdd:typeOfRelationship>Subtype of</fdd:typeOfRelationship>
				<fdd:relatedTo>
					<fdd:id>fdd000030</fdd:id>
					<fdd:shortName>PDF</fdd:shortName>
					<fdd:titleName>PDF,  (Portable Document Format)</fdd:titleName>
				</fdd:relatedTo>
			</fdd:relationship>
			<fdd:relationship>
				<fdd:typeOfRelationship>Subtype of</fdd:typeOfRelationship>
				<fdd:relatedTo>
					<fdd:id>fdd000122</fdd:id>
					<fdd:shortName>PDF_1_4</fdd:shortName>
					<fdd:titleName>PDF Version 1.4</fdd:titleName>
				</fdd:relatedTo>
			</fdd:relationship>
			<fdd:relationship>
				<fdd:typeOfRelationship>Has subtype</fdd:typeOfRelationship>
				<fdd:comment>PDF/X-1a_2003, not yet described.</fdd:comment>
			</fdd:relationship>
			<fdd:relationship>
				<fdd:typeOfRelationship>Has subtype</fdd:typeOfRelationship>
				<fdd:comment>PDF/X-3_2003, not yet described.</fdd:comment>
			</fdd:relationship>
			<fdd:relationship>
				<fdd:typeOfRelationship>Has subtype</fdd:typeOfRelationship>
				<fdd:comment>PDF/X-2_2003, not yet described.</fdd:comment>
			</fdd:relationship>
		</fdd:relationships>
	</fdd:identificationAndDescription>
	<fdd:localUse>
		<fdd:experience>None.</fdd:experience>
		<fdd:preference>The Library of Congress Recommended Format Statement (RFS) includes PDF/X as a preferred format for <a href="https://www.loc.gov/preservation/resources/rfs/textmus.html">textual works in digital form</a>, <a href="https://www.loc.gov/preservation/resources/rfs/textmus.html">electronic serials</a>, <a href="https://www.loc.gov/preservation/resources/rfs/textmus.html">digital musical compositions</a>, and
<a href="https://www.loc.gov/preservation/resources/rfs/audio.htm">accompanying image/text files for digital audio</a>. The RFS also includes PDF/X as an acceptable format for <a href="https://www.loc.gov/preservation/resources/rfs/stillimg.html">other graphic images - digital</a>. The RFS does not distinguish between PDF/X profiles but LC will likely prefer those intended for blind exchange.</fdd:preference>
	</fdd:localUse>
	<fdd:sustainabilityFactors>
		<fdd:disclosure>Open standard.  Prepared by Technical Committee ISO/TC 130, Graphic technology, in collaboration with the United States national body Committee for Graphic Arts Technologies Standards (<a href="http://www.npes.org/programs/standardsworkroom/cgatstechnicalstandards.aspx">CGATS</a>) with administrative support from NPES. <a href="http://www.npes.org/">NPES</a> is a trade association of over 400 companies which manufacture and distribute equipment, systems, software, supplies used in printing, publishing and converting.  The standard is maintained by CGATS Subcommittee 6 Task Force 1.</fdd:disclosure>
		<fdd:documentation>
			<p>ISO 15929. Graphic technology - Prepress digital data exchange - Guidelines and principles for the development of PDF/X standards.</p>
			<p>Specific PDF/X profiles (including the subtypes noted above) are documented in separate parts of ISO 15930.</p>
		</fdd:documentation>
		<fdd:adoption>Many magazines and journals require that all advertising materials be submitted as PDF/X or TIFF/IT files.  As of Spring 2005, it appears that PDF/X is typically preferred over TIFF/IT.  According to February 2005 minutes of the Subcommittee maintaining the standard, most use is technically based on the PDF/X versions published in 2001.  Acrobat 7 from Adobe will create PDF/X files using the 2003 versions of profiles 1a and 3.
		</fdd:adoption>
		<fdd:licensingAndPatents>See <fddLink id="fdd000030">PDF</fddLink>.
		</fdd:licensingAndPatents>
		<fdd:transparency>Depends upon compliant software tools to read. Building tools requires sophistication. Encryption is prohibited in the three profiles of PDF/X published in 2003.
		</fdd:transparency>
		<fdd:selfDocumentation>Support for embedding any form of metadata for a document is extremely good.  XMP metadata packages can be embedded.
		</fdd:selfDocumentation>
		<fdd:externalDependencies>PDF/X profiles intended for "blind" exchange are constrained to avoid external dependencies.  All necessary fonts must be embedded.
		</fdd:externalDependencies>
		<fdd:techProtection>Encryption is prohibited in the three profiles of PDF/X published in 2003.
		</fdd:techProtection>
	</fdd:sustainabilityFactors>
	<fdd:qualityAndFunctionalityFactors>
		<fdd:stillImageQF>
			<fdd:normalImage>Good support.</fdd:normalImage>
			<fdd:clarity>Excellent in professional tools.  Third-party PDF viewers may not be able to take advantage of features intended to ensure high-quality print output.</fdd:clarity>
			<fdd:colorMaint>Excellent in professional tools.  Third-party PDF viewers may not be able to take advantage of color management features intended to ensure high-quality print output.</fdd:colorMaint>
			<fdd:graphics>Excellent.
</fdd:graphics>
			<fdd:beyondImage>Annotations may be embedded.  Bookmarks may be provided.</fdd:beyondImage>
		</fdd:stillImageQF>
		<fdd:textQF>
			<fdd:normalText>See <fddLink id="fdd000030">PDF</fddLink>.</fdd:normalText>
			<fdd:structure>See <fddLink id="fdd000030">PDF</fddLink>.</fdd:structure>
			<fdd:layout>See <fddLink id="fdd000030">PDF</fddLink>.</fdd:layout>
			<fdd:mathDiag>See <fddLink id="fdd000030">PDF</fddLink>.</fdd:mathDiag>
			<fdd:beyondText>See <fddLink id="fdd000030">PDF</fddLink>.</fdd:beyondText>
		</fdd:textQF>
	</fdd:qualityAndFunctionalityFactors>
	<fdd:fileTypeSignifiers>
		<fdd:signifiersGroup>
			<fdd:filenameExtension>
				<fdd:sigValues>
					<fdd:sigValue>pdf</fdd:sigValue>
				</fdd:sigValues>
				<fdd:note>Assumed.  The standard does not indicate that a different extension should be used to distinguish PDF from PDF/X.</fdd:note>
			</fdd:filenameExtension>
			<fdd:other>
				<fdd:tag>Wikidata Title ID</fdd:tag>
				<fdd:values>
					<fdd:sigValues>
						<fdd:sigValue>Q1423339</fdd:sigValue>
					</fdd:sigValues>
					<fdd:note>See <a href="https://www.wikidata.org/wiki/Q527723">https://www.wikidata.org/wiki/Q1423339</a>.
					</fdd:note>
				</fdd:values>
			</fdd:other>
		</fdd:signifiersGroup>
	</fdd:fileTypeSignifiers>
	<fdd:notes>
		<fdd:general>The PDF/X standard is aligned to the fullest extent possible with the <fddLink id="fdd000125">PDF/A</fddLink> standard. </fdd:general>
		<fdd:history> </fdd:history>
	</fdd:notes>
	<fdd:formatSpecifications>
		<fdd:citations>
			<fdd:citation>
				<fdd:specReference>
					<specRefDetail rel="snum">ISO 15929</specRefDetail>.  <specRefDetail rel="stitle">Graphic technology - Prepress digital data exchange - Guidelines and principles for the development of PDF/X standards.</specRefDetail>
				</fdd:specReference>
			</fdd:citation>
			<fdd:citation>
				<fdd:specReference>
					<specRefDetail rel="snum">ISO 15930</specRefDetail>.  <specRefDetail rel="stitle">Graphic technology - Prepress digital data exchange using PDF.</specRefDetail>   Various parts.</fdd:specReference>
			</fdd:citation>
			<fdd:citation>
				<fdd:bookReference>
					<bookRefDetail rel="aucorp">Adobe Systems Incorporated.</bookRefDetail>
					<bookRefDetail rel="btitle">PDF Reference, Third Edition, Version 1.4.</bookRefDetail>  Addison-Wesley, <bookRefDetail rel="date">2001</bookRefDetail>. ISBN <bookRefDetail rel="isbn">0-201-75839-3</bookRefDetail>.  Also available online as <a href="http://partners.adobe.com/public/developer/en/pdf/PDFReference.pdf">http://partners.adobe.com/public/developer/en/pdf/PDFReference.pdf</a>.</fdd:bookReference>
			</fdd:citation>
		</fdd:citations>
	</fdd:formatSpecifications>
	<fdd:usefulReferences>
		<fdd:urls>
			<fdd:url>
				<fdd:urlReference>
					<link>http://www.globalgraphics.com/technology/pdfx/</link>
					<tag>PDF/X information and tools</tag>
					<comment>At GlobalGraphics.</comment>
				</fdd:urlReference>
			</fdd:url>
			<fdd:url>
				<fdd:urlReference>
					<link>http://www.pdfxreport.com/doku.php?id=en:faq</link>
					<tag>PDF/X: Frequently Asked Questions</tag>
					<comment> By Martin Bailey. </comment>
				</fdd:urlReference>
			</fdd:url>
			<fdd:url>
				<fdd:urlReference>
					<link>http://www.npes.org/programs/standardsworkroom/toolsbestpractices/pdfx.aspx</link>
					<tag>PDF/X: Tools and Best Practices</tag>
					<comment>From NPES.</comment>
				</fdd:urlReference>
			</fdd:url>
			<fdd:url>
				<fdd:urlReference>
					<link>http://en.wikipedia.org/wiki/PDF/X</link>
					<tag>PDF/X entry in Wikipedia</tag>
				</fdd:urlReference>
			</fdd:url>
			<fdd:url>
				<fdd:urlReference>
					<link>http://www.npes.org/programs/standardsworkroom/cgatstechnicalstandards.aspx</link>
					<tag>CGATS Subcommittees</tag>
				</fdd:urlReference>
			</fdd:url>
			<fdd:url>
				<fdd:urlReference>
					<link>https://www.wikidata.org/wiki/Q1423339</link>
					<tag>WikiData entry for Q1423339</tag>
					<comment>Information in WikiData about PDX/X. WikiData Title ID: Q1423339.</comment>
				</fdd:urlReference>
			</fdd:url>
		</fdd:urls>
	</fdd:usefulReferences>
</fdd:FDD>
