<?xml version="1.0" encoding="UTF-8"?>
<fdd:FDD id="fdd000178" titleName="Digital Moving-Picture Exchange (DPX), Version 2.0" shortName="DPX_2" xmlns:xsi="http://www.w3.org/2001/XMLSchema-instance" xmlns:fdd="http://www.digitalpreservation.gov/formats/schemas/fdd/v1" xsi:schemaLocation="http://www.digitalpreservation.gov/formats/schemas/fdd/v1 http://www.digitalpreservation.gov/formats/schemas/fdd/v1/fdd-v1-1.xsd">
	<fdd:properties>
		<fdd:gdfrGenreSelection>
			<fdd:gdfrGenre>moving-image</fdd:gdfrGenre>
		</fdd:gdfrGenreSelection>
		<fdd:formatCategories>
			<fdd:category>file-format</fdd:category>
		</fdd:formatCategories>
		<fdd:gdfrComposition>unitary</fdd:gdfrComposition>
		<fdd:gdfrForm>binary</fdd:gdfrForm>
		<fdd:gdfrBasis>sampled</fdd:gdfrBasis>
		<fdd:updates>
			<fdd:date>2016-12-13</fdd:date>
		</fdd:updates>
		<fdd:draftStatus>Full</fdd:draftStatus>
	</fdd:properties>
	<fdd:identificationAndDescription>
		<fdd:fullName>Digital Moving-Picture Exchange (DPX) Format</fdd:fullName>
		<fdd:keywords>
			<fdd:keyword>video formats</fdd:keyword>
			<fdd:keyword>digital motion picture formats</fdd:keyword>
		</fdd:keywords>
		<fdd:description>
			<p>File format for the exchange of resolution-independent, pixel-based (bitmapped) images, intended for very high quality moving image content for theatrical distribution; DPX masters provide the input for film recording (digital images back to film for projection) or D-Cinema digital projection systems.  Each DPX file represents a single image with a single component, e.g., luma, or multiple components, e.g., red, green, blue; or Cb, Y, Cr (chroma-luma data).  Many variations in multiple component data are supported.  DPX images may be produced by scanning film or by using a camera that produces a DPX output. </p>
			<p>DPX is intended to carry picture data; its developers assumed that sound would be carried in separate formats, e.g., WAVE files, and this is the general practice. Nevertheless, a few organizations scan an image area large enough to include optical soundtracks and at least one software application (<a href="http://imi.cas.sc.edu/mirc/">AEO Light</a>) can convert this image data to sound.</p>
		</fdd:description>
		<fdd:shortDescription>File format for the exchange of resolution-independent, pixel-based (bitmapped) images, intended for very high quality moving image content for theatrical distribution; DPX masters provide the input for film recording (digital images back to film for projection) or D-Cinema digital projection systems.  Each DPX file represents a single image with a single component, e.g., luma, or multiple components, e.g., red, green, blue; or Cb, Y, Cr (chrominance-luminance data).  DPX images may be produced by scanning film or by using a camera that produces a DPX output. Sound information is usually carried in a separate format although there are emerging options to carry sound data within the DPX file.</fdd:shortDescription>
		<fdd:productionPhase>Typically a middle-state format for material exchange, "post-production" in movie industry parlance, or archiving; in some circumstances may be a initial state format, i.e., "production," when digital cameras are employed.</fdd:productionPhase>
		<fdd:relationships>
			<fdd:relationship>
				<fdd:typeOfRelationship>Has earlier version</fdd:typeOfRelationship>
				<fdd:comment>Digital Moving-Picture Exchange (DPX), Version 1.0 1994. See <a href="#notes">Notes</a> for changes between versions. </fdd:comment>
			</fdd:relationship>
		</fdd:relationships>
	</fdd:identificationAndDescription>
	<fdd:localUse>
		<fdd:experience>Used for motion picture scanning by the Motion Picture, Broadcasting, and Recorded Sound Division, beginning in 2004.</fdd:experience>
		<fdd:preference>None at this time.</fdd:preference>
	</fdd:localUse>
	<fdd:sustainabilityFactors>
		<fdd:disclosure>Open standard. Developed by the Society of Motion Picture and Television Engineers (SMPTE), a member of the American National Standards Institute (ANSI).</fdd:disclosure>
		<fdd:documentation>SMPTE 268M-2003, <i>SMPTE Standard for File Format for Digital Moving-Picture Exchange (DPX), Version 2.0</i>
		</fdd:documentation>
		<fdd:adoption>Reasonably well adopted including <a href="http://www.archives.gov/preservation/products/reformatting/mopix-digital.html">US National Archives</a> and <a href="http://www.bac-lac.gc.ca/eng/services/government-information-resources/guidelines/Pages/guidelines-file-formats-transferring-information-resources-enduring-value.aspx#q">Library and Archives Canada</a>. Several film scanners support DPX, and it is offered as an output from ARRI, Kinetta and DALSA cameras among others. ImageMagicK supports editing of DPX files. On the playback side, FFmpeg has good support for DPX. It is not supported currently by popular viewers such as VLC or Windows Media Player.</fdd:adoption>
		<fdd:licensingAndPatents>None.
</fdd:licensingAndPatents>
		<fdd:transparency>Wrapper is transparent; overall transparency depends upon the essence encoding.
		</fdd:transparency>
		<fdd:selfDocumentation>
			<p>DPX is a pixel-based (raster) file format with attributes defined in a binary file header. Each file represents a single image or single frame of a motion picture or video data stream. Since each DPX frame is "one of tens of thousands" in a motion picture, users will track intellectual/bibliographic metadata separately from the set of DPX files. A DPX file has four sections (including one optional section):</p>
			<ul>
				<li>
					<i>Generic image data </i>(including file information, image information, and image orientation information). Within the &quot;Generic image data&quot; section, a set of identified &quot;core&quot; fields is required. This core set comprises a minimum amount of information that a reader needs to read and interpret. A core-compliant reader must read the core fields but not necessarily be able to read non-core fields. A core-compliant writer must fill in the fore fields with valid values because blank or undefined values are not permitted. Non-core fields must be filled in with UNDEFINED values if the correct values are not known. In v.1 (268M-1994), this is further outlined in section 3;  in v.2 (268M-2003), this is further detailed in section 4.  The core fields are: magic number (&quot;SDPX&quot; or &quot;XPDS&quot; - see <a href="#sign">Signifiers</a>), offset to image data in bytes, version number (&quot;V2.0&quot; for version 2), total image size in bytes (including file header), image orientation, number of image elements, pixels per line, lines per image element, data sign, descriptor, transfer characteristic, colorimetric specification, bit depth, packing, encoding, and offset to data.</li>
				<li>
					<i>Industry Specific Information</i> (motion picture film information, television information) which generally describes the film and camera source from which the image frame data was derived. The motion-picture film information header outlined in section 6.1 includes helpful tags for film-related data including information derived from film edge codes such as film manufacturing ID code, film type, offset in perforations, prefix and count. Other structured data fields include format (e.g. Academy), frame position in sequence (incremental integer sequence of DPX files), sequence length (frames), held count (1 = default), frame rate of original (frames/s), shutter angle of camera in degrees, frame identification ( e.g. keyframe), and slate information. </li>
				<li>
					<i>User defined data</i> (optional). Format and structure is not defined in SMPTE ST 268M:2003 to allow for customized information needed by some users but typical uses might be processing logs, etc.</li>
				<li>
					<i>Image data.</i> SMPTE ST 268M:2003 does not include more specific information about the expected contents of this section aside from specifying &quot;Image 8-K blocks are recommended for efficient use of tape-storage devices.&quot;  See <a href="http://www.fileformat.info/format/dpx/egff.htm">FileFormat.Info</a> for one source of more information.</li>
			</ul>
		</fdd:selfDocumentation>
		<fdd:externalDependencies>None
		</fdd:externalDependencies>
		<fdd:techProtection>None
		</fdd:techProtection>
	</fdd:sustainabilityFactors>
	<fdd:qualityAndFunctionalityFactors>
		<fdd:movingImageQF>
			<fdd:normalVideo>DPX files are not be designed to <i>play</i> in the customary sense.  Most applications in which DPX files may be played will be professional; this is not a format intended for desktop PC applications.</fdd:normalVideo>
			<fdd:clarity>Depends upon picture size and bit depth; for uncompressed bitmaps.  The format has no limit on picture size (beyond that imposed by the use of 32-bit integers); many motion picture applications work at <i>2K</i> (2048x1080 pixels) and <i>4K</i> (4096x2160 pixels) resolution.  Several color space implementations are supported.  Regarding bit depth (necessary to encompass the wide dynamic or brightness range of actual scenes or images on film), many in the motion picture industry advocate having masters with 16-bit-per-channel linear data, whether RGB, YUV (chrominance-luminance), or some other, e.g., raw data from a Bayer array.</fdd:clarity>
			<fdd:beyondVideo>Not investigated at this time.</fdd:beyondVideo>
		</fdd:movingImageQF>
	</fdd:qualityAndFunctionalityFactors>
	<fdd:fileTypeSignifiers>
		<fdd:signifiersGroup>
			<fdd:filenameExtension>
				<fdd:sigValues>
					<fdd:sigValue>dpx</fdd:sigValue>
				</fdd:sigValues>
				<fdd:note>From the specification</fdd:note>
			</fdd:filenameExtension>
			<fdd:internetMediaType>
				<fdd:sigValues>
					<fdd:sigValue>image/x-dpx</fdd:sigValue>
				</fdd:sigValues>
				<fdd:note>Not registered with IANA. Found on <a href="http://www.filesuffix.com/en/extension/dpx">FileSuffix.com</a>
				</fdd:note>
			</fdd:internetMediaType>
			<fdd:magicNumbers>
				<fdd:sigValues>
					<fdd:sigValue>Hex: 0x53445058</fdd:sigValue>
					<fdd:sigValue>ASCII: SDPX</fdd:sigValue>
				</fdd:sigValues>
				<fdd:note>If big-endian (most significant byte first), from the specification</fdd:note>
			</fdd:magicNumbers>
			<fdd:magicNumbers>
				<fdd:sigValues>
					<fdd:sigValue>Hex: 0x58504453</fdd:sigValue>
					<fdd:sigValue>ASCII: XPDS</fdd:sigValue>
				</fdd:sigValues>
				<fdd:note>If little-endian (least significant byte first), from the specification</fdd:note>
			</fdd:magicNumbers>
			<fdd:other>
				<fdd:tag>Pronom PUID</fdd:tag>
				<fdd:values>
					<fdd:sigValues>
						<fdd:sigValue>fmt/541</fdd:sigValue>
					</fdd:sigValues>
					<fdd:note>See <a href="http://www.nationalarchives.gov.uk/PRONOM/fmt/541">http://www.nationalarchives.gov.uk/PRONOM/fmt/541</a>.</fdd:note>
				</fdd:values>
			</fdd:other>
			<fdd:other>
				<fdd:tag>Wikidata Title ID</fdd:tag>
				<fdd:values>
					<fdd:sigValues>
						<fdd:sigValue>Q527723</fdd:sigValue>
					</fdd:sigValues>
					<fdd:note>No versions declared. See <a href="https://www.wikidata.org/wiki/Q527723">https://www.wikidata.org/wiki/Q527723</a>.
					</fdd:note>
				</fdd:values>
			</fdd:other>
		</fdd:signifiersGroup>
	</fdd:fileTypeSignifiers>
	<fdd:notes>
		<fdd:general>
			<p>The European <a href="http://presto.joanneum.at/">PRESTO</a> project supported efforts to preserve broadcast content via digitization.  A PRESTO <a href="http://presto.joanneum.at/Public/D5_3.pdf">report</a> on a file format conversion software issued in 2002 includes two statements that pertain to DPX: "Currently the DPX file format has become an industry standard for film production. It supports resolution independence (spatial and densitometric), but does not meet the requirements of broadcasters because, for instance, it does not contain sound data or metadata. Film is stored as a number of single uncompressed image files. The MXF format intends to overcome these limitations by, for instance, support of metadata and by support of film structure information (shot information)." (p. 2)</p>
			<p>The PRESTO report also includes a paragraph that indicates one application's approach to filenaming with one-frame-at-a-time formats like DPX, a critical issue since 30 minutes of film contains 43,200 frames and 30 minutes of video contains about 54,000: "Both input and output image sequences are expected to be stored as a number of files in the same directory in one of the following image formats: TIFF, PNM, SGI, RGB, DPX.  Interlaced image sequences [video fields] are expected to be stored as a sequence of images containing two woven fields. The filename is assumed to be in the format <i>name.n.ext</i>, where <i>n</i> is the frame number with up to 8 digits and ext is the file extension. The number of digits in the frame number has to be constant for all frames of one sequence." (p. 13)  Frank Wylie of the Library of  Congress Film Preservation Laboratory confirms that most DPX-capable applications provide this type of filenaming as the default.</p>
		</fdd:general>
		<fdd:history>
			<a href="http://citeseer.ist.psu.edu/viewdoc/summary?doi=10.1.1.201.9925">Stream and File Formats: Where Are We Now?</a> states that DPX "was developed several years ago to support the transfer of uncompressed images between telecine machines.  It was later used for synthetic image file transfers."  The <a href="http://en.wikipedia.org/wiki/DPX">Wikipedia</a> article on DPX reports (on December 5, 2013): "The DPX file format was originally derived from Kodak Cineon open file format (.cin file extension) used for digital images generated by Kodak&apos;s original film scanner."  This format was referred to as <i>Cineon</i>.
<p>As near as the authors have been able to determine, the content differences between DPX v.1 (SMPTE 268M-1994) and DPX v.2 (SMPTE 268M-2003) specifications are, in summary, updating references to other SMPTE standards and assigning previously reserved file space for specific purposes. This document does not detail all the changes in references to external SMPTE or other standards. However the substantive content changes between the v.1 and v.2 standards are listed below:</p>
			<ul>
				<li>DPX v.2 (SMPTE 268M-2003) specification includes more definitions including ones for: 3.2 image file size, 3.7 image element data structure, 3.31 X scanned size, 3.32 Y scanned size, 3.33 film edge code information, 3.40 SMPTE time code, 3.41 SMPTE user bits, 3.44 horizontal sampling rate (Hz), 3.45 vertical sampling rate (Hz), 3.52 integration time.</li>
				<li>In DPX v.1 (SMPTE 268M-1994) Section 5.3 (Image Orientation Information), Field 42, Offset 1636, Length 28 is reserved for future use. In DPX v.2 (SMPTE 268M-2003) Section 5.3 (Image Source Information Header), Field 42, Offset 1636 is reassigned for Data Structure for additional source image information including Field 42.1, Offset 1636, Length 4 Type R32 = X scanned size;  Field 42.2, Offset 1640, Length 4 Type R32 = Y scanned size; Field 42.3, Offset 1644, Length 20 Type TBD = Reserved for future use. In addition, these terms were added to the definitions.</li>
				<li>In DPX v.2 (SMPTE 268M-2003) Table 3B (Component Data Packing Method), values for Field 21 have expanded to include method  A (value 1) and method B (value 2) where as in DPX v.1 (SMPTE 268M-1994), the there was only value 1. Method A: &quot;Filling method A is normal: padding bits precede data within 32-bit word boundaries (10-bit image components) or within 16-bit word boundaries (12-bit image components. See Annex C, figs C.3 and C.4.&quot; Method B: &quot;Filling method B is now non-standard: padding bits follow data within word boundaries. See Annex C, figs
C.7/C.8.&quot; Note that this also affects the specification in other places.</li>
				<li>In DPX v.2 (SMPTE 268M-2003) Table 4 (Video Signal Standard), additional code vales for signal standards are added from values previously reserved for future use. New values include: 153 = YCBCR 1125-line, 2:1 interlace, 16:9 aspect ratio (SMPTE 240M) and 203=YCBCR 1125-line, 1:1 progressive, 16:9 aspect ratio (SMPTE 274M). Reserved values are adjusted to: 154–199= Reserved for future high-definition interlace and 204 – 254= Reserved for future high-definition progressive.</li>
				<li>Table 6 (Time code and user bits) is a new addition to DPX v.2 (SMPTE 268M-2003).</li>
				<li>In DPX v.2 (SMPTE 268M-2003), the Annexes are reordered due to the introduction of a new Annex A (informational): Structure of 268M file and representation in document.</li>
				<li>In DPX v.2 (SMPTE 268M-2003), Annex C (informative) Data Packing Diagrams - Including “Method A” Filling and Annex C (informative) Data Packing “Method B” are revised to reflect the changes in Field 21 (see above).</li>
				<li>In DPX v.2 (SMPTE 268M-2003), Annex D (informative) Relationship of metadata items to SMPTE metadata dictionary RP 210 is a new addition.</li>
			</ul>
			<p>Moreover, Amendment 1 to DPX v.2 (SMPTE 268M-2003),was published in 2012. A summary of key changes are listed below:</p>
			<ul>
				<li>Inclusion of a normative reference to SMPTE ST 2065-3, Academy Density Exchange Encoding (ADX) Encoding Academy Printing Density (APD) Values which is a component of the <a href="http://www.oscars.org/science-technology/sci-tech-projects/aces">Academy Color Encoding System</a> (ACES) organized by the Academy of Motion Picture Arts and Sciences.</li>
				<li>In Tables 5A (Transfer Characteristics) and 5B (Colorimetric Specification), code value 13 which was previously reserved for future use has been revised to refer to SMPTE ST 2065-3, Academy Density Exchange Encoding (ADX).</li>
				<li>Table 7 in SMPTE 268M:2003, previously reserved for User Defined Data, is significantly revised to include header fields and value pairs for ADX values.</li>
			</ul>
			<p>Finally, the <a href="https://www.smpte.org/sites/default/files/images/Standards%20Quarterly%20Outcome%20Report-March%202015.pdf">SMPTE Standards Quarterly Report</a> from March 2015 indicates that the latest revision of the DPX v. 2 standard, SMPTE ST 268:2014 was found to contain "significant errors ...[and] a corrected version is being put together." The authors of this website will wait until a stable version is released before conducting any analysis. </p>
			<p>
				<a href="http://www.digitizationguidelines.gov/guidelines/digitize-DPXembedding.html">Federal Agencies Digital Guidelines Initiative Audio-Visual Working Group</a> has drafting guidelines for embedding metadata in the DPX header. The draft guidelines outline FADGI implementations of the SMPTE Core fields as well as other elements <i>Strongly Recommended</i>, <i>Recommended</i> or <i>Optional</i> for FADGI use. The non-Core fields take advantage of existing header structures as well as define new metadata elements for the User Defined fields to document, among other things, digitization process history. The draft guidelines and supporting documents are now available for public comment through February 2017.</p>
		</fdd:history>
	</fdd:notes>
	<fdd:formatSpecifications>
		<fdd:citations>
			<fdd:citation>
				<fdd:specReference>ST 268:2014, File Format for Digital Moving-Picture Exchange (DPX), Version 2.0 (<a href="http://standards.smpte.org/content/978-1-61482-841-9/st-268-2014/SEC1.abstract?sid=b29b94ec-bce2-473a-8a3c-8f515f876327">Scope</a>). (Found to contain significant errors and is under revision) </fdd:specReference>
			</fdd:citation>
			<fdd:citation>
				<fdd:specReference>ST 268:2003, SMPTE Standard for File Format for Digital Moving-Picture Exchange (DPX), Version 2.0 (<a href="http://standards.smpte.org/content/st-268-2003/SEC1.abstract.html">Abstract</a>)</fdd:specReference>
			</fdd:citation>
			<fdd:citation>
				<fdd:specReference>Amendment 1:2012 to ST 268:2003, File Format for Digital Moving Picture Exchange (DPX) - Amendment 1 (<a href="http://standards.smpte.org/content/978-1-61482-697-2/st-268-2003-am1-2012/SEC1.abstract">Abstract</a>)</fdd:specReference>
			</fdd:citation>
			<fdd:citation>
				<fdd:specReference>ST 268:1994, SMPTE Standard for File Format for Digital Moving-Picture Exchange (DPX), Version 1.0. No longer available for purchase from SMPTE.</fdd:specReference>
			</fdd:citation>
		</fdd:citations>
	</fdd:formatSpecifications>
	<fdd:usefulReferences>
		<fdd:urls>
			<fdd:url>
				<fdd:urlReference>
					<link>http://www.cineon.com/ff_draft.php</link>
					<tag>Cineon Image File Format Draft</tag>
				</fdd:urlReference>
			</fdd:url>
			<fdd:url>
				<fdd:urlReference>
					<link>http://citeseer.ist.psu.edu/viewdoc/summary?doi=10.1.1.201.9925</link>
					<tag>Stream and File Formats: Where Are We Now?</tag>
					<comment>White paper by Bob Edge.  Cached by Citeseer.</comment>
				</fdd:urlReference>
			</fdd:url>
			<fdd:url>
				<fdd:urlReference>
					<link>http://presto.joanneum.at/Public/D5_3.pdf</link>
					<tag>PRESTO report: High-Quality Format Conversion
Software </tag>
					<comment>On file format conversion software.</comment>
				</fdd:urlReference>
			</fdd:url>
			<fdd:url>
				<fdd:urlReference>
					<link>http://en.wikipedia.org/wiki/DPX</link>
					<tag>Wikipedia entry on DPX</tag>
				</fdd:urlReference>
			</fdd:url>
			<fdd:url>
				<fdd:urlReference>
					<link>http://www.fileformat.info/format/dpx/egff.htm</link>
					<tag>DPX File Format Summary</tag>
					<comment>Detailed information on file structure. </comment>
				</fdd:urlReference>
			</fdd:url>
			<fdd:url>
				<fdd:urlReference>
					<link>http://fileformats.archiveteam.org/wiki/DPX</link>
					<tag>Archiveteam.org&apos;s entry for DPX</tag>
					<comment>Includes links to sample files</comment>
				</fdd:urlReference>
			</fdd:url>
			<fdd:url>
				<fdd:urlReference>
					<link>http://apps.nationalarchives.gov.uk/pronom/fmt/541</link>
					<tag>PRONOM entry for fmt/541</tag>
					<comment>Information in PRONOM from UK National Archives about DPX version 2. PUID: fmt/541.</comment>
				</fdd:urlReference>
			</fdd:url>
			<fdd:url>
				<fdd:urlReference>
					<link>https://www.wikidata.org/wiki/Q527723</link>
					<tag>WikiData entry for Q527723</tag>
					<comment>Information in WikiData about DPX (no versions declared). WikiData Title ID: Q527723.</comment>
				</fdd:urlReference>
			</fdd:url>
		</fdd:urls>
	</fdd:usefulReferences>
</fdd:FDD>
