<?xml version="1.0" encoding="UTF-8"?>
<fdd:FDD id="fdd000465" titleName="Standard Generalized Markup Language (SGML).  ISO 8879:1986" shortName="SGML" xmlns:xsi="http://www.w3.org/2001/XMLSchema-instance" xmlns:fdd="http://www.loc.gov/preservation/digital/formats/schemas/fdd/v1" xsi:schemaLocation="http://www.loc.gov/preservation/digital/formats/schemas/fdd/v1 http://www.loc.gov/preservation/digital/formats/schemas/fdd/v1/fdd-v1-1.xsd">
	<fdd:properties>
		<fdd:gdfrGenreSelection>
			<fdd:gdfrGenre>text</fdd:gdfrGenre>
		</fdd:gdfrGenreSelection>
		<fdd:formatCategories>
			<fdd:category>file-format</fdd:category>
			<fdd:category>encoding</fdd:category>
		</fdd:formatCategories>
		<fdd:gdfrComposition>unitary</fdd:gdfrComposition>
		<fdd:gdfrForm>text</fdd:gdfrForm>
		<fdd:gdfrConstraint>structured</fdd:gdfrConstraint>
		<fdd:gdfrBasis>symbolic</fdd:gdfrBasis>
		<fdd:updates>
			<fdd:date>2018-02-21</fdd:date>
		</fdd:updates>
		<fdd:draftStatus>Preliminary</fdd:draftStatus>
	</fdd:properties>
	<fdd:identificationAndDescription>
		<fdd:fullName>ISO 8879:1986. 
Information processing -- Text and office systems -- Standard Generalized Markup Language (SGML)</fdd:fullName>
		<fdd:keywords>
			<fdd:keyword>document formats</fdd:keyword>
			<fdd:keyword>markup languages</fdd:keyword>
		</fdd:keywords>
		<fdd:description>
			<p>SGML (Standard Generalized Markup Language) is an openly documented and freely implementable international standard for semantic markup of textual documents in a manner that permits the separation of the underlying content from the formatting instructions for display or printing.  Published as <a href="https://www.iso.org/standard/16387.html">ISO 8879:1986</a>, the standard is maintained and periodically reviewed under the auspices of ISO/IEC JTC 1/SC 34.  To quote from the standard&apos;s introduction, &quot;SGML can be used for publishing in its broadest definition, ranging from single medium conventional publishing to multi-media data base publishing. SGML can also be used in office document processing when the benefits of human readability and interchange with publishing systems are required.&quot;  SGML has been widely used, although in many contexts, it has been superseded by <fddLink id="fdd000075">XML</fddLink> and HTML, markup languages that were derived from SGML.  See <a href="#notes">Notes</a> below for more detail on the influence of SGML on the HTML and XML formats .</p>
			<p>SGML was designed to enable the sharing of machine-readable documents across different technical environments and to support a long readable life, particularly as required for documents produced in government, law, and industry.  An SGML file is encoded as plain text.  As a &quot;generalized&quot; markup language, it incorporated the concept of a &quot;document type definition&quot; (DTD).  For a particular document application, a company or government agency would develop an SGML DTD, declaring names and constraints for document elements and their attributes.  Given a source document marked up in conformance with that DTD, SGML processing software could be used to produce human-readable output for printing or display by associating appropriate formatting instructions, perhaps using the <a href="https://en.wikipedia.org/wiki/Document_Style_Semantics_and_Specification_Language">DSSSL</a> style sheet language.  For example, a US Department of Defense (DOD) specification for technical manuals, MIL-M-38784C, issued in 1990, incorporated an SGML DTD.  Its successor standard, <a href="https://www.document-center.com/standards/show/MIL-STD-38784/history/REVISION%20A/CHG%202">MIL-STD-38784: Standard Practice for Technical Manuals</a>, published in 1995, is still in force, still based on an SGML DTD after a 2018 update.</p>
			<p>The introduction to the SGML specification highlights key components of the language, including an &quot;abstract syntax&quot; for descriptive markup of document elements and a &quot;reference concrete syntax&quot; that specifies the use of particular delimiter characters, etc.  Although the specification suggests that other concrete syntaxes might be used, the compilers of this resource are not aware of any any such variations.  <a href="../contact_format.shtml">Comments welcome.</a>  Also defined were special delimiters for processing instructions, a general &quot;entity reference&quot; mechanism for referring to content outside the mainstream content of a document, and generalized support for non-text.  To encourage acceptance, the authors of the SGML specification followed other design objectives: the ability to enter text and markup on &quot;the millions of existing text entry devices&quot;; no character set dependency; no national language bias; and markup usable by both humans and programs.</p>
			<p>In their 1995 <a href="http://www.xmlgrrl.com/publications/DSDTD/ch01.html">Introduction to SGML</a>, Eve Maler and Jeanne El Andaloussi identified some design strengths they considered unique based on their experience with publishing and type-setting. The declarative (rather than procedural) nature of SGML markup let document producers put the same document data to multiple uses, such as delivering documents in a variety of online and paper formats.  Its deliberately generic, non-proprietary design helped make documents independent of software platform and vendor and also protected documents against changes in computer hardware and software.</p>
			<p>SGML was adopted in many publishing contexts.  The <a href="http://xml.coverpages.org/sgml.html">Cover Pages</a> resource, assembled by Robin Cover and now hosted as an archive by OASIS, was a widely consulted resource about SGML in the 1990s.  The resource lists and describes dozens of SGML applications in various domains: <a href="http://xml.coverpages.org/gen-apps.html">General</a>; <a href="http://xml.coverpages.org/gov-apps.html">Government, Military, and Heavy Industry</a>; and <a href="http://xml.coverpages.org/acadapps.html">Academic</a>.  When Robin Cover ceased adding to or updating this area of the Cover Pages, he wrote (as of July 2002), &quot;relatively few enterprise-level projects are started as SGML applications, but many SGML applications implemented before 1999 are still running productively.&quot;  See Adoption section in <a href="#sustainability">Sustainability Factors</a> below for a few particular examples.</p>
		</fdd:description>
		<fdd:shortDescription>an openly documented and freely implementable international standard for semantic markup of textual documents, published as ISO 8879:1986.  Both XML and HTML derive from SGML.</fdd:shortDescription>
		<fdd:relationships>
			<fdd:relationship>
				<fdd:typeOfRelationship>Has subtype</fdd:typeOfRelationship>
				<fdd:relatedTo>
					<fdd:id>fdd000075</fdd:id>
					<fdd:shortName>XML</fdd:shortName>
					<fdd:titleName>(Extensible Markup Language)</fdd:titleName>
				</fdd:relatedTo>
				<fdd:comment>
					<a href="https://www.w3.org/TR/REC-xml/#sec-xml-and-sgml">Appendix C of the XML specification</a> states, &quot;XML is designed to be a subset of SGML, in that every XML document should also be a conforming SGML document.&quot;</fdd:comment>
			</fdd:relationship>
		</fdd:relationships>
	</fdd:identificationAndDescription>
	<fdd:localUse>
		<fdd:experience>
			<p>In the 1990s, the <a href="https://memory.loc.gov/ammem/about/index.html">American Memory project</a> at the Library of Congress developed an SGML DTD that was used for manual transcriptions of a few hundred out-of-copyright books and some materials from collections of personal or organizational papers.   See <a href="https://memory.loc.gov/ammem/amdtd.html">American Memory DTD for Historical Documents</a> and <a href="https://memory.loc.gov/ammem/prpsal/rfp9618c.html#TC">Text Conversion and SGML-encoding</a> from a 1996 request for proposals.  For public access, the SGML files were originally converted to HTML.  More recently, the SGML has been converted to XML and PDF to support updated public access for most collections created during the American Memory project.  Recent conversion of textual materials at the Library of Congress has been based on OCR from scanned images and not employed SGML.</p>
			<p>Another example of experience with SGML at the Library of Congress in the 1990s was participation in development, testing, and use of the first generation of the Encoded Archival Description (<a href="https://www.loc.gov/ead/">EAD</a>).  See <a href="https://www.loc.gov/ead/eaddev.html">Development of the Encoded Archival Description DTD</a> and <a href="https://www.loc.gov/ead/tglib1998/tlintro.html">Introduction to the EAD Tag Library for Version 1.0</a>. Library of Congress staff produced a number of finding aids in the SGML version of EAD before adopting the XML DTD for EAD v2002, and migrating the existing finding aids in 2005.</p>
		</fdd:experience>
		<fdd:preference>The Library of Congress Recommended Formats Statement (RFS) for <a href="https://www.loc.gov/preservation/resources/rfs/textmus.html#digital">textual documents</a> includes SGML as an acceptable digital format, when a DTD accompanies the document or is accessible.</fdd:preference>
	</fdd:localUse>
	<fdd:sustainabilityFactors>
		<fdd:disclosure>An international standard, currently maintained and periodically reviewed under the auspices of ISO/IEC JTC 1/SC 34. The standard was originally prepared under the auspices of Technical Committee ISO/TC 97, Information processing systems.</fdd:disclosure>
		<fdd:documentation>
			<a href="https://www.iso.org/standard/16387.html">ISO 8879:1986. 
Information processing -- Text and office systems -- Standard Generalized Markup Language (SGML)</a>
		</fdd:documentation>
		<fdd:adoption>
			<p>During the 1990s. SGML was adopted for marking up the structure of documents in a wide variety of contexts, for example, for transcription of old printed or manuscript materials, in new workflows for scholarly publishing, in software manuals, for information exchange in industries such as telecommunications and railroads, and in requirements associated with contract work for the U.S. Department of Defense.  See <a href="http://xml.coverpages.org/sgml.html">Cover Pages</a> for lists of many such applications.  Some particular applications are:</p>
			<ul>
				<li>The US Department of Defense (DOD) had a long-term project to reduce the cost of supporting and constructing equipment used by the military.  Using the acronym CALS, standing originally for <i>Computer-aided Acquisition and Logistic Support</i> and then for <i>Continuous Acquisition and Life-cycle Support</i>, the DOD developed a family of standards for digital information of various types.  According to <a href="http://www.sgmlsource.com/history/sgmlhist.htm">A Brief History of the Development of SGML</a>, the SGML portion of CALS was initiated in February 1987 and the first SGML-based standard from the DOD, <a href="https://standards.globalspec.com/std/766452/npfc-mil-m-28001">MIL-M-28001</a>, &quot;Markup Requirements and Generic Style Specification for Exchange of Text and its Presentation&quot; was published in February 1988.  This standard, last modified in 1993, is still active.  The CALS standards have been widely adopted across the world and are still in use.</li>
				<li>In the early 1980s, the Association of American Publishers sponsored the Electronic Manuscript Project to develop an initial SGML application for book, journal, and article creation, intended for manuscript interchange between authors and their publishers.  The specification was approved as ANSI/NISO standard Z39.59 in December 1988. It was submitted for standardization through ISO and became <a href="https://www.iso.org/standard/20866.html">ISO 12083: 1994</a>.  This was the beginning of widespread adoption of SGML in scholarly publishing workflows.  XML has largely superseded SGML in this context, with the XML-based <fddLink id="fdd000451">JATS</fddLink> standard being widely adopted for scholarly publishing.</li>
				<li>The Text Encoding Initiative (TEI) was established in 1987 as a &quot;cooperative undertaking of the textual research community to formulate and disseminate guidelines for the encoding and interchange of machine-readable texts intended for literary, linguistic, historical, or other textual research.&quot;  See the <a href="http://www.tei-c.org/Vault/ED/edp01.htm">Poughkeepsie Principles</a> that guided the efforts.  Adapting from <a href="http://www.tei-c.org/Support/Learn/intro.xml">Learn the TEI: Introducing the Guidelines</a> by adding dates, &quot;The original TEI language (P1 through P3 [1990-1999]) used SGML syntax. With P4 [2002], users were given a choice of using SGML or XML; with P5 [2007], SGML is no longer an option.&quot;  <a href="https://quod.lib.umich.edu/cgi/t/tei/tei-idx?type=extoc&amp;byte=71769">A Gentle Introduction to. SGML</a> from the TEI Guidelines was a widely cited resource  See also <a href="http://www.tei-c.org/About/history.xml">TEI: History</a>.</li>
				<li>The <a href="http://docbook.org/whatis">DocBook</a> SGML DTD was originally designed and implemented around 1991. It was developed primarily for exchange of UNIX documentation.  To quote from <a href="https://tdg.docbook.org/tdg/3.1/ch00.html">DocBook: The Definitive Guide</a> (Version 1.0.3.  1999), &quot;DocBook provides a system for writing structured documents using SGML or XML. It is particularly well-suited to books and papers about computer hardware and software, though it is by no means limited to them. DocBook is an SGML document type definition (DTD).&quot;  DocBook was adopted by the open source community where it has become a standard for creating documentation for many projects.  As for the TEI DTD, the DocBook DTD was converted to a DTD consistent with both SGML and XML (versions 4.x, 2000-2016). The normative definition for DocBook 5.0, published in November 2016, is an XML-based schema expressed as RNG. There is no SGML DTD for DocBook 5.0.   See the <a href="https://en.wikipedia.org/wiki/DocBook">Wikipedia entry for DocBook</a>.</li>
			</ul>
			<p>During the 1990s there were active open-source software projects to parse SGML and to use style sheets to display and print SGML documents.  They included <a href="http://www.jclark.com/sp/">SP: An SGML System Conforming to International Standard ISO 8879</a> by James Clark;  <a href="ftp://ftp.lyx.org/pub/sgml-tools/website/guide/guide.html">SGML-tools</a>; and <a href="https://sourceforge.net/projects/sgmltools-lite/">SGML-tools Lite</a>.  An <a href="http://supportweb.cs.bham.ac.uk/docs/tutorials/docsystem/build/tutorials/docbooksys/segmentedhtml/ch02s01.html">Overview Of Required Tools</a> for installing and configuring an SGML DocBook authoring system for Windows lists some others.  However none of these projects is still under active maintenance.  See <a href="http://en.tldp.org/HOWTO/DocBook-Demystification-HOWTO/sgml.html#AEN298">Why SGML DocBook is dead</a>.</p>
			<p>A description in the IBM Knowledge Center on <a href="https://www.ibm.com/support/knowledgecenter/en/SS6RBX_11.4.3/com.ibm.sa.xml.design.doc/topics/c_history.html">History and Relationships of SGML, HTML and XML</a> states that XML was invented because there were &quot;barriers to delivering SGML over the web. These include the lack of stylesheet support, no mainstream browser support, software complexity, and obstacles to interchange of SGML data because of varying levels of SGML compliance among SGML Software Packages. Due to the lack of SGML support in mainstream Web browsers, most applications delivering SGML information over the Web convert the SGML to HTML.&quot;  XML became a W3C recommendation in February 1998.  Since then, many applications of SGML have migrated to XML and the number of commercial software tools supporting SGML has dropped.</p>
			<p>A limited set of commercial SGML authoring tools exist in 2018.  They include: </p>
			<ul>
				<li>
					<a href="https://www.adobe.com/products/framemakerxmlauthor.html">Adobe FrameMaker XML Author (2015)</a>.  See <a href="https://helpx.adobe.com/framemaker/kb/overview-structured-documents-sgml-xml.html">Overview of Structured Documents, SGML and XML in FrameMaker</a>.</li>
				<li>
					<a href="https://xmetal.com/">XMetal</a>. See <a href="http://forums.xmetal.com/index.php?topic=3233.0">question and answer on SGML</a> from XMetal forum.  XMetal started life as SoftQuad&apos;s Author/Editor.</li>
				<li>
					<a href="https://www.ptc.com/en/products/service-lifecycle-management/windchill-arbortext/editor">Windchill ArborText Editor</a> from PTC.</li>
			</ul>
		</fdd:adoption>
		<fdd:licensingAndPatents>No concerns.</fdd:licensingAndPatents>
		<fdd:transparency>SGML files are both human-readable and machine-processable.  For the contents to be understood, a well-documented DTD is needed. Human-comprehensible element tags are advantageous for transparency. </fdd:transparency>
		<fdd:selfDocumentation>An SGML DTD can, and often does, define elements to be used to describe the content of a conforming document and its context.</fdd:selfDocumentation>
		<fdd:externalDependencies>None beyond SGML processing software.</fdd:externalDependencies>
		<fdd:techProtection>The SGML specification mentions no internal capabilities for encryption.  However, files containing sensitive material will likely be encrypted if transferred over public networks.</fdd:techProtection>
	</fdd:sustainabilityFactors>
	<fdd:qualityAndFunctionalityFactors>
		<fdd:textQF>
			<fdd:normalText>
				<p>Mechanisms are provided in the SGML specification to allow any characters in Unicode 2.0 (ISO/IEC 10646) to be included in the character set for an SGML document.  A document typically begins with one or more statements that comprise a definition for the character set used in the document.  The first statement is typically a reference to a &quot;base character set&quot; using a recognized &quot;public identifier.&quot;  Additional characters can be defined using their Unicode (ISO/IEC 10646) code points. See <a href="http://www.jclark.com/sp/sgmldecl.htm">Handling of the SGML declaration in SP</a> for a listing of character sets recognized by the SP software toolkit.</p>
				<p>A primary design objective for SGML was to allow explicit representation of the logical structure of text, such as paragraphs, headings, sections, indexes, etc. Effective support for normal rendering is dependent on an appropriate DTD and associated style sheet (or other formatting instructions).  Another important objective was to support indexing of the textual content.</p>
			</fdd:normalText>
			<fdd:structure>The primary intent of SGML markup is to represent document structure.</fdd:structure>
			<fdd:layout>Best practice is to have the SGML represent the logical document structure and use stylesheets to render the text in a form appropriate for printing or for display to an end user.  A style language for use with SGML is <a href="https://www.iso.org/standard/18196.html">ISO/IEC 10179:1996</a> Information technology -- Processing languages -- Document Style Semantics and Specification Language (DSSSL).</fdd:layout>
			<fdd:mathDiag>Depends on particular DTD specification.  For example, The SGML DTD in <a href="https://www.iso.org/standard/20866.html">ISO 12083:1994  Information and documentation -- Electronic manuscript preparation and markup</a> has a module that supports mathematics display.</fdd:mathDiag>
			<fdd:beyondText>Depends on particular DTD specification.</fdd:beyondText>
		</fdd:textQF>
	</fdd:qualityAndFunctionalityFactors>
	<fdd:fileTypeSignifiers>
		<fdd:signifiersGroup>
			<fdd:filenameExtension>
				<fdd:sigValues>
					<fdd:sigValue>sgm</fdd:sigValue>
					<fdd:sigValue>sgml</fdd:sigValue>
				</fdd:sigValues>
				<fdd:note>See <a href="http://www.nationalarchives.gov.uk/PRONOM/x-fmt/195">PRONOM record for SGML</a>.</fdd:note>
			</fdd:filenameExtension>
			<fdd:internetMediaType>
				<fdd:sigValues>
					<fdd:sigValue>text/sgml</fdd:sigValue>
					<fdd:sigValue>application/sgml</fdd:sigValue>
				</fdd:sigValues>
				<fdd:note>See IANA registration at <a href="https://tools.ietf.org/html/rfc1874">RFC 1874</a>.  The text/sgml media-type is for use only when the contents of the SGML entity can be understood without SGML display software.  In other cases, application/sgml should be used.</fdd:note>
			</fdd:internetMediaType>
			<fdd:other>
				<fdd:tag>Pronom PUID</fdd:tag>
				<fdd:values>
					<fdd:sigValues>
						<fdd:sigValue>x-fmt/195</fdd:sigValue>
					</fdd:sigValues>
					<fdd:note>See <a href="http://www.nationalarchives.gov.uk/PRONOM/x-fmt/195">http://www.nationalarchives.gov.uk/PRONOM/x-fmt/195</a>.</fdd:note>
				</fdd:values>
			</fdd:other>
			<fdd:other>
				<fdd:tag>Wikidata Title ID</fdd:tag>
				<fdd:values>
					<fdd:sigValues>
						<fdd:sigValue>Q207819</fdd:sigValue>
					</fdd:sigValues>
					<fdd:note>See <a href="https://www.wikidata.org/wiki/Q207819">https://www.wikidata.org/wiki/Q207819</a>.</fdd:note>
				</fdd:values>
			</fdd:other>
		</fdd:signifiersGroup>
	</fdd:fileTypeSignifiers>
	<fdd:notes>
		<fdd:general>
			<p>The significance of SGML is not only in its direct use in publishing workflows for a couple of decades, but also in its influence on markup formats that are much more widely used: XML and HTML.  By 1995, it was determined that web browsers were unlikely to support full support for SGML and W3C began work on a simpler version. The term <a href="https://www.w3.org/People/Bos/Stylesheets/SGML-Lite.html">SGML-Lite</a> had been used informally for a while, but XML, for Extensible Markup Language, was the name chosen by the W3C working group. Design goals guiding the group included: XML shall be straightforwardly usable over the Internet; and XML shall be compatible with SGML.  XML, which has been described as a subset of SGML, was first published as a <a href="https://www.w3.org/TR/1998/REC-xml-19980210">W3C Recommendation in February 1998</a>.  XML adopted the concept and the syntax for DTDs from SGML.  HTML started life, not as a subset of SGML, but as an application of SGML, defined by an SGML DTD. This remained true for HTML versions through 4.01, for which associated DTDs were published.  In practice, however, web browsers and website developers have not used the DTD for HTML, but have developed and used HTML-specific tools for rendering, creating, and validating HTML.  As stated in the invitation to a <a href="https://www.balisage.net/2016/SGML-Birthday-Party.html">30th anniversary party for SGML</a>, &quot;Our current information ecosystem is largely (perhaps almost totally) unaware of SGML, yet it is totally dependent on SGML&apos;s progeny: HTML and XML. SGML may not have made much of a splash but the ripples it created are still spreading.&quot;</p>
		</fdd:general>
		<fdd:history>
			<p>SGML was adapted from IBM&apos;s Generalized Markup Language (GML), which Charles Goldfarb, Edward Mosher, and Raymond Lorie developed in the 1960s.  The term &quot;GML&quot; was based on the initials of the three surnames.  See <a href="http://www.sgmlsource.com/history/roots.htm">The Roots of SGML</a>, a memoir by Charles F. Goldfarb that goes back to the 1960s and <a href="http://people.apache.org/~jim/NewArchitect/webtech/1998/11/beyo/index.html">A Conversation with Charles F. Goldfarb</a>.</p>
			<p>The first working draft of the SGML standard was published in 1980. By 1983, the Graphic Communications Association (GCA) recommended the latest (sixth)working draft as an industry standard (GCA 101-1983). Major adopters included the US Internal Revenue Service (IRS) and the US Department of Defense.  In 1984, the working group was reconstituted as an ISO/IEC working group and produced a draft international standard in October 1985, which was approved and published in October 1986 as ISO 8879:1986.  See <a href="http://www.sgmlsource.com/history/sgmlhist.htm">A Brief History of the Development of SGML</a> for more detail on the history of SGML through 1990.</p>
		</fdd:history>
	</fdd:notes>
	<fdd:formatSpecifications>
		<fdd:urls>
			<fdd:url>
				<fdd:urlReference>
					<link>https://www.iso.org/standard/16387.html</link>
					<tag>ISO 8879:1986.
Information processing -- Text and office systems -- Standard Generalized Markup Language (SGML)</tag>
					<comment>Includes an amendment (1988) and two corrigenda (1996, 1999).</comment>
				</fdd:urlReference>
			</fdd:url>
		</fdd:urls>
	</fdd:formatSpecifications>
	<fdd:usefulReferences>
		<fdd:urls>
			<fdd:url>
				<fdd:urlReference>
					<link>https://en.wikipedia.org/wiki/Standard_Generalized_Markup_Language</link>
					<tag>Wikipedia entry for Standard Generalized Markup Language</tag>
				</fdd:urlReference>
			</fdd:url>
			<fdd:url>
				<fdd:urlReference>
					<link>http://www.sgmlsource.com/history/sgmlhist.htm</link>
					<tag>A Brief History of the Development of SGML (1990)</tag>
				</fdd:urlReference>
			</fdd:url>
			<fdd:url>
				<fdd:urlReference>
					<link>http://www.sgmlsource.com/history/roots.htm</link>
					<tag>The Roots of SGML -- A Personal Recollection by Charles F. Goldfarb (1996)</tag>
				</fdd:urlReference>
			</fdd:url>
			<fdd:url>
				<fdd:urlReference>
					<link>http://people.apache.org/~jim/NewArchitect/webtech/1998/11/beyo/index.html</link>
					<tag>A Conversation with Charles F. Goldfarb | interviewed by Michael Floyd</tag>
					<comment>Confirms that Goldfarb coined the term GML based on the initials of the developers of the Generalized Markup Language at IBM..</comment>
				</fdd:urlReference>
			</fdd:url>
			<fdd:url>
				<fdd:urlReference>
					<link>http://xml.coverpages.org/sgml.html</link>
					<tag>Cover Pages | Standard Generalized Markup Language (SGML)</tag>
					<comment>Last updated in 2002.</comment>
				</fdd:urlReference>
			</fdd:url>
			<fdd:url>
				<fdd:urlReference>
					<link>https://quod.lib.umich.edu/cgi/t/tei/tei-idx?type=extoc&amp;byte=71769</link>
					<tag>A Gentle Introduction to SGML from TEI guidelines for TEI P3 (1999)</tag>
					<comment>Widely cited from outside the TEI community.</comment>
				</fdd:urlReference>
			</fdd:url>
			<fdd:url>
				<fdd:urlReference>
					<link>https://tdg.docbook.org/tdg/3.1/ch01.html</link>
					<tag>DocBook: The Definitive Guide | Chapter 1. Getting Started with SGML/XML</tag>
					<comment>Version 1.0.3. 1999</comment>
				</fdd:urlReference>
			</fdd:url>
			<fdd:url>
				<fdd:urlReference>
					<link>http://en.tldp.org/HOWTO/DocBook-Demystification-HOWTO/index.html</link>
					<tag>DocBook Demystification HOWTO, by Eric Raymond.</tag>
				</fdd:urlReference>
			</fdd:url>
			<fdd:url>
				<fdd:urlReference>
					<link>http://www.xmlgrrl.com/publications/DSDTD/ch01.html</link>
					<tag>Introduction to SGML.  Chapter 1 of Developing SGML Document Type Definitions. 1995</tag>
					<comment>By Eve Maler and Jeanne El Andaloussi</comment>
				</fdd:urlReference>
			</fdd:url>
			<fdd:url>
				<fdd:urlReference>
					<link>http://www.xmlgrrl.com/blog/publications/developing-sgml-dtds/</link>
					<tag>2008 blog post by Eve Maler about release of an online version of Developing SGML DTDs.</tag>
					<comment>Includes technical detail about converting the book&apos;s source SGML, using the DocBook DTD, into an XML version of the DTD.</comment>
				</fdd:urlReference>
			</fdd:url>
			<fdd:url>
				<fdd:urlReference>
					<link>https://www.document-center.com/standards/show/MIL-STD-38784/history/</link>
					<tag>History of a US Military Standard DTD for technical manuals | MIL-STD-38784: Standard Practice for Technical Manuals</tag>
					<comment>Originally published in 1995.  Latest version published in 2016.  Still based on SGML.</comment>
				</fdd:urlReference>
			</fdd:url>
			<fdd:url>
				<fdd:urlReference>
					<link>https://www.iso.org/standard/18196.html</link>
					<tag>ISO/IEC 10179:1996. Information technology -- Processing languages -- Document Style Semantics and Specification Language (DSSSL)</tag>
				</fdd:urlReference>
			</fdd:url>
			<fdd:url>
				<fdd:urlReference>
					<link>https://groups.niso.org/news/events/2010/ala2010/nisoupdate/usdinNISOupdate2010.pdf</link>
					<tag>Creation of File Formats | slideshow on history behind SGML/XML formats for scholarly articles and books.</tag>
				</fdd:urlReference>
			</fdd:url>
			<fdd:url>
				<fdd:urlGroup>
					<fdd:intro>The World Wide Web Consortium (W3C) collected many resources relating to SGML during the period of the development of versions 2.x and 3.x of HTML (1994-1997).  HTML was developed as an application of SGML.  These pages are still online as of February 2018, but many links fail.  Versions of the pages at the Internet Archive reach more of the original content.  </fdd:intro>
					<fdd:urlList>
						<fdd:urlReference>
							<link>https://www.w3.org/MarkUp/SGML/</link>
							<tag>W3C | Overview of SGML Resources (current)</tag>
							<comment>Created November 1995. 
Last updated March 2004 (as of February 5, 2018).  This page has many bad links as of February 2018.</comment>
						</fdd:urlReference>
						<fdd:urlReference>
							<link>https://web.archive.org/web/19970730073023/http://www.w3.org:80/MarkUp/SGML/</link>
							<tag>W3C | Overview of SGML Resources (archived by Internet Archive on July 30, 1997))</tag>
							<comment>More of the links on this archived page link to the original content.</comment>
						</fdd:urlReference>
					</fdd:urlList>
				</fdd:urlGroup>
			</fdd:url>
			<fdd:url>
				<fdd:urlGroup>
					<fdd:intro>The following resources confirm that HTML through version 4.01 was an application of SGML, with an SGML DTD being part of the specification.</fdd:intro>
					<fdd:urlList>
						<fdd:urlReference>
							<link>https://www.w3.org/MarkUp/html3/HTMLandSGML.html</link>
							<tag>W3C | Understanding HTML and SGML </tag>
							<comment>Explains that HTML 3 is an application of SGML.</comment>
						</fdd:urlReference>
						<fdd:urlReference>
							<link>https://www.w3.org/TR/1999/REC-html401-19991224/sgml/sgmldecl.html</link>
							<tag>SGML Declaration of HTML 4 | Clause 20 of HTML 4.01 specification</tag>
							<comment>HTML 4.01 included SGML DTDs for three HTML variants, Strict, Transitional, and Frameset.</comment>
						</fdd:urlReference>
					</fdd:urlList>
				</fdd:urlGroup>
			</fdd:url>
			<fdd:url>
				<fdd:urlReference>
					<link>https://www.w3.org/TR/1998/REC-xml-19980210</link>
					<tag>W3C Recommendation | Extensible Markup Language (XML) 1.0 (February 10, 1998)</tag>
				</fdd:urlReference>
			</fdd:url>
			<fdd:url>
				<fdd:urlReference>
					<link>https://www.w3.org/TR/NOTE-sgml-xml-971215/</link>
					<tag>W3C | Comparison of SGML and XML by James Clark. December 1997</tag>
				</fdd:urlReference>
			</fdd:url>
			<fdd:url>
				<fdd:urlGroup>
					<fdd:intro>The following resources discuss the replacement of SGML by XML in most contexts.</fdd:intro>
					<fdd:urlList>
						<fdd:urlReference>
							<link>https://www.scriptorium.com/structure.pdf</link>
							<tag>Structured authoring and XML, April 2017</tag>
							<comment>By Sarah O&apos;Keefe and Alan Pringle, Scriptorium.  States, &quot;As of 2017, XML has almost completely displaced SGML.&quot;</comment>
						</fdd:urlReference>
						<fdd:urlReference>
							<link>https://www.balisage.net/2016/SGML-Birthday-Party.html</link>
							<tag>30 Years of Standard Generalized Markup Language | Invitation to 2016 celebration</tag>
						</fdd:urlReference>
						<fdd:urlReference>
							<link>https://www.ibm.com/support/knowledgecenter/en/SS6RBX_11.4.3/com.ibm.sa.xml.design.doc/topics/c_history.html</link>
							<tag>History and Relationships of SGML, HTML and XML | From IBM Knowledge Center</tag>
						</fdd:urlReference>
						<fdd:urlReference>
							<link>https://www.balisage.net/Proceedings/vol17/html/Harvey01/BalisageVol17-Harvey01.html</link>
							<tag>SGML in the Age of XML | By Betty Harvey (2016)</tag>
							<comment>Mentions available SGML tools.  Full citation: Harvey, Betty. “SGML in the Age of XML.” Presented at Balisage: The Markup Conference 2016, Washington, DC, August 2 - 5, 2016. In Proceedings of Balisage: The Markup Conference 2016. Balisage Series on Markup Technologies, vol. 17 (2016). DOI: 10.4242/BalisageVol17.Harvey01.</comment>
						</fdd:urlReference>
					</fdd:urlList>
				</fdd:urlGroup>
			</fdd:url>
			<fdd:url>
				<fdd:urlReference>
					<link>http://www.jclark.com/sp/</link>
					<tag>SP | An SGML System Conforming to International Standard ISO 8879 -- Standard Generalized Markup Language </tag>
					<comment>By James Clark.</comment>
				</fdd:urlReference>
			</fdd:url>
			<fdd:url>
				<fdd:urlReference>
					<link>https://www.ietf.org/rfc/rfc1874.txt</link>
					<tag>RFC 1874: SGML Media Types
</tag>
					<comment>The Text/SGML media-type is for use only when the contents of the
SGML entity can be understood without SGML display software.  </comment>
				</fdd:urlReference>
			</fdd:url>
			<fdd:url>
				<fdd:urlReference>
					<link>http://www.nationalarchives.gov.uk/PRONOM/x-fmt/195</link>
					<tag>PRONOM entry for x-fmt/195</tag>
					<comment> Information in PRONOM from UK National Archives about SGML.  PUID: x-fmt/195</comment>
				</fdd:urlReference>
			</fdd:url>
			<fdd:url>
				<fdd:urlReference>
					<link>https://www.wikidata.org/wiki/Q207819</link>
					<tag>Wikidata entry for Q207819.</tag>
					<comment>Information in Wikidata about SGML. Wikidata Title ID: Q207819</comment>
				</fdd:urlReference>
			</fdd:url>
		</fdd:urls>
	</fdd:usefulReferences>
</fdd:FDD>
