<?xml version="1.0" encoding="UTF-8"?>
<fdd:FDD id="fdd000007" titleName="CPC, Cartesian Perceptual Compression" shortName="CPC" xmlns:xsi="http://www.w3.org/2001/XMLSchema-instance" xmlns:fdd="http://www.digitalpreservation.gov/formats/schemas/fdd/v1" xsi:schemaLocation="http://www.digitalpreservation.gov/formats/schemas/fdd/v1 http://www.digitalpreservation.gov/formats/schemas/fdd/v1/fdd-v1-0.xsd">
	<fdd:properties>
		<fdd:gdfrGenreSelection>
			<fdd:gdfrGenreAndSubgenres>
				<fdd:gdfrGenre>still-image</fdd:gdfrGenre>
				<fdd:gdfrSubgenres>
					<fdd:gdfrSubgenre>text</fdd:gdfrSubgenre>
				</fdd:gdfrSubgenres>
			</fdd:gdfrGenreAndSubgenres>
		</fdd:gdfrGenreSelection>
		<fdd:formatCategories>
			<fdd:category>file-format</fdd:category>
			<fdd:category>encoding</fdd:category>
		</fdd:formatCategories>
		<fdd:gdfrComposition>unitary</fdd:gdfrComposition>
		<fdd:gdfrForm>binary</fdd:gdfrForm>
		<fdd:gdfrBasis>sampled</fdd:gdfrBasis>
		<fdd:updates>
			<fdd:date>2014-01-05</fdd:date>
		</fdd:updates>
		<fdd:draftStatus>Partial (low priority for LC)</fdd:draftStatus>
	</fdd:properties>
	<fdd:identificationAndDescription>
		<fdd:fullName>CPC (Cartesian Perceptual Compression)</fdd:fullName>
		<fdd:keywords>
			<fdd:keyword>raster image formats</fdd:keyword>
			<fdd:keyword>bitonal still-image formats</fdd:keyword>
			<fdd:keyword>compression formats</fdd:keyword>
		</fdd:keywords>
		<fdd:description>The CPC specification defines both a datastream and an associated file format for a compressed, raster (bit-mapped) image, designed for scanned bitonal documents.  The method is based on matching of symbols. Cartesian Products claims that files are typically 5 to 20 times smaller than bitonal TIFFs.  The compression ratio increases for longer documents.</fdd:description>
		<fdd:shortDescription> Cartesian Perceptual Compression.  CPC specification defines datastream encoding and file format for a compressed, raster (bit-mapped) image, designed for scanned bitonal documents. </fdd:shortDescription>
		<fdd:productionPhase>Potentially an initial-state or middle-state format for scanned documents; more often used as final-state format.</fdd:productionPhase>
	</fdd:identificationAndDescription>
	<fdd:localUse>
		<fdd:experience>None</fdd:experience>
		<fdd:preference>For instances where bitonal images reflect content adequately, open standards, e.g., <fddLink id="fdd000024">TIFF_G4</fddLink>,  are preferable. </fdd:preference>
	</fdd:localUse>
	<fdd:sustainabilityFactors>
		<fdd:disclosure>
			Proprietary compression scheme.  Cartesian Products makes available APIs (application programming interfaces) to facilitate development of software using the scheme.
		</fdd:disclosure>
		<fdd:documentation>No specification found.  An overview is at <a href="http://www.cartesianinc.com/Tech/tech-overview.html">http://www.cartesianinc.com/Tech/tech-overview.html</a>
		</fdd:documentation>
		<fdd:adoption>
			<p>Requires plug-in or viewer for use.  Various online document supply services that serve specialized audiences use CPC files for delivery, expecting recipients to download and install the plug-in or viewer.
 Cartesian Inc. provides a page of clients at <a href="">http://www.cartesianinc.com/General/clients.html</a>; however, the date on this page indicates that it has not been updated since 2007.</p>
			<p>Cartesian Inc. provides several viewers and compression tools.   Viewers and decompression are free.  Compression requires a purchased license after an evaluation allowance.  Two APIs are available as software development kits at <a href="http://www.cartesianinc.com/Tech/API/">http://www.cartesianinc.com/Tech/API/</a>.  As of January 2014, the pages describing compression tools and viewers indicate updating in 2013 and 2014.  A CPC viewer has been released for the iPad.</p>
		</fdd:adoption>
		<fdd:licensingAndPatents>Patent filed in 1991 and issued in 1994 (#<a href="http://www.google.com/patents?id=0HIeAAAAEBAJ&amp;dq=5,303,313">5,303,313</a>).  Treated in proprietary fashion.
		</fdd:licensingAndPatents>
		<fdd:transparency>
			<p>Depends upon algorithms and tools for decompression to read; requires sophistication and access to documentation to build tools.</p>
			<p>Two APIs are available as software development kits at <a href="http://www.cartesianinc.com/Tech/API/">http://www.cartesianinc.com/Tech/API/</a>.</p>
		</fdd:transparency>
		<fdd:selfDocumentation>
			TBD
		</fdd:selfDocumentation>
		<fdd:externalDependencies>
			None
		</fdd:externalDependencies>
		<fdd:techProtection>
			None
		</fdd:techProtection>
	</fdd:sustainabilityFactors>
	<fdd:qualityAndFunctionalityFactors>
		<fdd:stillImageQF>
			<fdd:normalImage>Limited to bitonal images.</fdd:normalImage>
			<fdd:clarity>Limited to bitonal images.  Intended primarily for documents.</fdd:clarity>
			<fdd:colorMaint>None.  CPC is limited to bitonal images.</fdd:colorMaint>
			<fdd:graphics>None.</fdd:graphics>
			<fdd:beyondImage>None.</fdd:beyondImage>
		</fdd:stillImageQF>
	</fdd:qualityAndFunctionalityFactors>
	<fdd:fileTypeSignifiers>
		<fdd:signifiersGroup>
			<fdd:filenameExtension>
				<fdd:sigValues>
					<fdd:sigValue>cpc</fdd:sigValue>
					<fdd:sigValue>cpi</fdd:sigValue>
				</fdd:sigValues>
			</fdd:filenameExtension>
		</fdd:signifiersGroup>
	</fdd:fileTypeSignifiers>
	<fdd:notes/>
	<fdd:usefulReferences>
		<fdd:urls>
			<fdd:url>
				<fdd:urlReference>
					<link>http://www.cartesianinc.com/Tech/tech-overview.html</link>
					<tag>Technical Overview of
Cartesian Perceptual Compression</tag>
				</fdd:urlReference>
			</fdd:url>
			<fdd:url>
				<fdd:urlReference>
					<link>https://en.wikipedia.org/wiki/Cartesian_Perceptual_Compression</link>
					<tag>Wikipedia entry for Cartesian Perceptual Compression</tag>
				</fdd:urlReference>
			</fdd:url>
		</fdd:urls>
		<fdd:citations>
			<fdd:citation>
				<fdd:articleReference>
					<articleRefDetail rel="atitle">Squeezing More Life Out of Bitonal Files, A Study of Black and White. Part II</articleRefDetail>.  <articleRefDetail rel="jtitle">RLG DigiNews</articleRefDetail>. Volume 7, Number 2. <a href="http://worldcat.org/arcviewer/1/OCC/2007/08/08/0000070513/viewer/file1651.html#faq">http://worldcat.org/arcviewer/1/OCC/2007/08/08/0000070513/viewer/file1651.html#faq</a>
				</fdd:articleReference>
			</fdd:citation>
		</fdd:citations>
	</fdd:usefulReferences>
</fdd:FDD>
