<?xml version="1.0" encoding="UTF-8"?>
<fdd:FDD id="fdd000079" titleName="ISO Base Media File Format" shortName="ISO_BMFF" xmlns:xsi="http://www.w3.org/2001/XMLSchema-instance" xmlns:fdd="http://www.loc.gov/preservation/digital/formats/schemas/fdd/v1" xsi:schemaLocation="http://www.loc.gov/preservation/digital/formats/schemas/fdd/v1 http://www.loc.gov/preservation/digital/formats/schemas/fdd/v1/fdd-v1-1.xsd">
	<fdd:properties>
		<fdd:gdfrGenreSelection>
			<fdd:gdfrGenres>
				<fdd:gdfrGenre>moving-image</fdd:gdfrGenre>
				<fdd:gdfrGenre>sound</fdd:gdfrGenre>
				<fdd:gdfrGenre>still-image</fdd:gdfrGenre>
			</fdd:gdfrGenres>
		</fdd:gdfrGenreSelection>
		<fdd:formatCategories>
			<fdd:category>file-format</fdd:category>
		</fdd:formatCategories>
		<fdd:gdfrComposition>container-wrapper</fdd:gdfrComposition>
		<fdd:gdfrForm>binary</fdd:gdfrForm>
		<fdd:gdfrConstraint>structured</fdd:gdfrConstraint>
		<fdd:updates>
			<fdd:date>2021-10-13</fdd:date>
		</fdd:updates>
		<fdd:draftStatus>Full</fdd:draftStatus>
	</fdd:properties>
	<fdd:identificationAndDescription>
		<fdd:fullName>ISO/IEC 14496-12. Information technology -- Coding of audio-visual objects -- Part 12: ISO Base Media File Format (formal name).  ISO base media file format (common name)</fdd:fullName>
		<fdd:keywords>
			<fdd:keyword>MPEG-4</fdd:keyword>
			<fdd:keyword>container formats</fdd:keyword>
		</fdd:keywords>
		<fdd:description>
			<p>The ISO Base Media File Format, referred to in this description as ISO_BMFF, is an international standard, developed and maintained under the auspices of <a href="https://www.iso.org/committee/45316.html">ISO/IEC JTC1 SC29</a>. To paraphrase from the Introduction in the specification, ISO_BMFF is a base format for media file formats, designed primarily to contain time-based audio-visual information in a flexible, extensible format that facilitates interchange, management, editing, and presentation of the media. This presentation may be 'local' to the system containing the presentation or may be via a network or other stream delivery mechanism. The file structure is object-oriented; a file can be decomposed into constituent objects very simply, and the structure of the objects inferred directly from their type. The file format is designed to be independent of any particular network protocol while enabling efficient support for them in general.</p>
			<p>Annex A of the <a href="https://standards.iso.org/ittf/PubliclyAvailableStandards/c068960_ISO_IEC_14496-12_2015.zip">5th edition of the specification (2015)</a> is an informative <i>Overview and Introduction</i> for the format.  Annex B provides <i>Guidelines on deriving from this specification</i>.</p>
			<p>The summary of the physical organization of an ISO BMFF file below draws on Annex A and on <a href="https://mpeg.chiariglione.org/sites/default/files/files/standards/parts/docs/N18093_ISOFF%28TS%29.pptx">An Overview of the ISO Base Media File Format</a>, a presentation from 2018.</p>
			<ul>
				<li>All data is encapsulated in <i>box</i>es. No data exists outside a box.  All the structural metadata, including that defining the
placement and timing of the media, is contained in structured boxes.  The media data (e.g., the unstructured essence for tracks and segments of audio and video) is referred to by this metadata. The media data
may be in the primary file (contained in one or more boxes), or can be in secondary files, referred to by means of URLs. The placement of the media data from secondary files
is entirely described by the structural metadata in the primary file.  Boxes can be formed into a parent/child hierarchy.  See diagram of <a href="https://www.researchgate.net/figure/Example-of-a-ISO-Base-Media-File-structure_fig6_220664622">Example of ISO Base Media File structure</a>.</li>
				<li>Each box has length, type (4 printable chars), and may have version, flags, and data. The hierarchy of typed boxes with their lengths allows simple navigation of the structure.</li>
				<li>The ISO BMFF standard defines a number of box types. The specification for a box type includes the permitted parent container box types.  A full list of box types is in Table 1 of the standard.  The table also shows the hierarchy as permitted by the specified parent container constraints.</li>
				<li>At or near the beginning of a file will be the mandatory file-type box, with type <i>ftyp</i>.  This box can specify values for <i>major-brand</i>, <i>minor-brand</i>, and <i>compatible-brands</i>.  Brands are used to distinguish file types for specifications built on the ISO BMFF standard.  The major brand usually implies the file extension, which in turn implies the MIME type for the file.  Annex C of the specification includes further discussion of brand identifiers.</li>
				<li>Structural metadata is stored in a hierarchy of structured header boxes, typically starting with a Movie Header box with type <i>moov</i> for timed media.  Boxes with type <i>meta</i> are used as headers for untimed data and also for descriptive metadata or metadata relating to provenance or context. The actual media data is stored in unstructured form, typically using <i>mdat</i> boxes for timed data and <i>idat</i> boxes for untimed items. As mentioned above, media data may also be stored in separate files and referred to by URL.</li>
				<li>Extensibility is supported by allowing unrecognized box types to be skipped.  Private extensions are possible by using the <i>uuid</i> box type.</li>
			</ul>
			<p>By structuring the box-based ISO BMFF files in different ways, the same base specification can be used for files for
many use cases: capture;
exchange and download, including incremental download and play;
local playback;
editing and composition;
streaming from streaming servers; and capturing streams to files.</p>
		</fdd:description>
		<fdd:shortDescription>Base format for media file formats, designed primarily to contain time-based audio-visual information in a flexible, extensible format that facilitates interchange, management, editing, and presentation of the media.  Part 12 of MPEG-4 standard. Also used for still image formats, such as JPEG 2000 and HEIF.</fdd:shortDescription>
		<fdd:productionPhase>Generally used for middle- and final-state archiving or end-user delivery. </fdd:productionPhase>
		<fdd:relationships>
			<fdd:relationship>
				<fdd:typeOfRelationship>Has subtype</fdd:typeOfRelationship>
				<fdd:relatedTo>
					<fdd:id>fdd000127</fdd:id>
					<fdd:shortName>MJP2_FF</fdd:shortName>
					<fdd:titleName>Motion JPEG 2000 File Format</fdd:titleName>
				</fdd:relatedTo>
			</fdd:relationship>
			<fdd:relationship>
				<fdd:typeOfRelationship>Has subtype</fdd:typeOfRelationship>
				<fdd:relatedTo>
					<fdd:id>fdd000155</fdd:id>
					<fdd:shortName>MP4_FF_2</fdd:shortName>
					<fdd:titleName>MPEG-4 File Format, version 2</fdd:titleName>
				</fdd:relatedTo>
			</fdd:relationship>
			<fdd:relationship>
				<fdd:typeOfRelationship>Has subtype</fdd:typeOfRelationship>
				<fdd:relatedTo>
					<fdd:id>fdd000137</fdd:id>
					<fdd:shortName>MP4_FF_AVCE</fdd:shortName>
					<fdd:titleName>MPEG-4 File Format for AVC (Extensions; Part 15)</fdd:titleName>
				</fdd:relatedTo>
			</fdd:relationship>
			<fdd:relationship>
				<fdd:typeOfRelationship>Has subtype</fdd:typeOfRelationship>
				<fdd:relatedTo>
					<fdd:id>fdd000143</fdd:id>
					<fdd:shortName>JP2_FF</fdd:shortName>
					<fdd:titleName>JPEG 2000 Part 1 (Core) jp2 File Format</fdd:titleName>
				</fdd:relatedTo>
			</fdd:relationship>
			<fdd:relationship>
				<fdd:typeOfRelationship>Has subtype</fdd:typeOfRelationship>
				<fdd:relatedTo>
					<fdd:id>fdd000154</fdd:id>
					<fdd:shortName>JPX_FF</fdd:shortName>
					<fdd:titleName>JPEG 2000 Part 2 (Extensions) jpf File Format</fdd:titleName>
				</fdd:relatedTo>
			</fdd:relationship>
			<fdd:relationship>
				<fdd:typeOfRelationship>Has subtype</fdd:typeOfRelationship>
				<fdd:relatedTo>
					<fdd:id>fdd000144</fdd:id>
					<fdd:shortName>JPM_FF</fdd:shortName>
					<fdd:titleName>JPEG 2000 Part 1 (Compound) jpm File Format</fdd:titleName>
				</fdd:relatedTo>
			</fdd:relationship>
			<fdd:relationship>
				<fdd:typeOfRelationship>Has subtype</fdd:typeOfRelationship>
				<fdd:relatedTo>
					<fdd:id>fdd000536</fdd:id>
					<fdd:shortName>JPEG_XL</fdd:shortName>
					<fdd:titleName>JPEG XL Image Encoding</fdd:titleName>
				</fdd:relatedTo>
			</fdd:relationship>
			<fdd:relationship>
				<fdd:typeOfRelationship>Has subtype</fdd:typeOfRelationship>
				<fdd:relatedTo>
					<fdd:id>fdd000538</fdd:id>
					<fdd:shortName>JXL</fdd:shortName>
					<fdd:titleName>JPEG XL File Format</fdd:titleName>
				</fdd:relatedTo>
			</fdd:relationship>
			<fdd:relationship>
				<fdd:typeOfRelationship>Has subtype</fdd:typeOfRelationship>
				<fdd:relatedTo>
					<fdd:id>fdd000525</fdd:id>
					<fdd:shortName>HEIF</fdd:shortName>
					<fdd:titleName>High Efficiency Image File Format</fdd:titleName>
				</fdd:relatedTo>
				<fdd:comment>Some internal structures required for HEIF were added into the ISO_BMFF specification in a 2018 amendment.  See <a href="https://standards.iso.org/ittf/PubliclyAvailableStandards/c071851_ISO_IEC_14496-12_2015_Amd_2_2018.zip">ISO/IEC 14496-12:2015/Amd 2:2018</a>.</fdd:comment>
			</fdd:relationship>
			<fdd:relationship>
				<fdd:typeOfRelationship>Has subtype</fdd:typeOfRelationship>
				<fdd:comment>A number of other audiovisual file formats not described on this website are based on the ISO_BMFF structure.  See <a href="#sustainability">Adoption</a> below.</fdd:comment>
			</fdd:relationship>
			<fdd:relationship>
				<fdd:typeOfRelationship>Affinity to</fdd:typeOfRelationship>
				<fdd:relatedTo>
					<fdd:id>fdd000052</fdd:id>
					<fdd:shortName>QuickTime</fdd:shortName>
					<fdd:titleName>QuickTime File Format</fdd:titleName>
				</fdd:relatedTo>
				<fdd:comment>ISO_BMFF is largely based on the <a href="https://developer.apple.com/standards/classic-quicktime/">Classic Version of the QuickTime File Format Specification</a>.</fdd:comment>
			</fdd:relationship>
		</fdd:relationships>
	</fdd:identificationAndDescription>
	<fdd:localUse>
		<fdd:experience>For JPEG 2000 still image implementations, see <fddLink id="fdd000143">JP2_FF</fddLink>.  For moving image implementations, see <fddLink id="fdd000155">MP4_FF_2</fddLink>.</fdd:experience>
		<fdd:preference>For JPEG 2000 still image implementations, see <fddLink id="fdd000143">JP2_FF</fddLink>.  For moving image implementations, no relevant preferences established.</fdd:preference>
	</fdd:localUse>
	<fdd:sustainabilityFactors>
		<fdd:disclosure>International standard, fully disclosed.  Developed jointly by the Motion Pictures Expert Group (MPEG) and the Joint Photographic Experts Group (JPEG), two working groups within the ISO/IEC committee structure formally known as ISO/IEC JTC 1/SC 29.
		The Introduction to the specification, through the <a href="https://standards.iso.org/ittf/PubliclyAvailableStandards/c068960_ISO_IEC_14496-12_2015.zip">5th edition (2015)</a>, stated that it was intended that the ISO Base Media File Format would be jointly maintained by WG1 (JPEG 2000) and WG11 (MPEG). After re-organization of SC 29 in 2020, maintenance of the standard will be by a new WG3 (MPEG Systems).</fdd:disclosure>
		<fdd:documentation>
			<p>Published as part of both MPEG-4 and JPEG 2000 as technically identical ISO standards: </p>
			<ul>
				<li>ISO/IEC 14496-12. Information technology -- Coding of audio-visual objects -- Part 12: ISO Base Media File Format.  Part of MPEG-4. See <a href="https://standards.iso.org/ittf/PubliclyAvailableStandards/c068960_ISO_IEC_14496-12_2015.zip">5th edition (2015)</a>. </li>
				<li>JPEG 2000 ISO/IEC 15444-12.  Information technology -- JPEG 2000 image coding system -- Part 12: ISO base media file format.  Part of JPEG 2000.  In 2017, this copy of the specification was withdrawn, replaced with a reference to ISO/IEC 14496-12. See </li>
			</ul>
			<p>In October 2020, <a href="https://www.iso.org/standard/74428.html">https://www.iso.org/standard/74428.html</a> indicates that a 6th edition of the standard is &quot;approved and &quot;under publication.&quot;</p>
		</fdd:documentation>
		<fdd:adoption>
			<p>As stated in clause C.2.1 of the specification, &quot;A number of existing file formats use the ISO Base Media File Format, not least the MPEG-4 MP4 File
Format (ISO/IEC 14496-14), and the Motion JPEG 2000 MJ2 File Format (ISO/IEC 15444-3).
<a href="http://www.mp4ra.org">MP4RA</a> is the Official Registration Authority for the ISOBMFF family of standards.  For a list that includes the most important file formats based on ISO_BMFF, see <a href="http://fileformats.archiveteam.org/wiki/Boxes/atoms_format">Boxes/atoms format</a> from fileformats.archiveteam.org.</p>
			<p>JPEG 2000 still image implementations using <fddLink id="fdd000143">JP2_FF</fddLink> are being widely adopted. The breadth of adoption of implementations of <fddLink id="fdd000154">JPX_FF</fddLink> and <fddLink id="fdd000144">JPM_FF</fddLink> is unknown to the compilers of this document.  For moving image implementations, there is some adoption of <fddLink id="fdd000155">MP4_FF_2</fddLink>; the breadth of adoption of other moving image implementations is unknown to the compilers of this document. At this writing (September 2020), Motion JPEG 2000 encoding, which would use <fddLink id="fdd000127">MJP2_FF</fddLink>, does not appear to be widely adopted. Professional broadcasters appear to favor standards from <a href="https://www.smpte.org/">SMPTE</a>, e.g., Material Exchange Format (<fddLink id="fdd000013">MXF</fddLink>) and Interoperable Master Format (<a href="https://doi.org/10.5594/SMPTE.OV2067-0.2018">IMF</a>).  <a href="../contact_format.shtml">Comments welcome</a>.</p>
			<p>Open source libraries for parsing files in this format can be found at: <a href="https://github.com/MPEGGroup/isobmff">https://github.com/MPEGGroup/isobmff</a> (Official repository of the ISO Base Media File Format Reference Software); <a href="https://github.com/DigiDNA/ISOBMFF">https://github.com/DigiDNA/ISOBMFF</a>; and <a href="https://imazing.com/isobmff">ISOBMFF (from Imazing)</a>.</p>
		</fdd:adoption>
		<fdd:licensingAndPatents>The original specification identified Apple and Matsushita Electric Industrial Co. as holders of relevant patents, adding that "the holders of these patent rights have assured the ISO and IEC that they are willing to negotiate licenses under reasonable and non-discriminatory terms."  The specification also cautions that "some of the elements . . . may be the subject of patent rights other than those identified."</fdd:licensingAndPatents>
		<fdd:transparency>ISO_BMFF itself is transparent as a wrapper. Transparency of subtypes is determined by the encoding of the wrapped content.  See subtypes listed above.</fdd:transparency>
		<fdd:selfDocumentation>The structure includes <i>boxes</i> and headers that contain the technical metadata needed to manage the media streams.  Other boxes may contain descriptive ("bibliographic") metadata; for example, see <fddLink id="fdd000127">MJP2_FF</fddLink>.  <a href="../contact_format.shtml">Comments welcome</a>.</fdd:selfDocumentation>
		<fdd:externalDependencies>The format allows for media data (e.g., tracks and segments of audio and video) to be stored outside the primary file and referred to by URL.  This capability is important for streaming applications.  See <i>DataReferenceBox</i> in subclause 8.7.2. in ISO_BMFF specification.</fdd:externalDependencies>
		<fdd:techProtection>None.  Files may employ an optional IPR (Intellectual Property Rights) box that indicates whether an item is protected and provides an identifier; see <fddLink id="fdd000143">JP2_FF</fddLink>.  Another possible approach is using the ISO Common Encryption standard defined in <a href="https://www.iso.org/standard/68042.html">ISO/IEC 23001-7:2016
Information technology — MPEG systems technologies — Part 7: Common encryption in ISO base media file format files</a>.</fdd:techProtection>
	</fdd:sustainabilityFactors>
	<fdd:qualityAndFunctionalityFactors>
		<fdd:otherQF>
			<fdd:factor>
				<fdd:tag>Normal rendering.</fdd:tag>
				<fdd:note>Many relevant aspects depend on subtype.  The format supports <i>timescales</i> that manage the playout of time-based media streams and <i>hint tracks</i> employed in streaming applications.</fdd:note>
			</fdd:factor>
		</fdd:otherQF>
	</fdd:qualityAndFunctionalityFactors>
	<fdd:fileTypeSignifiers>
		<fdd:signifiersGroup>
			<fdd:filenameExtension>
				<fdd:sigValueNA>See note.</fdd:sigValueNA>
				<fdd:note>Depends upon subtype.</fdd:note>
			</fdd:filenameExtension>
			<fdd:internetMediaType>
				<fdd:sigValueNA>See note.</fdd:sigValueNA>
				<fdd:note>Depends upon subtype.</fdd:note>
			</fdd:internetMediaType>
			<fdd:magicNumbers>
				<fdd:sigValueNA>See note.</fdd:sigValueNA>
				<fdd:note>Depends upon subtype.</fdd:note>
			</fdd:magicNumbers>
			<fdd:other>
				<fdd:tag>File type brand (ISO Base Media File Format)</fdd:tag>
				<fdd:values>
					<fdd:sigValues>
						<fdd:sigValue>isom</fdd:sigValue>
					</fdd:sigValues>
					<fdd:note>ISO_BMFF includes a file type box that contains major and minor brands (identifiers).  Regarding <i>isom</i>, the specification states that this would typically be used as the minor or secondary brand.  For examples of major brands in ISO_BMFF files, see subtypes listed above; a file type brand has also been established for the related <fddLink id="fdd000037">MP4_FF_1</fddLink> format.</fdd:note>
				</fdd:values>
			</fdd:other>
		</fdd:signifiersGroup>
	</fdd:fileTypeSignifiers>
	<fdd:notes>
		<fdd:general>
			<p>In the summer of 2020, <a href="https://www.iso.org/committee/45316.html">ISO/IEC JTC1/SC29</a> reorganized its work groups. WG11, formerly equivalent to the MPEG working group, was broken into a number of more specific working groups.  The WG responsible for ISO_BMFF going forward is ISO/IEC JTC1/SC29/WG3 for MPEG Systems.  For background, see <a href="https://jtc1info.org/future-of-sc-29-with-jpeg-and-mpeg/">Future of SC 29 with JPEG and MPEG</a>, <a href="https://web.archive.org/web/20200706124152/https://mpeg.chiariglione.org/">MPEG home page as of July 6, 2020</a>, and further <a href="#useful">Useful References</a> below.</p>
		</fdd:general>
		<fdd:history>
			<p>
				<a href="https://mpeg.chiariglione.org/sites/default/files/files/standards/parts/docs/N18093_ISOFF%28TS%29.pptx">An Overview of the ISO Base Media File Format</a>, a 2018 Powerpoint presentation from ISO/IEC JTC1/SC29/WG11, provides a useful history for the file format.  </p>
			<ul>
				<li>ISO BMFF is directly based on Apple’s QuickTime container format.</li>
				<li>It was developed by MPEG (ISO/IEC JTC1/SC29/WG11).</li>
				<li>The first MP4 file format specification was created on the basis of the <a href="https://developer.apple.com/standards/qtff-2001.pdf">QuickTime format specification published in 2001</a>.</li>
				<li>The MP4 file format known as &quot;version 1&quot; was published in 2001 as ISO/IEC 14496-1:2001, as a revision of MPEG-4 Part 1: Systems.</li>
				<li>In 2003, the first version of MP4 file format was revised and replaced by MPEG-4 Part 14: MP4 file format (ISO/IEC 14496-14:2003), commonly known as MPEG-4 file format &quot;version 2&quot;.  Note: As of September 2020, the current version of <a href="https://www.iso.org/standard/79110.html">ISO/IEC 14496-14</a> is from 2020.</li>
				<li>The MP4 file format was generalized into the ISO Base Media File format (ISO/IEC 14496-12:2004 or ISO/IEC 15444-12:2004), which defines a general structure for time-based media files.</li>
			</ul>
			<p>As indicated above, ISO_BMFF is derived from Apple's <fddLink id="fdd000052">QuickTime</fddLink>.  The Apple connection was celebrated in an item in MacWeek, February 16, 1998: "QuickTime received a ringing endorsement last week when a consortium of high-tech companies announced that the International Organization for Standardization, better known as ISO, had adopted QuickTime's file format as a centerpiece of MPEG-4, the forthcoming multimedia standard."  See <a href="https://web.archive.org/web/20120713152843/http://findarticles.com/p/articles/mi_m0MWK/is_n7_v12/ai_20331478/">ISO ratifies QuickTime as keystone of MPEG-4</a> by John Poultney (link now via Internet Archive).</p>
			<p>In 2004, the specification for ISO_BMFF was published simultaneously as <i>ISO/IEC 14496-12</i> (as part of MPEG-4) and as <i>ISO/IEC 15444-12</i> (as part of JPEG 2000).  In 2017, ISO/IEC 15444-12 was withdrawn, and replaced with a reference to ISO/IEC 14496-12 for &quot;up-to-date content.&quot;  See <a href="https://www.iso.org/standard/68963.html">https://www.iso.org/standard/68963.html</a>.</p>
			<p>The 2018 presentation <a href="https://mpeg.chiariglione.org/sites/default/files/files/standards/parts/docs/N18093_ISOFF%28TS%29.pptx">An Overview of the ISO Base Media File Format</a> discusses areas of interest for the future of the format.</p>
		</fdd:history>
	</fdd:notes>
	<fdd:formatSpecifications>
		<fdd:urls>
			<fdd:url>
				<fdd:urlGroup>
					<fdd:intro>ISO/IEC 14496-12 was first published in 2004 under the auspices of the Motion Pictures Expert Group (MPEG) and also published as ISO/IEC 15444-12 under the auspices of the Joint Photographic Experts Group (JPEG).  MPEG and JPEG have functioned as two working groups within the ISO/IEC committee structure formally known as ISO/IEC JTC 1/SC 29.  Listed immediately below are the most recent editions of ISO/IEC 14496-12 as of October 2020.</fdd:intro>
					<fdd:urlList>
						<fdd:urlReference>
							<link>https://standards.iso.org/ittf/PubliclyAvailableStandards/c068960_ISO_IEC_14496-12_2015.zip</link>
							<tag>ISO/IEC 14496-12:2015. Information technology -- Coding of audio-visual objects -- Part 12: ISO Base Media File Format.  5th edition.</tag>
							<comment>Part of the MPEG-4 series of specifications.  Technically identical to ISO/IEC 15444-12:2015, listed below .</comment>
						</fdd:urlReference>
						<fdd:urlReference>
							<link>https://standards.iso.org/ittf/PubliclyAvailableStandards/c071851_ISO_IEC_14496-12_2015_Amd_2_2018.zip</link>
							<tag>ISO/IEC 14496-12:2015/Amd 1:2017 -- Amendment 1: DRC Extensions</tag>
						</fdd:urlReference>
						<fdd:urlReference>
							<link>https://standards.iso.org/ittf/PubliclyAvailableStandards/c071851_ISO_IEC_14496-12_2015_Amd_2_2018.zip</link>
							<tag>ISO/IEC 14496-12:2015/Amd 2:2018 --Amendment 2: Support for image file
format</tag>
							<comment>This amendment incorporated content previously included in ISO/IEC 23008-12:2017, the specification for HEIF.</comment>
						</fdd:urlReference>
						<fdd:urlReference>
							<link>https://www.iso.org/standard/74428.html</link>
							<tag>ISO/IEC 14496-12:2020 6th edition | ISO catalog record</tag>
							<comment>In October 2020, listed as &quot;under publication.&quot;</comment>
						</fdd:urlReference>
						<fdd:urlReference>
							<link>https://www.iso.org/standard/68960.html</link>
							<tag>ISO/IEC 14496-12:2015 5th edition | ISO catalog record and preview</tag>
						</fdd:urlReference>
						<fdd:urlReference>
							<link>https://www.iso.org/standard/61988.html</link>
							<tag>ISO/IEC 14496-12:2020 4th edition | ISO catalog record</tag>
							<comment>Replaced by 5th edition in 2015.</comment>
						</fdd:urlReference>
					</fdd:urlList>
				</fdd:urlGroup>
			</fdd:url>
		</fdd:urls>
		<fdd:citations>
			<fdd:citation>
				<fdd:specReference> ISO/IEC 15444-12:2015.  Information technology -- JPEG 2000 image coding system -- Part 12: ISO base media file format. Technically identical to preceding entry.  ISO catalog record available at <a href="https://www.iso.org/standard/68963.html">https://www.iso.org/standard/68963.html</a>.</fdd:specReference>
			</fdd:citation>
		</fdd:citations>
	</fdd:formatSpecifications>
	<fdd:usefulReferences>
		<fdd:urls>
			<fdd:url>
				<fdd:urlReference>
					<link>http://en.wikipedia.org/wiki/ISO_base_media_file_format</link>
					<tag>ISO BMFF entry in Wikipedia</tag>
				</fdd:urlReference>
			</fdd:url>
			<fdd:url>
				<fdd:urlReference>
					<link>https://mpeg.chiariglione.org/standards/mpeg-4/iso-base-media-file-format</link>
					<tag>ISO Base Media File Format (aka MPEG File Format)</tag>
					<comment>From website of MPEG working group.  In the summer of 2020, this MPEG website ceased being actively maintained by its former convenor, Leonard Chiariglione..</comment>
				</fdd:urlReference>
			</fdd:url>
			<fdd:url>
				<fdd:urlGroup>
					<fdd:intro>An Overview of the ISO Base Media File Format was presented by Thomas Stockhammer at Mile High Video 2018, a meeting held in Denver, CO, on July 31st and August 1st, 2018.  A similar presentation was given at the meeting of ISO/IEC JTC1/SC29/WG11 on October 2018, Macau, China. The slides for the latter are credited to Stockhammer and David Singer.</fdd:intro>
					<fdd:urlList>
						<fdd:urlReference>
							<link>https://mpeg.chiariglione.org/sites/default/files/files/standards/docs/w18093_0.zip</link>
							<tag>White paper on an Overview of the ISO Base Media File Format
| October 2018, Macau, China</tag>
							<comment>Edited by David Singer and Thomas Stockhammer.  Presentation as Powerpoint file as ZIP file</comment>
						</fdd:urlReference>
						<fdd:urlReference>
							<link>https://mpeg.chiariglione.org/sites/default/files/files/standards/parts/docs/N18093_ISOFF%28TS%29.pptx</link>
							<tag>Direct link to Powerpoint for presentation in Macau.</tag>
						</fdd:urlReference>
						<fdd:urlReference>
							<link>https://www.youtube.com/watch?v=CLvR9FVYwWs</link>
							<tag>Video of July 31 2018 presentation by Thomas Stockhammer | at Mile High Video 2018</tag>
						</fdd:urlReference>
						<fdd:urlReference>
							<link>http://www.mile-high.video/files/mhv2018/pdf/day1/1_12_Stockhammer.pdf</link>
							<tag>Slides from Stockhammer presentation at Mile High Video 2018 as PDF</tag>
						</fdd:urlReference>
					</fdd:urlList>
				</fdd:urlGroup>
			</fdd:url>
			<fdd:url>
				<fdd:urlReference>
					<link>http://fileformats.archiveteam.org/wiki/ISO_Base_Media_File_Format</link>
					<tag>Archive Team page for ISO_BMFF</tag>
				</fdd:urlReference>
			</fdd:url>
			<fdd:url>
				<fdd:urlReference>
					<link>http://fileformats.archiveteam.org/wiki/Boxes/atoms_format</link>
					<tag>Archive Team page for Boxes/atoms format</tag>
					<comment>&apos;Boxes/atoms format&apos; is this team&apos;s &quot;name for the metaformat used by JPEG 2000, QuickTime, and other formats.&quot;</comment>
				</fdd:urlReference>
			</fdd:url>
			<fdd:url>
				<fdd:urlReference>
					<link>https://developer.apple.com/standards/qtff-2001.pdf</link>
					<tag>QuickTime File Format (dated 2001-03-01)</tag>
					<comment>ISO_BMFF was based on this version of QuickTime.</comment>
				</fdd:urlReference>
			</fdd:url>
			<fdd:url>
				<fdd:urlGroup>
					<fdd:intro>Resources related to re-organization of ISO/IEC JTC 1/SC 29 in 2020.</fdd:intro>
					<fdd:urlList>
						<fdd:urlReference>
							<link>https://jtc1info.org/future-of-sc-29-with-jpeg-and-mpeg/</link>
							<tag>Future of SC 29 with JPEG and MPEG (June 24, 2020) | Press release from ISO/IEC JTC1</tag>
						</fdd:urlReference>
						<fdd:urlReference>
							<link>https://web.archive.org/web/20200602041903/https://www.iso.org/committee/45316.html</link>
							<tag>ISO page for ISO/IEC JTC 1/SC 29 as of June 2, 2020</tag>
							<comment>Link via Internet Archive</comment>
						</fdd:urlReference>
						<fdd:urlReference>
							<link>https://web.archive.org/web/20200917200312/https://www.iso.org/committee/45316.html</link>
							<tag>ISO page for ISO/IEC JTC 1/SC 29 as of September 17, 2020</tag>
							<comment>Link via Internet Archive</comment>
						</fdd:urlReference>
						<fdd:urlReference>
							<link>https://web.archive.org/web/20200706124152/https://mpeg.chiariglione.org/</link>
							<tag>MPEG home page as of July 6, 2020</tag>
							<comment>Link via Internet Archive</comment>
						</fdd:urlReference>
					</fdd:urlList>
				</fdd:urlGroup>
			</fdd:url>
		</fdd:urls>
	</fdd:usefulReferences>
</fdd:FDD>
