<?xml version="1.0" encoding="UTF-8"?>
<fdd:FDD id="fdd000318" titleName="PDF/A Family, PDF for Long-term Preservation" shortName="PDF/A_family" xmlns:xsi="http://www.w3.org/2001/XMLSchema-instance" xmlns:fdd="http://www.loc.gov/preservation/digital/formats/schemas/fdd/v1" xsi:schemaLocation="http://www.loc.gov/preservation/digital/formats/schemas/fdd/v1 http://www.loc.gov/preservation/digital/formats/schemas/fdd/v1/fdd-v1-1.xsd">
	<fdd:properties>
		<fdd:gdfrGenreSelection>
			<fdd:gdfrGenre>text</fdd:gdfrGenre>
		</fdd:gdfrGenreSelection>
		<fdd:formatCategories>
			<fdd:category>family</fdd:category>
			<fdd:category>file-format</fdd:category>
			<fdd:category>encoding</fdd:category>
		</fdd:formatCategories>
		<fdd:gdfrComposition>unitary</fdd:gdfrComposition>
		<fdd:gdfrForm>binary</fdd:gdfrForm>
		<fdd:gdfrConstraint>structured</fdd:gdfrConstraint>
		<fdd:gdfrBasis>symbolic</fdd:gdfrBasis>
		<fdd:updates>
			<fdd:date>2019-03-20</fdd:date>
		</fdd:updates>
		<fdd:draftStatus>Full</fdd:draftStatus>
	</fdd:properties>
	<fdd:identificationAndDescription>
		<fdd:fullName>ISO 19005. Document management - Electronic document file format for long-term preservation </fdd:fullName>
		<fdd:keywords>
			<fdd:keyword>PDF</fdd:keyword>
			<fdd:keyword>Portable Document Format (PDF)</fdd:keyword>
			<fdd:keyword>PDF/A</fdd:keyword>
			<fdd:keyword>document formats</fdd:keyword>
		</fdd:keywords>
		<fdd:description>
			<p>PDF/A is a family of ISO standards for constrained forms of PDF (see <fddLink id="fdd000030">PDF_family</fddLink>) intended to be suitable for long-term preservation of page-oriented documents for which PDF is already being used in practice.  The PDF/A standards are developed and maintained by a working group with representatives from government, industry, and academia and active support from Adobe Systems Incorporated.  The working group is WG 5 of <i>Technical Committee ISO/TC 171, Document management applications, Subcommittee SC 2, Application issues</i> [ISO TC171/SC2/WG5].  This group works in cooperation with:  ISO/TC130, Graphics technology; ISO/TC42, Photography; and ISO/TC46/SC11, Information and documentation, Archives/records
management.</p>
			<p>
				<fddLink id="fdd000125">PDF/A-1</fddLink>, the first PDF/A standard [ISO 19005-1:2005],  was based on PDF version 1.4 (see <fddLink id="fdd000122">PDF-1-4</fddLink>) and published in 2005.</p>
			<p>
				<fddLink id="fdd000319">PDF/A-2</fddLink> as defined in ISO 19005-2:2011, extended the capabilities of PDF/A-1 and is based on PDF version 1.7 (as defined in ISO 32000-1, see <fddLink id="fdd000277">PDF-1-7</fddLink>).  One new capability was to allow the embedding of PDF/A-compliant attachments.</p>
			<p>
				<fddLink id="fdd000360">PDF/A-3</fddLink> added a single and highly significant feature to its predecessor (PDF/A-2), to permit the embedding of a file or files in any format.  The intent expressed by many proponents is that the embedded files not be considered part of the archival payload.  However, use cases are emerging where the embedded files would likely warrant preservation by archival institutions.</p>
			<p>The primary distinction between PDF/A-1 and PDF/A-2 is that they are based on different chronological versions of PDF.  A new version of PDF/A based on PDF 2.0 is under development as PDF/A-4.  Plans were described in <a href="https://www.pdfa.org/wp-content/uploads/2017/05/11.45-The-Future-of-PDF-A-and-Validation.pdf">The Future of PDF/A and Validation</a>, a presentation from 2017, in which the name PDF/A-Next is used.</p>
			<p>The primary purpose for the PDF/A format is to represent electronic documents in a manner that preserves their static visual appearance over time, independent of the tools and systems used for creating, storing or rendering the files.  To this end, PDF/A attempts to maximize device independence, self-containment, and self-documentation.</p>
			<p>The constraints for PDF/A-1, PDF/A-2, and PDF/A-3 include:</p>
			<ul>
				<li>Audio and video content are forbidden.  3D artwork is also forbidden.</li>
				<li>Javascript and executable file launches are prohibited.</li>
				<li>All fonts must be embedded and also must be legally embeddable for unlimited, universal rendering.</li>
				<li>Colorspaces must be specified in a device-independent manner.</li>
				<li>Encryption is disallowed.</li>
				<li>Use of standards-based metadata is mandated.</li>
			</ul>
			<p>The PDF/A standards define levels of conformance.  In ISO standards 19005-1, 19005-2, or 19005-3 (for PDF/A-1, PDF/A-2, and PDF/A-3, respectively), conformance level A satisfies all requirements in the standard; level B and level U are lower levels of conformance, still satisying the requirements regarding the visual appearance of electronic documents, but less demanding as to representation of structural or semantic properties.  For example, level B conformance is the level typically used for PDF/A files created from scanned pages.  Although the terminology is not used in the ISO standards, the <a href="https://www.pdfa.org/">PDF Association</a>, in its 2013 document <a href="https://www.pdfa.org/resource/pdfa-in-a-nutshell-2-0/">PDF/A in a Nutshell 2.0</a>, introduced the terms <i>Accessible</i>, <i>Basic</i>, and <i>Unicode</i> to describe the three conformance  levels.  However, a PDF/A file conforming to level A does not necessarily conform to the PDF Enhancement for Accessibility standard (<fddLink id="fdd000350">PDF/UA</fddLink>, ISO 14289-1:2014).</p>
		</fdd:description>
		<fdd:shortDescription>A constrained form of Adobe PDF intended to be suitable for long-term preservation of page-oriented documents. The ISO standard family [ISO 19005] is developed and maintained by a working group with representatives from government, industry, and academia and active support from Adobe Systems Incorporated.</fdd:shortDescription>
		<fdd:productionPhase>A final-state format for delivery to end users and long-term preservation of the document as disseminated to users.</fdd:productionPhase>
		<fdd:relationships>
			<fdd:relationship>
				<fdd:typeOfRelationship>Subtype of</fdd:typeOfRelationship>
				<fdd:relatedTo>
					<fdd:id>fdd000030</fdd:id>
					<fdd:shortName>PDF_family</fdd:shortName>
					<fdd:titleName>Portable Document Format</fdd:titleName>
				</fdd:relatedTo>
			</fdd:relationship>
			<fdd:relationship>
				<fdd:typeOfRelationship>Has subtype</fdd:typeOfRelationship>
				<fdd:relatedTo>
					<fdd:id>fdd000125</fdd:id>
					<fdd:shortName>PDF/A-1</fdd:shortName>
					<fdd:titleName>PDF for Long-term Preservation, Based on PDF 1.4</fdd:titleName>
				</fdd:relatedTo>
			</fdd:relationship>
			<fdd:relationship>
				<fdd:typeOfRelationship>Has subtype</fdd:typeOfRelationship>
				<fdd:relatedTo>
					<fdd:id>fdd000319</fdd:id>
					<fdd:shortName>PDF/A-2</fdd:shortName>
					<fdd:titleName>PDF for Long-term Preservation, Use of ISO 32000-1 (PDF 1.7)</fdd:titleName>
				</fdd:relatedTo>
			</fdd:relationship>
			<fdd:relationship>
				<fdd:typeOfRelationship>Has subtype</fdd:typeOfRelationship>
				<fdd:relatedTo>
					<fdd:id>fdd000360</fdd:id>
					<fdd:shortName>PDF/A-3</fdd:shortName>
					<fdd:titleName>PDF for Long-term Preservation, Use of ISO 32000-1 (PDF 1.7) with Embedded Files.</fdd:titleName>
				</fdd:relatedTo>
			</fdd:relationship>
		</fdd:relationships>
	</fdd:identificationAndDescription>
	<fdd:localUse>
		<fdd:experience>LC was represented on the working group for the original PDF/A standard and continues to be active in the development of new versions.</fdd:experience>
		<fdd:preference>
			<p>The Library of Congress expresses preferences for formats for content for its collections through through two documents:</p>
			<ul>
				<li>the &quot;Best Edition&quot; specification from the U.S. Copyright Office in <a href="http://www.copyright.gov/circs/circ07b.pdf">Circular 7b</a>. Rev: 09 ⁄ 2017 of Circular 7b lists formats acceptable for mandatory deposit of Electronic Serials available only online, in order of preference. For page-oriented renditions, PDF/A appears first on the list.  Other forms of PDF are acceptable, preferably with searchable text.</li>
				<li>The Library of Congress Recommended Format Statement (RFS) includes PDF/A as a preferred format for <a href="https://www.loc.gov/preservation/resources/rfs/textmus.html">textual works in digital form</a>, <a href="https://www.loc.gov/preservation/resources/rfs/textmus.html">electronic serials</a>, <a href="https://www.loc.gov/preservation/resources/rfs/textmus.html">digital musical compositions</a>, and
<a href="https://www.loc.gov/preservation/resources/rfs/audio.html">accompanying image/text files for digital audio</a>.  Documents compliant with <fddLink id="fdd000350">PDF/UA</fddLink> are preferred when available. The RFS also includes PDF/A as an acceptable format for <a href="https://www.loc.gov/preservation/resources/rfs/stillimg.html">other graphic images - digital</a>.  The RFS list does not distinguish between versions of PDF/A. In general, PDF/A-1 and PDF/A-2 are preferred formats for page-oriented textual (or primarily textual) documents when layout and visual characteristics are more significant than logical structure.  Note that, for PDFs based on page images digitized by scanning, the source images are usually considered the master format if available.  PDFs created from those images may be optimized for access convenience rather than sustainability.</li>
			</ul>
		</fdd:preference>
	</fdd:localUse>
	<fdd:sustainabilityFactors>
		<fdd:disclosure>
			<p>A family of open international standards.  Developed by a working group (WG 5) under <a href="https://www.iso.org/committee/53674.html">ISO/TC 171 SC2</a>, the subcommittee for Document Management Applications, Application Issues.  WG5 is a Joint Working Group, involving ISO/TC 46 SC11, Archives/Records Management, ISO/TC 130, Graphics Technology, and ISO/TC 42, Photography.  From 2002 to 2016, AIIM (The Association for Information and Image Management) acted as secretariat and U.S. Technical Advisory Group (TAG) to ISO/TC 171 SC 2 (see <a href="https://web.archive.org/web/20150910070337/http://www.aiim.org/Research-and-Publications/Standards/Committees/TAG">AIIM | U.S. TAG to ISO/TC 171</a> from 2015).   In 2017, the 3D PDF Consortium was approved by the American National Standards Institute (ANSI) as a standards developer and has assumed the role of secretariat and U.S. TAG Administrator for ISO/TC 171 SC 2  (see <a href="http://3dpdfconsortium.org/2017/07/26/3d-pdf-consortium-approved-ansi-us-tag-administrator-pdf-iso-standards/">3D PDF Consortium Approved by ANSI as US TAG Administrator for PDF ISO Standards</a>).</p>
		</fdd:disclosure>
		<fdd:documentation>
			<p>
				<b>PDF/A-1</b>: <a href="https://www.iso.org/standard/38920.html">ISO 19005-1:2005.</a>	Document management -- Electronic document file format for long-term preservation -- Part 1: Use of PDF 1.4 (PDF/A-1). The standard cannot be used without <a href="http://www.adobe.com/content/dam/Adobe/en/devnet/pdf/pdfs/pdf_reference_archives/PDFReference.pdf">PDF Reference, Third Edition, Version 1.4</a>, which it uses as a normative reference.
	</p>
			<p>
				<b>PDF/A-2</b>: <a href="https://www.iso.org/standard/50655.html">ISO 19005-2:2011.</a>	Document management -- Electronic document file format for long-term  preservation -- Part 2: Use of ISO 32000-1 (PDF/A-2). The standard cannot be used without <a href="http://www.iso.org/iso/iso_catalogue/catalogue_tc/catalogue_detail.htm?csnumber=51502">ISO 32000-1</a>, which it uses as a normative reference.
	</p>
			<p>
				<b>PDF/A-3</b>: <a href="https://www.iso.org/standard/57229.html">ISO 19005-3:2012.</a>	Document management -- Electronic document file format for long-term  preservation -- Part 3: Use of ISO 32000-1 with support for embedded files (PDF/A-3). The standard cannot be used without <a href="http://www.iso.org/iso/iso_catalogue/catalogue_tc/catalogue_detail.htm?csnumber=51502">ISO 32000-1</a>, which it uses as a normative reference.
	</p>
		</fdd:documentation>
		<fdd:adoption>
			<p>PDF/A is widely recommended for page-oriented documents as a format that is ready for archiving, particularly those intended for printing and for which PDF is already being used in practice.  Within a few years of its introduction in 2005, several European governments mandated its use in some contexts, as indicated in a list of entities recommending or requiring use of PDF/A prepared by Adobe and found at <a href="http://web.archive.org/web/20130502134821/http://www.adobe.com/enterprise/standards/pdfa/">http://www.adobe.com/enterprise/standards/pdfa/</a> from Adobe between 2010 and early 2013 (link now via Internet Archive).  Commercial companies, typically with products aimed at large enterprises, introduced support for the creation, migration, and validation of PDF/A files.  For many years, AIIM maintained a list of supporting products, based on information supplied by vendors, at <a href="http://web.archive.org/web/20140613043310/http://www.aiim.org/Research-and-Publications/Standards/Articles/PDFA-Compliant-Products">http://www.aiim.org/Research-and-Publications/Standards/Articles/PDFA-Compliant-Products</a>; the link (now via Internet Archive) is from 2014.  Many of the companies listed are based in Europe, where the growing requirements from the EU for use of digital formats that are formal (preferably ISO) standards produced more market pressure than in the U.S.  The <a href="https://www.pdfa.org/">PDF Association</a> (formerly the PDF/A Competence Center) makes a product list using vendor-supplied information from members available via a search feature; see <a href="https://web.archive.org/web/20121202162557/https://www.pdfa.org/products/?c=1988">2012 list of members products</a> (via Internet Archive) and <a href="https://www.pdfa.org/products/?wpv-pdf-type=pdf-a&amp;wpv_sort_orderby=rand&amp;wpv_sort_orderby_as=string&amp;wpv_view_count=2047">current list for products tagged PDF/A</a>.   Adobe's own Acrobat Professional 7.0 (released in December 2004) allowed saving files in a form compliant with the draft standard.  Acrobat Pro 8 and later versions support the standard as published.  As of March 2019, current versions offer options for creating PDF/A-1, PDF/A-2, and PDF/A-3, in all profiles.  Other Adobe products, such as InDesign and Illustrator can save files as PDF/A-1b.  Beyond Adobe, examples of companies whose software has offered PDF/A support for many years and who have been actively involved in ongoing development of the PDF/A standard, are <a href="https://www.pdfa.org/member/foxit-corporation/">Foxit Corporation</a> (which acquired Luratech in 2015); <a href="https://www.pdfa.org/member/callas-software-gmbh/">callas Software gmbH</a>, <a href="https://www.pdfa.org/member/pdflib-gmbh/">PDF Tools AG</a>, and <a href="https://www.pdfa.org/member/pdf-tools-ag/">PDFlib GmbH</a>.  These companies provide tools that can be incorporated into automated workflows for creating PDF/A files from many sources.</p>
			<p>Although products aimed at enterprises may support later versions of PDF/A, as of early 2019, a number of widely used products aimed at individual users that can save or export PDFs, can only save PDF/A-1 files if they can save in PDF/A at all.  In general, Mac OS applications offer less support for creating PDF/A files than Windows; see <a href="https://discussions.apple.com/thread/7899335">How to create a PDF/A file on a Mac</a> from March 2017.  In either operating system, a copy of Acrobat Pro includes a plug-in for Microsoft Office that will allow creation of later versions of PDF/A.  Without Acrobat Pro (or other special plug-in), Word for Windows can create PDF/A-1 files through the Save As or Export features.  Open Office introduced support for PDF/A-1 in release 2.4 (in early 2008) and LibreOffice has had the option since it was released in 2011 as a fork of Open Office.  As of March 2019, the PDF/A option for LibreOffice is still limited to PDF/A-1.  A feature request for <a href="https://bugs.documentfoundation.org/show_bug.cgi?id=62728">Support for PDF/A-2 (ISO 19005-2:2011)</a> has not been assigned to a programmer as of March 2019.  Since 2007, the widely used open source <a href="https://xmlgraphics.apache.org/fop/2.3/pdfa.html">FOP</a> (Formatting Object Processor, based on the W3C's XSL-FO standard) from Apache has offered support for output from XML to PDF/A.  Several tools and associated guidance exist for conversion from LaTeX to PDF/A.  See for example, <a href="https://ctan.org/tex-archive/macros/latex/contrib/pdfx">pdfx – PDF/X and PDF/A sup­port for pdfTeX, LuaTeX and XeTeX</a> and <a href="https://www.mathstat.dal.ca/~selinger/pdfa/">Creating high-quality PDF/A documents using LaTeX</a>.</p>
			<p>For developers building archival workflows, open source software libraries that can create and manipulate PDF/A files exist.  Examples include: <a href="https://pdfbox.apache.org/1.8/cookbook/pdfacreation.html">Apache PDFBox</a>, a Java PDF library; and <a href="https://itextpdf.com/en/resources/books/itext-7-jump-start-tutorial-net/chapter-7-creating-pdfua-and-pdfa-documents">iText</a>, with versions for Java and .Net.</p>
			<p>The standards development process involved active participation on behalf of communities whose endorsement or adoption would create significant momentum for wider adoption in the sense of requirement or preference for PDF/A over generic PDF for archival deposit or submission. Important groups are government agencies and legislative and judicial institutions.  Adobe reported migration of legacy "report silos" at several (un-named) financial institutions at a meeting of the European DLM (Document Lifecycle Management) Forum in Helsinki in November 2006.  An increasing number of libraries and other archival institutions are recommending or requiring PDF/A.  For pragmatic reasons, when PDF/A is mandated, PDF/A-1b is usually acceptable.  Full PDF/A-1a compliance, with tagged document structure, is hard to achieve except in a workflow that anticipates that objective from initial document creation.   Libraries and archives recommending or mandating PDF/A for textual documents deposited in a digital repository soon after the standard was published included: <a href="http://etd.vt.edu/howto/accept.html">Virginia Tech for electronic theses</a>; the <a href="https://www.arkivverket.no/sok/_/attachment/inline/eb3f91e6-10cf-4eb6-a855-90baadcad7bc:99d66752ac201be40573cd8a5e90134f7fc178a1/Rundskriv%20om%20PDF-A%20av%2022.1.2009.pdf">National Archives of Norway</a>; and the <a href="https://repositories.lib.utexas.edu/page/policies_recommended_formats">University of Texas Libraries</a>.</p>
			<p>Within the U.S. Government, there is an increasing level of encouragement for the use of PDF/A.  The U.S. National Archives and Record Administration (NARA) has participated actively in the development of PDF/A and its 2014 <a href="http://www.archives.gov/records-mgmt/policy/transfer-guidance-tables.html">guidance</a> for transfer of records by government agencies lists PDF/A as a preferred format for textual documents, presentations, posters, and scanned text.  The 2016 edition of <a href="http://www.digitizationguidelines.gov/guidelines/digitize-technical.html">Technical Guidelines for Digitizing Cultural Heritage Materials</a> from FADGI (Federal Agencies Digital Guidelines Initiative) added PDF/A as a potential master format.  The United States Patent and Trademarks Office (USPTO) has <a href="https://www.uspto.gov/patents-application-process/applying-online/efs-web-pdf-guidelines">requirements</a> for PDFs that it accepts for electronic filing; the requirements are based on the PDF/A specification.  Documents conforming to PDF/A-1 meet the USPTO requirements.  According to an <a href="https://www.pacer.gov/announcements/general/pdfa.html">announcement</a> available on the PACER (Public Access to Court Electronic Records -- for U.S. Federal Courts) web site in February 2011, "The Judiciary is planning to change the technical standard for filing documents in the Case Management and Electronic Case Filing (CM/ECF) system from PDF to PDF/A."  In 2012, an <a href="https://www.adlibsoftware.com/about-us/events/2012/September/nara-compliance-automated-for-the-us-dept-of-state.aspx">event announcement</a> by Adlib indicated that the U.S. Department of State had replaced its cable system based on ASCII text with one based on PDF/A.  The Office of Science and Technology Information in the Department of Energy has documented <a href="https://www.osti.gov/stip/best-practices-portable-document-format-pdf-creation">best practices</a> for PDF creation, emphasizing a preference for PDF/A-1a.  The National Science Foundation also <a href="https://www.research.gov/common/attachment/Desktop/How_do_I_create_a_PDF-A_file.pdf">requires</a> accessible PDF/A files for reports and publications deposited by grantees in its  <a href="https://www.nsf.gov/news/special_reports/public_access/about_repository.jsp">Public Access Repository</a>.</p>
			<p>State agencies in the United States are also beginning to encourage or require the use of PDF/A.  The Florida Courts System expresses a preference for document submission in PDF/A-1a (or current equivalent) and answers <a href="http://archive.flclerks.com/e-Filing_Authority/Resources/Manuals/Manuals_2019/PDF_FAQS_and_Other_Information.pdf">PDF/A Frequently Asked Questions</a>.  The Judicial Branch of the State of Connecticut encourages the use of PDF/A and provides <a href="https://jud.ct.gov/external/super/E-Services/efile/How-to-Save-or-Convert-to-PDFA.htm">guidance for creating or converting to PDF/A</a>.  The New York State Archives has prepared <a href="http://www.archives.nysed.gov/records/mr_advisories_pdfa.shtml">Using PDF/A as a Preservation Format</a>, which describes pros and cons of PDF/A, and offers a <a href="http://www.archives.nysed.gov/workshops/description/pdfa-as-a-preservation-format-webinar">tutorial webinar</a> on the topic.</p>
			<p>A number of tools exist to test for compliance with the PDF/A format.  See <a href="#useful">Useful References</a> for links to some tools and resources that discuss validation challenges.</p>
		</fdd:adoption>
		<fdd:licensingAndPatents>
			<p>Adobe has a number of patents covering technology that is disclosed in the PDF Specification, version 1.3 and later, and hence in the ISO 19005-1 specification by reference.  As an ISO standard, the compliance of ISO 19005-1 with the <a href="http://isotc.iso.org/livelink/livelink/fetch/2000/2122/3770791/Common_Policy.htm">ISO/IEC/ITU common patent policy</a> has been vetted.</p>
			<p>A summary of relevant information on the Adobe Web site in December 2010 at <a href="https://web.archive.org/web/20101220080159/http://partners.adobe.com:80/public/developer/support/topic_legal_notices.html">http://partners.adobe.com/public/developer/support/topic_legal_notices.html</a> (link now via Internet Archive) follows.  Note that, based on a 20-year period for U.S. Patents, all the patents listed on this Adobe page are expected to have expired in the U.S. by 2019-05-06.  <a href="../contact_format.shtml">Comments welcome</a>.</p>
			<p>To promote the use of PDF for information interchange the following patents are licensed by Adobe on a royalty-free, non-exclusive basis for the term of each patent for developing software that produces, consumes, and interprets PDF files : 5,634,064 (filed 1996-08-02, granted 1997-05-27, probably expired as of 2019-03-01); 5,737,599 (filed 1995-12-07, granted 1998-04-07, probably expired as of 2019-03-01); 5,781,785 (filed 1995-09-26, granted 1998-07-14, probably expired as of 2019-03-01); 5,819,301 (filed 1997-09-09, granted 1998-10-06, probably expired as of 2019-03-01); 6,028,583 (filed 1998-01-16, granted 2002-02-22, probably expired as of 2019-03-01); 6,289,364 (filed 1997-12-22, granted 2001-09-11, probably expired as of 2019-03-01); 6,421,460 (filed 1999-05-06, granted 2002-07-16, probably expiring 2019-05-06).  Patent 5,860,074 (filed 1997-08-14, granted 1999-01-12, probably expired as of 2019-03-01) is similarly licensed on a royalty-free, non-exclusive basis for its term but only for the purpose of developing software that produces PDF files (thus specifically excluding software that consumes and/or interprets PDF files).</p>
			<p>In association with the adoption of PDF, version 1.7 as an ISO standard (ISO 32000-1:2008), Adobe issued a <a href="https://www.adobe.com/pdf/pdfs/ISO32000-1PublicPatentLicense.pdf">Public Patent License</a>, granting "every individual and organization in the world the royalty-free right, under all Essential
Claims that Adobe owns, to make, have made, use, sell, import and distribute Compliant
Implementations." </p>
		</fdd:licensingAndPatents>
		<fdd:transparency>Depends upon compliant software tools to read. Building tools requires sophistication. PDF/A does not permit encryption.</fdd:transparency>
		<fdd:selfDocumentation>Support for embedding any form of metadata for a document is extremely good.  Use of XMP is mandatory for basic descriptive and identifying metadata.  Other XMP metadata packages can be embedded.</fdd:selfDocumentation>
		<fdd:externalDependencies>PDF/A is constrained to avoid external dependencies.  All necessary fonts and all XMP metadata extension schemas from which values are used must be embedded.</fdd:externalDependencies>
		<fdd:techProtection>PDF/A does not permit encryption.</fdd:techProtection>
	</fdd:sustainabilityFactors>
	<fdd:qualityAndFunctionalityFactors>
		<fdd:textQF>
			<fdd:normalText>
				<p>Good support is possible, particularly for files complying with the <fddLink id="fdd000251">PDF/A-1a</fddLink> or <fddLink id="fdd000320">PDF/A-2a</fddLink> profiles, but not guaranteed.  The PDF/A format does not preclude creating documents from scanned page images using the <fddLink id="fdd000252">PDF/A-1b</fddLink> or <fddLink id="fdd000322">PDF/A-2b</fddLink> conformance profiles; such files do not necessarily support indexing of the document text or extraction of text for quotation.  See <a href="https://www.pdfa.org/pdfa-faq/">PDF/A FAQ</a> from the PDF Association. See <a href="#notes">Notes</a> below for more on creating PDF/A documents by scanning.</p>
			</fdd:normalText>
			<fdd:structure>The logical structure of a document is only represented in a PDF/A file if the creator or process during creation takes steps to incorporate structural tagging.  The PDF/A standard recommends the representation of structural hierarchy.</fdd:structure>
			<fdd:layout>PDF is designed to represent the layout of page-oriented documents.</fdd:layout>
			<fdd:mathDiag>Can be represented by embedded images.</fdd:mathDiag>
			<fdd:beyondText>Annotations may be embedded.  Bookmarks may be provided.</fdd:beyondText>
		</fdd:textQF>
	</fdd:qualityAndFunctionalityFactors>
	<fdd:fileTypeSignifiers>
		<fdd:signifiersGroup>
			<fdd:filenameExtension>
				<fdd:sigValues>
					<fdd:sigValue>pdf</fdd:sigValue>
				</fdd:sigValues>
				<fdd:note>The standard does not indicate that a different extension should be used to distinguish PDF from PDF/A.</fdd:note>
			</fdd:filenameExtension>
			<fdd:internetMediaType>
				<fdd:sigValueNA>See related format.</fdd:sigValueNA>
				<fdd:note>See <fddLink id="fdd000030">PDF_family</fddLink>.</fdd:note>
			</fdd:internetMediaType>
			<fdd:magicNumbers>
				<fdd:sigValueNA>See related format.</fdd:sigValueNA>
				<fdd:note>See <fddLink id="fdd000030">PDF_family</fddLink>.</fdd:note>
			</fdd:magicNumbers>
			<fdd:other>
				<fdd:tag>Indicator for profile, level, version, etc.</fdd:tag>
				<fdd:values>
					<fdd:sigValueNA>See note.</fdd:sigValueNA>
					<fdd:note>The standard specifies that the PDF/A version and conformance level of a file shall be specified using the PDF/A Identification extension schema defined in the standard.  This schema has two mandatory elements: pdfaid:part (integer) and pdfaid:conformance (closed list of text values).  For example a PDF/A-1b file should have the integer value 1 for pdfaid:part and the value &quot;B&quot; for pdfaid:conformance.  See <a href="#notes">Notes</a> below for example of tagging in this schema.</fdd:note>
				</fdd:values>
			</fdd:other>
			<fdd:other>
				<fdd:tag>Pronom PUID</fdd:tag>
				<fdd:values>
					<fdd:sigValueNA>See note.</fdd:sigValueNA>
					<fdd:note>There is no PRONOM entry specifically for the PDF/A family of formats; entries exist for individual conformance levels.  See  <fddLink id="fdd000251">PDF/A-1a</fddLink>; <fddLink id="fdd000252">PDF/A-1b</fddLink>; <fddLink id="fdd000320">PDF/A-2a</fddLink>; <fddLink id="fdd000321">PDF/A-2u</fddLink>; <fddLink id="fdd000322">PDF/A-2b</fddLink>; <fddLink id="fdd000360">PDF/A-3</fddLink>.</fdd:note>
				</fdd:values>
			</fdd:other>
			<fdd:other>
				<fdd:tag>Wikidata Title ID</fdd:tag>
				<fdd:values>
					<fdd:sigValues>
						<fdd:sigValue>Q1547957</fdd:sigValue>
					</fdd:sigValues>
					<fdd:note>See <a href="https://www.wikidata.org/wiki/Q1547957">https://www.wikidata.org/wiki/Q1547957</a> for all versions and profiles of PDF/A.</fdd:note>
				</fdd:values>
			</fdd:other>
		</fdd:signifiersGroup>
	</fdd:fileTypeSignifiers>
	<fdd:notes>
		<fdd:general>
			<p>Self-identification of part and conformance level
for a PDF/A file is found marked up in XML within a mandatory metadata chunk.   For example, a PDF/A-1b file would identify itself with XML equivalent to:<br/>&lt;rdf:Description rdf:about=&quot;&quot; xmlns:pdfaid=&quot;http://www.aiim.org/pdfa/ns/id/&quot;&gt;
<br/>   &lt;pdfaid:part&gt;1&lt;/pdfaid:part&gt;
<br/>   &lt;pdfaid:conformance&gt;B&lt;/pdfaid:conformance&gt;
<br/>  &lt;/rdf:Description&gt;</p>
			<p>Each PDF/A standard has been aligned to the fullest extent possible with the then current  <fddLink id="fdd000124">PDF/X</fddLink> standard.   According to a 2018 presentation, <a href="https://www.pdfa.org/wp-content/uploads/2018/06/1145_von_Seggern.pdf">PDF’s ISO-standardized subsets: a tour</a>, the next part of PDF/A (ISO 19005), to be based on PDF 2.0, will incorporate a profile that will serve as the next generation of the PDF/E standard (currently <a href="https://www.iso.org/standard/42274.html">ISO 24517-1:2008</a>).   In an <a href="https://www.appligent.com/files/section508-pdf-center-documentation/ET04_PDFUA_The_Standard_for_Accessible_PDF.pdf">October 2010 presentation on PDF/UA</a>, members of the PDF/UA Working Group stated that PDF/UA &quot;implies eligibility for PDF/A Conformance Level &apos;a&apos;.&quot; However, the published PDF/UA standard does not prohibit encryption, which PDF/A does.</p>
			<p>In <a href="http://www.archives.gov/records-mgmt/policy/transfer-guidance-tables.html#scannedtext">NARA 2014-04: Appendix A,  Revised Format Guidance for the Transfer of Permanent Electronic Records – Tables of File Formats:  4.2 Scanned Text</a>, the U.S. National Archives provides guidance on image quality when creating PDF/A files by scanning page images.  Such guidelines improve visual legibility.  However, the effectiveness of optical character recognition also depends heavily on the condition of the original document and the degree to which it employs small print, special fonts and complex layout.  For documents that originate in electronic form and are primarily textual, it is almost always preferable to convert to PDF/A using a workflow that does not rely on printing and scanning (or an equivalent process using an intermediate raster image).</p>
			<p>In his 2010 <a href="http://talkingpdf.org/white-paper-how-to-implement-pdfa/">White Paper: How to Implement PDF/A</a>, Duff Johnson suggested five general principles for PDF/A implementations and proposed three modes for PDF/A access: Advisory Mode; Strict PDF/A Mode; Strict PDF/A &amp; Read-Only Mode.  A sidebar shows how Adobe&apos;s Acrobat 9 did not follow his prescription and, when in its single PDF/A Mode prohibited certain tasks that should be permitted in some circumstances.  In particular he notes that Adobe&apos;s handling of linearization (aka &quot;fast web view&quot;) is unnecessarily restrictive.  He argued that in his proposed Advisory Mode, linearization information should be usable, whereas Adobe ignored it.  The specification for PDF/A-2 states,&quot;Linearization shall be permitted but any linearization information present within a file should be ignored by conforming readers.
NOTE: As defined in ISO 32000-1:2008, Annex F, a PDF is not linearized if the value of the L key in the linearization dictionary does not match the actual length of the PDF file. This implies that an incremental update to a linearized PDF will render it non-linearized.&quot;  Thus Duff Johnson&apos;s proposed Advisory mode would not be a fully &quot;conforming reader.&quot;  This situation suggests that, although &quot;fast web view&quot; is not strictly incompatible with PDF/A, many PDF/A tools are likely to behave as if it is.</p>
			<p>In 2017 and 2018, several thoughtful pieces came out that pointed out challenges faced by digital archives in the use of PDF/A for preserving content for the long-term in a form that not only preserves visual characteristics of a page-based document and allows the document&apos;s text to be indexed, but also allows re-use of the structure and semantics of the content as expected in the contexts of scholarly publishing and other forms of scholarly communication:</p>
			<ul>
				<li>In <a href="http://dx.doi.org/10.7207/twr17-01">Preservation with PDF/A (2nd Edition)</a>, Betsy Fanning provides a detailed chronology for the format, including mention of PDF/A-4 (which is still under development as of March 2019).  Also included is a substantial section on &quot;Challenges and Lessons Learned,&quot; emphasizing that PDF/A is not a &quot;magic bullet&quot; for digital preservation. Fanning mentions some challenges with migrating documents into PDF/A.  For example, she states that PDF/A is not an ideal format for preserving documents for which embedded multimedia or Javascript are essential.  Another challenge relates to fonts.  PDF/A requires that fonts used in the document be embedded in the file.  If migration to PDF/A is done when the fonts are not available, substitute fonts must be used, and the objective of preserving the  visual appearance intended by the original author cannot be guaranteed.  Embedded digital signatures intended to assure that a file has not been changed will be broken by any migration process.  Fanning suggests that PDF/A adoption has been low in the few situations she was able to get numbers for.</li>
				<li>In <a href="https://ipres2017.jp/wp-content/uploads/15.pdf">PDF/A considered harmful for digital preservation</a>, Marco Klindt highlighted not only the benefits, but also shortcomings and pitfalls particularly with respect to re-usability of content in PDF/A documents in academic contexts.  Among the formats, Klindt suggests as more appropriate in some use cases are: Markdown; <fddLink id="fdd000475">HTML</fddLink>/CSS (including <fddLink id="fdd000308">ePUB</fddLink>); <fddLink id="fdd000247">ODF</fddLink>; <fddLink id="fdd000395">OOXML</fddLink>; TEI/<fddLink id="fdd000075">XML</fddLink>; <fddLink id="fdd000451">JATS</fddLink>; and <fddLink id="fdd000022">TIFF</fddLink>+OCR.</li>
				<li>In her 2018 thesis entitled <a href="http://hdl.handle.net/2142/100913">Navigating the PDF/A Standard: A Case Study of Theses in the University of Oxford&apos;s Institutional Repository</a>, Anna Oates identified a number of challenges associated with PDF/A as the recommended preservation format for theses.  Like Fanning and Klindt, Oates recognized that many theses incorporate as an essential component content that cannot be represented in a PDF/A document, e.g. audio, vector graphics in <fddLink id="fdd000020">SVG</fddLink>, 3D models.  Fonts which do not map to Unicode are also problematic; such fonts may be used for mathematics or to represent historical written languages.  Another class of problems Oates encountered was that tools that claimed to have created a PDF/A file (whether from a non-PDF source or from a thesis that had already been converted to a PDF) produced files that failed the validation tests applied by veraPDF.  For example, of 201 PDF/A files created by Acrobat DC, 50 failed to validate using veraPDF.</li>
			</ul>
			<p>Although many applications claim to create PDF/A files, experience has shown that many PDF documents that identify themselves as PDF/A, are not fully compliant.  A number of tools exist for checking compliance, including Adobe&apos;s Preflight module that is part of Acrobat Pro and an <a href="https://www.pdf-online.com/osa/validate.aspx">online validation tool</a> from PDF Tools AG.  <a href="http://verapdf.org/home/">veraPDF</a> was developed as a software tool and open-source library to support validation of PDF/A files against all the parts and profiles in ISO 19005. Its initial development was <a href="http://www.preforma-project.eu/pdfa-conformance-checker.html">funded under the EU&apos;s PREFORMA program</a> as a project from 2015 to 2017. As noted above, in her 2018 thesis, <a href="https://www.ideals.illinois.edu/handle/2142/100913">Navigating the PDF/A standard: a case study of theses in the University of Oxford’s institutional repository</a>, Anna Oates reported that a substantial number of documents that passed the compliance checks built into the creation or conversion software used to produce them failed to validate with veraPDF.  The compilers of this resource have experienced similar inconsistencies.  Validation was a focus of the PDF Association&apos;s <a href="https://www.pdfa.org/resource/technote-0010-clarifications-of-iso-19005-parts-1-3-for-developers-of-pdfa-creators-and-validators/">Technical Note #10</a> from July 2017.  See <a href="#useful">Useful References</a> below for links to more tools for validation and discussion on the topic.</p>
		</fdd:general>
		<fdd:history>
			<p>Developed to address the issue that large bodies of official documents and important information are maintained in PDF, but that PDF is not suitable as an archival format. The Administrative Office of the U.S. Courts was a driving force in forming a U.S. Committee to initiate an ISO standard based on PDF.  The development of ISO-19005-1 was under the joint auspices of AIIM and NPES (National Printing Equipment Suppliers).  The <a href="https://en.wikipedia.org/wiki/PDF/A">Wikipedia entry for PDF/A</a> provides a chronology of versions and list of profiles for each version. As of early 2019, a version of PDF/A based on PDF 2.0 is under development.</p>
		</fdd:history>
	</fdd:notes>
	<fdd:formatSpecifications>
		<fdd:urls>
			<fdd:url>
				<fdd:urlReference>
					<link>https://www.iso.org/standard/38920.html</link>
					<tag>ISO 19005-1:2005. Document management -- Electronic document file format for long-term preservation -- Part 1: Use of PDF 1.4 (PDF/A-1)</tag>
				</fdd:urlReference>
			</fdd:url>
			<fdd:url>
				<fdd:urlReference>
					<link>https://www.iso.org/standard/50655.html</link>
					<tag>ISO 19005-2: 2011.	Document management -- Electronic document file format for long-term  preservation -- Part 2: Use of ISO 32000-1 (PDF/A-2)</tag>
				</fdd:urlReference>
			</fdd:url>
			<fdd:url>
				<fdd:urlReference>
					<link>https://www.iso.org/standard/57229.html</link>
					<tag>ISO 19005-3: 2012.	Document management -- Electronic document file format for long-term preservation -- Part 3: Use of ISO 32000-1 (PDF/A-3) with support for embedded files.</tag>
				</fdd:urlReference>
			</fdd:url>
			<fdd:url>
				<fdd:urlReference>
					<link>https://www.iso.org/standard/51502.html</link>
					<tag>ISO 32000-1.	Document management -- Portable document format -- Part 1: PDF 1.7</tag>
				</fdd:urlReference>
			</fdd:url>
		</fdd:urls>
		<fdd:citations>
			<fdd:citation>
				<fdd:bookReference>
					<bookRefDetail rel="aucorp">Adobe Systems Incorporated</bookRefDetail>.  <bookRefDetail rel="btitle">PDF Reference, Third Edition, Version 1.4.</bookRefDetail>  Addison-Wesley, <bookRefDetail rel="date">2001</bookRefDetail>. ISBN: <bookRefDetail rel="isbn">0-201-75839-3</bookRefDetail>.  Also available online as <a href="http://www.adobe.com/content/dam/Adobe/en/devnet/pdf/pdfs/pdf_reference_archives/PDFReference.pdf">http://www.adobe.com/content/dam/Adobe/en/devnet/pdf/pdfs/pdf_reference_archives/PDFReference.pdf</a>.</fdd:bookReference>
			</fdd:citation>
		</fdd:citations>
	</fdd:formatSpecifications>
	<fdd:usefulReferences>
		<fdd:urls>
			<fdd:url>
				<fdd:urlReference>
					<link>https://en.wikipedia.org/wiki/PDF/A</link>
					<tag>Wikipedia article on PDF/A</tag>
				</fdd:urlReference>
			</fdd:url>
			<fdd:url>
				<fdd:urlReference>
					<link>http://3dpdfconsortium.org/pdf-standards/</link>
					<tag>3D PDF Consortium | PDF Standards</tag>
				</fdd:urlReference>
			</fdd:url>
			<fdd:url>
				<fdd:urlReference>
					<link>https://www.pdfa.org/community/pdf-a-technical-working-group/</link>
					<tag>PDF Association | PDF/A Technical Working Group (TWG)</tag>
					<comment>Previously known as the PDF/A Competence Center.  A collaborative organization of developers  sharing knowledge and experience of PDF/A technology in a vendor-neutral space.</comment>
				</fdd:urlReference>
			</fdd:url>
			<fdd:url>
				<fdd:urlGroup>
					<fdd:intro>The PDF Association&apos;s <a href="https://www.pdfa.org/community/pdf-a-technical-working-group/">PDF/A Technical Working Group</a> and its predecessor, the PDF/A Competence Center, publishes technical notes and guidelines aimed at its members (mainly software developers, systems integrators, and service providers).  These publications include:</fdd:intro>
					<fdd:urlList>
						<fdd:urlReference>
							<link>https://web.archive.org/web/20160305112234/http://www.pdfa.org/2011/08/validating-pdfa/</link>
							<tag>Validating PDF/A (August 5, 2011)</tag>
							<comment>Link now via Internet Archive.</comment>
						</fdd:urlReference>
						<fdd:urlReference>
							<link>https://www.pdfa.org/wp-content/until2016_uploads/2011/08/valididating_pdfa-2b.pdf</link>
							<tag>Validating PDF/A (2011)</tag>
							<comment>Discusses the PDF/A Competence Center&apos;s plans for developing a test suite</comment>
						</fdd:urlReference>
						<fdd:urlReference>
							<link>https://web.archive.org/web/20160403161343/http://www.pdfa.org:80/2011/08/pdfa-%E2%80%93-a-look-at-the-technical-side/</link>
							<tag>PDF/A – A Look at the Technical Side: Some PDF/A technicalities you may want to understand to reap the full benefits of the standard.  (August 2011)</tag>
							<comment>Link now via Internet Archive</comment>
						</fdd:urlReference>
						<fdd:urlReference>
							<link>https://www.pdfa.org/resource/pdfa-1-technical-notes/</link>
							<tag>PDF/A-1 Technical Notes – Origins</tag>
						</fdd:urlReference>
						<fdd:urlReference>
							<link>http://www.pdfa.org/publication/technical-note-tn0001-pdfa-1-and-namespaces/</link>
							<tag>Technical Note TN0001 – PDF/A-1 and Namespaces</tag>
						</fdd:urlReference>
						<fdd:urlReference>
							<link>http://www.pdfa.org/publication/technical-note-tn0002-color-in-pdfa-1/</link>
							<tag>Technical Note TN0002 – Color in PDF/A-1</tag>
						</fdd:urlReference>
						<fdd:urlReference>
							<link>http://www.pdfa.org/publication/technical-note-tn0003-metadata-in-pdfa-1/</link>
							<tag>Technical Note TN0003 – Metadata in PDF/A-1</tag>
						</fdd:urlReference>
						<fdd:urlReference>
							<link>http://www.pdfa.org/publication/technical-note-tn0006-digital-signatures-in-pdfa-1/</link>
							<tag>Technical Note TN0006 – Digital Signatures in PDF/A-1</tag>
						</fdd:urlReference>
						<fdd:urlReference>
							<link>http://www.pdfa.org/publication/technical-note-tn0008-predefined-xmp-properties-in-pdfa-1/</link>
							<tag>Technical Note TN0008 – Predefined XMP Properties in PDF/A-1</tag>
						</fdd:urlReference>
						<fdd:urlReference>
							<link>http://www.pdfa.org/publication/technical-note-tn-0009-xmp-extension-schemas-in-pdfa-1/</link>
							<tag>Technical Note TN-0009: XMP Extension Schemas in PDF/A-1</tag>
						</fdd:urlReference>
						<fdd:urlReference>
							<link>https://www.pdfa.org/resource/technote-0010-clarifications-of-iso-19005-parts-1-3-for-developers-of-pdfa-creators-and-validators/</link>
							<tag>Technical Note TN-0010: Clarifications of ISO 19005, parts 1-3 for developers of PDF/A creators and validators</tag>
						</fdd:urlReference>
						<fdd:urlReference>
							<link>http://www.pdfa.org/products/?c=1988&amp;wpv-pdf-type=pdf-a</link>
							<tag>Products for PDF/A creation, conversion, and validation</tag>
						</fdd:urlReference>
					</fdd:urlList>
				</fdd:urlGroup>
			</fdd:url>
			<fdd:url>
				<fdd:urlGroup>
					<fdd:intro>Adobe resources related to creation of PDF/A files</fdd:intro>
					<fdd:urlList>
						<fdd:urlReference>
							<link>https://helpx.adobe.com/acrobat/faq.html#Standardsandaccessibility</link>
							<tag>Adobe Acrobat DC FAQ
| Standards and Accessibility</tag>
							<comment>Lists profiles of PDF/A, PDF/X, etc. supported in Acrobat Pro DC</comment>
						</fdd:urlReference>
						<fdd:urlReference>
							<link>https://helpx.adobe.com/acrobat/using/pdf-x-pdf-a-pdf.html</link>
							<tag>PDF/X-, PDF/A-, and PDF/E-compliant files | from Adobe Help for Acrobat Pro DC</tag>
							<comment>Introduces the Preflight tool for analyzing PDF files, checking for compliance with PDF/A, etc. and fixing problems if feasible.</comment>
						</fdd:urlReference>
						<fdd:urlReference>
							<link>https://acrobatusers.com/tutorials/long-term-pdf-storage</link>
							<tag>Long-term PDF storage with Acrobat 9 (2009)</tag>
						</fdd:urlReference>
						<fdd:urlReference>
							<link>https://acrobatusers.com/tutorials/working-pdfa-acrobat-9</link>
							<tag>Working with PDF/A in Acrobat 9 | Video tutorial from 2010</tag>
							<comment>15-minute detailed tutorial with audio.  Has transcript as overlays.</comment>
						</fdd:urlReference>
						<fdd:urlReference>
							<link>https://acrobatusers.com/tutorials/how-to-conform-to-pdf-standards-infographic</link>
							<tag>How to conform to PDF standards using Acrobat XI | Adobe tutorial from 2012</tag>
						</fdd:urlReference>
						<fdd:urlReference>
							<link>https://helpx.adobe.com/indesign/using/exporting-publishing-pdf.html</link>
							<tag>InDesign User Guide | Export to Adobe PDF</tag>
							<comment>In March 2019, this page indicated that Adobe InDesign can export to PDF/A-1b for archiving.  A similar statement is made for Adobe Illustrator.</comment>
						</fdd:urlReference>
					</fdd:urlList>
				</fdd:urlGroup>
			</fdd:url>
			<fdd:url>
				<fdd:urlGroup>
					<fdd:intro>Helpful resources from some of the companies and projects that produce software to create PDF and PDF/A files.  Many are based in Europe, where government mandates for use of PDF/A are common.</fdd:intro>
					<fdd:urlList>
						<fdd:urlReference>
							<link>https://www.pdflib.com/pdf-knowledge-base/pdfa/the-pdfa-standards/</link>
							<tag>PDFlib GmbH | The PDF/A Family of Archiving Standards</tag>
						</fdd:urlReference>
						<fdd:urlReference>
							<link>https://www.foxitsoftware.com/end-user-productivity/</link>
							<tag>Foxit Software | PDF Solutions for End Users</tag>
							<comment>Includes Phantom PDF  for PDF creation and editing.</comment>
						</fdd:urlReference>
						<fdd:urlReference>
							<link>https://www.foxitsoftware.com/enterprise-automation/</link>
							<tag>Foxit Software | PDF Solutions for Enterprises</tag>
							<comment>Products include PDF Compressor (previously from LuraTech).</comment>
						</fdd:urlReference>
						<fdd:urlReference>
							<link>https://www.pdf-tools.com/pdf20/en/products/pdf-converter-validation/</link>
							<tag>PDF Tools AG | PDF Converter and Validation</tag>
							<comment>PDF-Tools has a number of products for conversion to PDF, including 3-Heights PDF to PDF/A Converter</comment>
						</fdd:urlReference>
						<fdd:urlReference>
							<link>https://www.pdfa.org/wp-content/uploads/2017/05/11.45-The-Future-of-PDF-A-and-Validation.pdf</link>
							<tag>The Future of PDF/A and Validation, slides by Dietrich von Seggern of callas Software (May 2017)</tag>
							<comment>Discusses validation challenges and plans for PDF/A-Next (aka PDF/A-4).</comment>
						</fdd:urlReference>
						<fdd:urlReference>
							<link>https://www.callassoftware.com/en/support/knowledge-base/webinars/pdf-s-iso-standardized-subsets-a-tour</link>
							<tag>PDF’s ISO-standardized subsets: a tour. By Dietrich von Seggern of callas Software. (May 2018) </tag>
							<comment>1-hour video of presentation with slides.</comment>
						</fdd:urlReference>
						<fdd:urlReference>
							<link>https://www.pdfa.org/wp-content/uploads/2018/06/1145_von_Seggern.pdf</link>
							<tag>PDF’s ISO-standardized subsets: a tour (May 2018) | slides</tag>
							<comment>Slides from presentation in video above.</comment>
						</fdd:urlReference>
						<fdd:urlReference>
							<link>https://www.gonitro.com/user-guide/pro/article/create-a-pdf-a-file</link>
							<tag>Nitro Pro | Create a PDF/A File</tag>
							<comment>Nitro Pro bills itself as an alternative to Adobe Acrobat.  Only available for MS Windows.</comment>
						</fdd:urlReference>
						<fdd:urlReference>
							<link>https://www.pdftron.com/blog/pdfa-format/all-about-pdfa/</link>
							<tag>PDFtron Systems, Inc. | All About PDF/A</tag>
							<comment>Includes discussion of challenges for validation of PDF/A.</comment>
						</fdd:urlReference>
						<fdd:urlReference>
							<link>https://www.pdfforge.org/pdfcreator/download</link>
							<tag>PDFForge | PDFCreator  </tag>
							<comment>Available in free version with advertisements.  Only available for MS Windows.</comment>
						</fdd:urlReference>
						<fdd:urlReference>
							<link>https://xmlgraphics.apache.org/fop/2.3/pdfa.html</link>
							<tag>Apache FOP (Formatting Objects Processor) | PDF/A </tag>
							<comment>Open source project</comment>
						</fdd:urlReference>
						<fdd:urlReference>
							<link>https://pdfbox.apache.org/1.8/cookbook/pdfacreation.html</link>
							<tag>Apache PDFBox | PDF/A Creation</tag>
							<comment>Open source project</comment>
						</fdd:urlReference>
						<fdd:urlReference>
							<link>https://itextpdf.com/en/resources/books/itext-7-jump-start-tutorial-net/chapter-7-creating-pdfua-and-pdfa-documents</link>
							<tag>iText | Creating PDF/UA and PDF/A documents</tag>
							<comment>iText offers both commercial tools and a software toolkit under an open source license</comment>
						</fdd:urlReference>
						<fdd:urlReference>
							<link>http://dx.doi.org/10.6017/ital.v37i1.9878</link>
							<tag>Digitization of Textual Documents Using PDF/A | Han, Y., &amp; Wan, X. (2018)</tag>
							<comment>Information Technology and Libraries, 37(1), 52-64.  DOI: 10.6017/ital.v37i1.9878  Also available via http://hdl.handle.net/10150/627613</comment>
						</fdd:urlReference>
					</fdd:urlList>
				</fdd:urlGroup>
			</fdd:url>
			<fdd:url>
				<fdd:urlGroup>
					<fdd:intro>Articles and reports about PDF/A</fdd:intro>
					<fdd:urlList>
						<fdd:urlReference>
							<link>http://www.planetpdf.com/images/articles/PDF-A/pdfa_article_v11.pdf</link>
							<tag>The Content that Endures: What to Know about PDF/A | by Duff Johnson, 2008.</tag>
							<comment>Article (apparently from 2008) from PlanetPDF.</comment>
						</fdd:urlReference>
						<fdd:urlReference>
							<link>http://talkingpdf.org/white-paper-how-to-implement-pdfa/</link>
							<tag>White Paper: How to Implement PDF/A | by Duff Johnson.  August 2010.</tag>
							<comment>From Talkingpdf.org.  Proposes five principles for PDF/A implementations and three modes for PDF/A-aware readers.  Points out that Adobe&apos;s implementation in Acrobat 9 does not follow his &quot;prescription for correct behavior.&quot;</comment>
						</fdd:urlReference>
						<fdd:urlReference>
							<link>https://www.pria.us/files/resource_library_files/Business_Processes_and_Procedures/2017-04-07_TIFF%20and%20PDF_FINAL_CLEAN.pdf</link>
							<tag>TIFF-PDF/A – A White Paper | Property Records Industry Association (PRIA), 2017</tag>
							<comment>Recommends PDF/A-2a for property records.</comment>
						</fdd:urlReference>
						<fdd:urlReference>
							<link>https://ipres2017.jp/wp-content/uploads/15.pdf</link>
							<tag>PDF/A considered harmful for digital preservation | by Marco Klindt, 2017.</tag>
							<comment>Highlights benefits, shortcomings, and pitfalls of using PDF/A to preserve the content in a document without careful consideration of whether conversion will lose important semantics or make it impossible to extract and re-use content. </comment>
						</fdd:urlReference>
						<fdd:urlReference>
							<link>http://hdl.handle.net/2142/100913</link>
							<tag>Navigating the PDF/A Standard: A Case Study of Theses in the University of Oxford&apos;s Institutional Repository</tag>
							<comment>By Anna Oates (2018).</comment>
						</fdd:urlReference>
					</fdd:urlList>
				</fdd:urlGroup>
			</fdd:url>
			<fdd:url>
				<fdd:urlGroup>
					<fdd:intro>PDF/A in lists of recommended or acceptable formats</fdd:intro>
					<fdd:urlList>
						<fdd:urlReference>
							<link>http://www.archives.gov/records-mgmt/policy/transfer-guidance-tables.html</link>
							<tag>NARA 2014-04: Appendix A,  Revised Format Guidance for the Transfer of Permanent Electronic Records – Tables of File Formats </tag>
							<comment>As of October 2015, PDF/A is a preferred format for textual documents, scanned text, presentations, and posters.</comment>
						</fdd:urlReference>
						<fdd:urlReference>
							<link>http://www.bac-lac.gc.ca/eng/services/government-information-resources/guidelines/Pages/guidelines-file-formats-transferring-information-resources-enduring-value.aspx#j</link>
							<tag>Libraries and Archives Canada | Guidelines on File Formats for Transferring Information Resources of Enduring Value </tag>
							<comment>Lists PDF/A-1 and PDF/A-2 as preferred formats for text.  PDF/A-1 is a preferred format for scanned text.</comment>
						</fdd:urlReference>
						<fdd:urlReference>
							<link>https://deepblue.lib.umich.edu/static/about/deepbluepreservation.html</link>
							<tag>University of Michigan repository | Deep Blue Preservation and Format Support Policy</tag>
						</fdd:urlReference>
						<fdd:urlReference>
							<link>http://www.digitizationguidelines.gov/guidelines/digitize-technical.html</link>
							<tag>FADGI | Technical Guidelines for Digitizing Cultural Heritage Materials</tag>
							<comment>In the 2016 edition, PDF/A was added as an option for a master format (in addition to TIFF and JPEG 2000)</comment>
						</fdd:urlReference>
					</fdd:urlList>
				</fdd:urlGroup>
			</fdd:url>
			<fdd:url>
				<fdd:urlGroup>
					<fdd:intro>Guidelines for creating PDF/A documents, primarily from organizations recommending or requiring the use of PDF/A.</fdd:intro>
					<fdd:urlList>
						<fdd:urlReference>
							<link>http://web.archive.org/web/20160327031829/http://fclaweb.fcla.edu/uploads/Lydia%20Motyka/FDA_documentation/PDFGuideline.pdf</link>
							<tag>Guidelines for Creating Archival Quality PDF Files, 2006, from Florida Center for Library Automation </tag>
							<comment>Link from Internet Archive</comment>
						</fdd:urlReference>
						<fdd:urlReference>
							<link>https://www.uspto.gov/patents-application-process/applying-online/efs-web-pdf-guidelines</link>
							<tag>PDF Guidelines for EFS-Web</tag>
							<comment>Guidelines for electronic filing of patent applications in PDF from the U.S. Patents and Trademarks Office.</comment>
						</fdd:urlReference>
						<fdd:urlReference>
							<link>https://aaltodoc.aalto.fi/doc_public/ohjeet/aaltodoc_pdf_a.pdf</link>
							<tag>Converting a file to PDF/A compliant version</tag>
							<comment>From Aalto University in Finland. Covers use of Microsoft Office, LibreOffice, LaTeX, Adobe InDesign, and PDF-Xchange., </comment>
						</fdd:urlReference>
						<fdd:urlReference>
							<link>https://aaltodoc.aalto.fi/doc_public/ohjeet/pdfa_thesis_guide.pdf</link>
							<tag>Save yourself some grief: a sort of comprehensive guide to making a PDF/A-compliant thesis file (August 2018)</tag>
							<comment>From Aalto University School of Engineering in Finland.  Focuses on MATLAB and LATEX template provided by the School. </comment>
						</fdd:urlReference>
						<fdd:urlReference>
							<link>https://discussions.apple.com/thread/7899335</link>
							<tag>How to create a PDF/A file on a Mac | post on Apple user forum (2017)</tag>
							<comment>Indicates that the only way to create a PDF/A on a Mac that is straightforward and free is to use LibreOffice. </comment>
						</fdd:urlReference>
					</fdd:urlList>
				</fdd:urlGroup>
			</fdd:url>
			<fdd:url>
				<fdd:urlGroup>
					<fdd:intro>Resources about PDF/A validation and associated challenges</fdd:intro>
					<fdd:urlList>
						<fdd:urlReference>
							<link>https://libraries.flvc.org/documents/181844/502298/PDFA+Validation+and+Conversion+in+FDA/</link>
							<tag>PDF/A Validation and Conversion in Florida Digital Archive (2013)</tag>
						</fdd:urlReference>
						<fdd:urlReference>
							<link>http://hdl.handle.net/2142/100913</link>
							<tag>Navigating the PDF/A Standard: A Case Study of Theses in the University of Oxford&apos;s Institutional Repository</tag>
							<comment>By Anna Oates (2018).  Includes discussion of inconsistency among validation tools.</comment>
						</fdd:urlReference>
						<fdd:urlReference>
							<link>https://www.pdftron.com/blog/pdfa-format/all-about-pdfa/</link>
							<tag>PDFtron Systems, Inc. | All About PDF/A</tag>
							<comment>Includes discussion of challenges for validation of PDF/A.</comment>
						</fdd:urlReference>
						<fdd:urlReference>
							<link>https://www.pdfa.org/how-verapdf-does-pdfa-validation/</link>
							<tag>How veraPDF does PDF/A validation (May 2015)</tag>
							<comment>By Boris Doubrov</comment>
						</fdd:urlReference>
						<fdd:urlReference>
							<link>https://www.soliddocuments.com/iso-19005-1-compliance.htm?subject=6.7.2</link>
							<tag>Solid Documents | PDF/A-1 Compliance Issues</tag>
							<comment>List of checks that products from Solid Documents can do for PDF/A-1 compliance.  Listed by clause in the standard. </comment>
						</fdd:urlReference>
					</fdd:urlList>
				</fdd:urlGroup>
			</fdd:url>
			<fdd:url>
				<fdd:urlGroup>
					<fdd:intro>Tools for validation of compliance to PDF/A standard.  See also veraPDF links below.</fdd:intro>
					<fdd:urlList>
						<fdd:urlReference>
							<link>https://www.pdf-online.com/osa/validate.aspx</link>
							<tag>PDF Tools AG | 3-Heights PDF Validator Online Tool</tag>
						</fdd:urlReference>
						<fdd:urlReference>
							<link>https://www.pdftron.com/documentation/cli/guides/pdfa-manager/overview/</link>
							<tag>PDFtron Systems Inc. | PDF/A Manager</tag>
							<comment>Command line tool for PDF/A validation and conversion.</comment>
						</fdd:urlReference>
						<fdd:urlReference>
							<link>https://www.qoppa.com/pdfpreflight/</link>
							<tag>jPDFPreflight – Java Preflight PDF/X PDF/A</tag>
							<comment>For developers.  Java library that supports validation of PDF/A-1b, PDF/A-2b, and PDF/A-3b.  Also validates PDF/X-1a and PDF/X-3.</comment>
						</fdd:urlReference>
						<fdd:urlReference>
							<link>https://kbpdfstudio.qoppa.com/pdfa-verification-and-conversion/</link>
							<tag>PDF Studio | PDF/A verification and conversion</tag>
							<comment>Java-based. For Windows, Mac, and Linux.</comment>
						</fdd:urlReference>
					</fdd:urlList>
				</fdd:urlGroup>
			</fdd:url>
			<fdd:url>
				<fdd:urlGroup>
					<fdd:intro>The veraPDF tool for validating PDF/A files was developed with initial support from the EU PREFORMA project.  veraPDF 1.0 was released in 2017.</fdd:intro>
					<fdd:urlList>
						<fdd:urlReference>
							<link>http://www.preforma-project.eu/pdfa-conformance-checker.html</link>
							<tag>PREFORMA: PDF/A Conformance Checker (VeraPDF)</tag>
							<comment>Project description and design documents </comment>
						</fdd:urlReference>
						<fdd:urlReference>
							<link>http://verapdf.org/home/</link>
							<tag>Home page for released veraPDF product and ongoing open source development.</tag>
						</fdd:urlReference>
						<fdd:urlReference>
							<link>http://docs.verapdf.org/</link>
							<tag>Documentation for veraPDF</tag>
						</fdd:urlReference>
						<fdd:urlReference>
							<link>https://github.com/verapdf</link>
							<tag>Github repository for veraPDF</tag>
						</fdd:urlReference>
					</fdd:urlList>
				</fdd:urlGroup>
			</fdd:url>
			<fdd:url>
				<fdd:urlReference>
					<link>http://www.adobe.com/devnet/pdf/pdf_reference_archive.html</link>
					<tag>PDF Reference Archives</tag>
					<comment>Documentation for versions of PDF prior to the current version.  Includes access to errata and supplements.</comment>
				</fdd:urlReference>
			</fdd:url>
			<fdd:url>
				<fdd:urlGroup>
					<fdd:intro>Resources related to the early history of PDF/A, as recorded by the Internet Archive.</fdd:intro>
					<fdd:urlList>
						<fdd:urlReference>
							<link>http://web.archive.org/web/20121111005904/http://www.aiim.org/Research-and-Publications/Standards/Committees/PDFA</link>
							<tag>PDF-Archive Committee website hosted by AIIM (in November 2012)</tag>
							<comment>Link via Internet Archive.  Shows activity from 2002 through 2009.</comment>
						</fdd:urlReference>
						<fdd:urlReference>
							<link>https://web.archive.org/web/20140211135455/http://pdf.editme.com/PDFA</link>
							<tag>PDF/A Committee website hosted by AIIM (in February 2014) </tag>
							<comment>Link via Internet Archive.  This website was the public face of the PDF/A committee from 2009 through 2014.</comment>
						</fdd:urlReference>
						<fdd:urlReference>
							<link>http://web.archive.org/web/20160406173457/https://www.aiim.org/documents/standards/19005-1_faq.pdf</link>
							<tag>ISO 19005-1 Frequently Asked Questions. Published by PDF/A Joint Working Group, hosted by AIIM</tag>
							<comment>Link from Internet Archive</comment>
						</fdd:urlReference>
						<fdd:urlReference>
							<link>https://web.archive.org/web/20061116063317/http://www.pdfa.org/en/pdfa-en.html</link>
							<tag>PDF/A Competence Center at pdfa.org </tag>
							<comment>From 2006 until September 2011, pdfa.org was the PDF/A Competence Center</comment>
						</fdd:urlReference>
						<fdd:urlReference>
							<link>https://web.archive.org/web/20111009020516/http://www.pdfa.org/</link>
							<tag>PDF Association website (in October 2011)</tag>
							<comment>In late 2011, pdfa.org became the PDF Association, with competence centers for additional PDF subtypes published as ISO standards.. </comment>
						</fdd:urlReference>
						<fdd:urlReference>
							<link>https://web.archive.org/web/20160919105558/http://www.pdfa.org/competence-centers/pdfa-competence-center</link>
							<tag>PDF/A Competence Center (as in September 2016)</tag>
							<comment>An alliance of vendors of products and services supporting the creation and use of PDF/A documents.</comment>
						</fdd:urlReference>
						<fdd:urlReference>
							<link>http://web.archive.org/web/20160404213149/http://www.aiim.org/Research-and-Publications/Standards/Articles/PDFA-Compliant-Products</link>
							<tag>List of compliant applications compiled by AIIM (as of 2016)</tag>
							<comment>Compliance asserted by vendors, not tested independently. Link from Internet Archive.</comment>
						</fdd:urlReference>
						<fdd:urlReference>
							<link>http://web.archive.org/web/20130502134821/http://www.adobe.com/enterprise/standards/pdfa/</link>
							<tag>Governments adopting PDF/A and PDF for official use (as of 2013)</tag>
							<comment>Starting in 2010, Adobe listed governments adopting PDF/A or PDF as recommended, mandatory or acceptable. Link to early 2013 version from Internet Archive.</comment>
						</fdd:urlReference>
					</fdd:urlList>
				</fdd:urlGroup>
			</fdd:url>
			<fdd:url>
				<fdd:urlReference>
					<link>https://www.wikidata.org/wiki/Q1547957</link>
					<tag>Wikidata entry for Q1547957</tag>
					<comment>Information in Wikidata about all versions and profiles of PDF/A.  Wikidata Title ID: Q1547957</comment>
				</fdd:urlReference>
			</fdd:url>
		</fdd:urls>
		<fdd:citations>
			<fdd:citation>
				<fdd:articleReference>
					<articleRefDetail rel="au">Morrissey, Sheila M.</articleRefDetail>, &quot;<articleRefDetail rel="atitle">The Network is the Format: PDF and the Long-term Use of Digital Content</articleRefDetail>&quot;, <articleRefDetail rel="jtitle">Archiving 2012</articleRefDetail>, (<articleRefDetail rel="date">2012</articleRefDetail>): pp. 200-203. ISBN: <articleRefDetail rel="issn">978-0-89208-300-8</articleRefDetail> (print).  Available <a href="http://www.portico.org/digital-preservation/wp-content/uploads/2012/11/TheNetworkIsTheFormat.pdf">online at Portico</a> with permission of IS&amp;T: The Society for Imaging Science and Technology.</fdd:articleReference>
			</fdd:citation>
		</fdd:citations>
	</fdd:usefulReferences>
</fdd:FDD>
