<?xml version="1.0" encoding="UTF-8"?>
<fdd:FDD id="fdd000338" titleName="MPEG-1 and MPEG-2 Layer II Audio Encoding" shortName="MPEG_layer_2_audio" xmlns:xsi="http://www.w3.org/2001/XMLSchema-instance" xmlns:fdd="http://www.digitalpreservation.gov/formats/schemas/fdd/v1" xsi:schemaLocation="http://www.digitalpreservation.gov/formats/schemas/fdd/v1 http://www.digitalpreservation.gov/formats/schemas/fdd/v1/fdd-v1-0.xsd">
	<fdd:properties>
		<fdd:gdfrGenreSelection>
			<fdd:gdfrGenre>sound</fdd:gdfrGenre>
		</fdd:gdfrGenreSelection>
		<fdd:formatCategories>
			<fdd:category>encoding</fdd:category>
			<fdd:category>encoding</fdd:category>
		</fdd:formatCategories>
		<fdd:gdfrComposition>unitary</fdd:gdfrComposition>
		<fdd:gdfrForm>binary</fdd:gdfrForm>
		<fdd:gdfrBasis>sampled</fdd:gdfrBasis>
		<fdd:updates>
			<fdd:date>2012-05-17</fdd:date>
		</fdd:updates>
		<fdd:draftStatus>Partial</fdd:draftStatus>
	</fdd:properties>
	<fdd:identificationAndDescription>
		<fdd:fullName>MPEG-1 and MPEG-2 Layer II Audio Encoding</fdd:fullName>
		<fdd:keywords>
			<fdd:keyword>MPEG</fdd:keyword>
			<fdd:keyword>MPEG-1</fdd:keyword>
			<fdd:keyword>MPEG-2</fdd:keyword>
		</fdd:keywords>
		<fdd:description>Lossy audio compression that derives from the MUSICAM audio codec. This format may be referred to as MP2 and employs perceptual compression. This means MP2&apos;s compression takes out information that is imperceptible in the human audiotory range. MP2 is the dominant audio codec in digital audio broadcasting and is also used in the production of Video CDs (VCDs). MPEG-1 Audio Layer II is defined in ISO/IEC 11172-3. An extension of MPEG-1 Layer II is defined in ISO/IEC 13818-3, which adds more sampling and bit rates as well as support for up to 5 audio channels.</fdd:description>
		<fdd:shortDescription>Often referred to as MP2, lossy audio compression that derives from the MUSICAM audio codec and employs perceptual compression.  Defined for MPEG-1 in ISO/IEC 11172-3 and for MPEG-2 in ISO/IEC 13818-3.</fdd:shortDescription>
		<fdd:productionPhase>Generally used for final-state, end-user delivery.</fdd:productionPhase>
		<fdd:relationships>
			<fdd:relationship>
				<fdd:typeOfRelationship>Subtype of</fdd:typeOfRelationship>
				<fdd:relatedTo>
					<fdd:id>fdd000035</fdd:id>
					<fdd:shortName>MPEG-1</fdd:shortName>
					<fdd:titleName>MPEG-1 Video Coding (H.261)</fdd:titleName>
				</fdd:relatedTo>
			</fdd:relationship>
			<fdd:relationship>
				<fdd:typeOfRelationship>Subtype of</fdd:typeOfRelationship>
				<fdd:relatedTo>
					<fdd:id>fdd000335</fdd:id>
					<fdd:shortName>MPEG-2_family</fdd:shortName>
					<fdd:titleName>MPEG-2 Encoding Family</fdd:titleName>
				</fdd:relatedTo>
			</fdd:relationship>
			<fdd:relationship>
				<fdd:typeOfRelationship>Used by</fdd:typeOfRelationship>
				<fdd:relatedTo>
					<fdd:id>fdd000337</fdd:id>
					<fdd:shortName>MPEG-2_422_layer_2</fdd:shortName>
					<fdd:titleName>MPEG-2 File with 422 Video and Layer II Audio Encoding</fdd:titleName>
				</fdd:relatedTo>
			</fdd:relationship>
			<fdd:relationship>
				<fdd:typeOfRelationship>Used by</fdd:typeOfRelationship>
				<fdd:relatedTo>
					<fdd:id>fdd000336</fdd:id>
					<fdd:shortName>MPEG-2_MP_layer_2</fdd:shortName>
					<fdd:titleName>MPEG-2 File with Main Profile Video and Layer II Audio Encoding</fdd:titleName>
				</fdd:relatedTo>
			</fdd:relationship>
		</fdd:relationships>
	</fdd:identificationAndDescription>
	<fdd:localUse>
		<fdd:experience>The Library of Congress National Audio-Visual Conservation Center, Packard Campus, at Culpeper, Virginia, has received significant numbers of <fddLink id="fdd000335">MPEG-2</fddLink> files with Layer II audio for their holdings as a part of two important retrospective collections.</fdd:experience>
		<fdd:preference>Content received as <fddLink id="fdd000335">MPEG-2</fddLink> files (with or without Layer II audio) will be held in this format for the near term although there is discussion of future migrations into <fddLink id="fdd000206">MXF_OP1a_JP2_LL</fddLink>, the format employed by the Packard Campus facility when reformatting videotapes.</fdd:preference>
	</fdd:localUse>
	<fdd:sustainabilityFactors>
		<fdd:disclosure>Open standard developed by the Motion Pictures Expert Group (MPEG) in 1989-1994.</fdd:disclosure>
		<fdd:documentation>
			<p>ISO/IEC 11172-3:1993 -- Coding of moving pictures and associated audio for digital storage media at up to about 1,5 Mbit/s -- Part 3: Audio<br/> Approved in 1991 and finalized in 1992 as part of <fddLink id="fdd000035">MPEG-1</fddLink>.</p>
			<p>ISO/IEC 13818-3:1995 
-- Generic coding of moving pictures and associated audio information -- Part 3: Audio<br/>After more work, the Motion Pictures Experts Group finalized ISO/IEC 13818-3 in 1994 as part of <fddLink id="fdd000335">MPEG-2</fddLink>. This was withdrawn and replaced with ISO/IEC 13818-3:1998.</p>
		</fdd:documentation>
		<fdd:adoption>MP2 turns up on the pre-DVD <a href="http://en.wikipedia.org/wiki/Video_CD">Video CD (VCD)</a> format. May turn up as the audio on consumer-authored DVDs. According to <a href="http://en.wikipedia.org/wiki/MPEG-1_Audio_Layer_II">Wikipedia</a>, consulted May 14, 2012, MPEG 1 layer 2 is standard audio format used in the MHP (<a href="http://en.wikipedia.org/wiki/Multimedia_Home_Platform">Multimedia Home Platform</a>) standard for set-top boxes and in HDV camcorders. MP2 has been used in some digital broadcasting systems in Europe; see history section of the <a href="#notes">Notes</a> below.</fdd:adoption>
		<fdd:licensingAndPatents>Managed by <a href="http://www.mpegla.com/main/default.aspx">MPEG LA LLC</a>. Licenses pertain to tools and not to streams or files per se. </fdd:licensingAndPatents>
		<fdd:transparency>Depends upon algorithms and tools to read; will require sophistication to build tools.</fdd:transparency>
		<fdd:selfDocumentation/>
		<fdd:externalDependencies>Playback of a 5.1 or surround sound file requires multiple loudspeakers.</fdd:externalDependencies>
		<fdd:techProtection>None</fdd:techProtection>
	</fdd:sustainabilityFactors>
	<fdd:qualityAndFunctionalityFactors>
		<fdd:soundQF>
			<fdd:normalSound>Good support.</fdd:normalSound>
			<fdd:fidelity>
				<p>At higher sampling frequencies, MPEG_layer_2_audio can offer high quality considering that it uses lossy compression.</p>
				<p>MPEG-1 Audio Layer II  (ISO/IEC 11172-3) files can have the following sampling frequencies: 32, 44.1, 48 kHz
and the following bit rates: 32, 48, 56, 64, 80, 96, 112, 128, 160, 192, 224, 256, 320, 384 kbit/s

</p>
				<p>MPEG-2 Audio Layer II (ISO/IEC 13818-3) files can have additional sampling frequencies: 16, 22.05, 24 kHz and additional bit rates: 8, 16, 24, 40, 144 kbit/s.</p>
			</fdd:fidelity>
			<fdd:channels>Good support for multiple channels of audio up to 5.1.</fdd:channels>
			<fdd:beyondSound>According to <a href="http://en.wikipedia.org/wiki/MPEG-1_Audio_Layer_II">Wikipedia</a>, consulted May 14, 2012, &quot;MPEG audio may have variable bit rate (VBR), but it is not widely supported. Layer II can use a method called bit rate switching. Each frame may be created with a different bit rate.&quot; Variable bit rate means that the file can change the amount of data it is delivering per specified unit of time.</fdd:beyondSound>
		</fdd:soundQF>
	</fdd:qualityAndFunctionalityFactors>
	<fdd:fileTypeSignifiers>
		<fdd:signifiersGroup>
			<fdd:filenameExtension>
				<fdd:sigValues>
					<fdd:sigValue>mp2</fdd:sigValue>
				</fdd:sigValues>
				<fdd:note>Extension for the ad hoc audio file created by this encoding. See <a href="http://filext.com/file-extension/MP2 ">The File Extension Source</a> for more</fdd:note>
			</fdd:filenameExtension>
			<fdd:internetMediaType>
				<fdd:sigValues>
					<fdd:sigValue>audio/mpeg</fdd:sigValue>
					<fdd:sigValue>audio/MPA</fdd:sigValue>
				</fdd:sigValues>
				<fdd:note>Selected from <a href="http://filext.com/">The File Extension Source</a>.</fdd:note>
			</fdd:internetMediaType>
		</fdd:signifiersGroup>
	</fdd:fileTypeSignifiers>
	<fdd:notes>
		<fdd:history>According to <a href="http://en.wikipedia.org/wiki/MPEG-1_Audio_Layer_II">Wikipedia</a>, consulted May 12, 2012: &quot;MPEG-1 Audio Layer 2 encoding was derived from the MUSICAM (Masking pattern adapted Universal Subband Integrated Coding And Multiplexing) audio codec, developed by Centre commun d&apos;études de télévision et télécommunications (CCETT), Philips, and Institut für Rundfunktechnik (IRT) in 1989 as part of the EUREKA 147 pan-European inter-governmental research and development initiative for the development of a system for the broadcasting of audio and data to fixed, portable or mobile receivers (established in 1987).&quot;</fdd:history>
	</fdd:notes>
	<fdd:formatSpecifications>
		<fdd:citations>
			<fdd:citation>
				<fdd:specReference>ISO/IEC 11172-3:1993 Coding of moving pictures and associated audio for digital storage media at up to about 1,5 Mbit/s -- Part 3: Audio</fdd:specReference>
			</fdd:citation>
			<fdd:citation>
				<fdd:specReference>ISO/IEC 13818-3:1998 Generic coding of moving pictures and associated audio information -- Part 3: Audio</fdd:specReference>
			</fdd:citation>
		</fdd:citations>
	</fdd:formatSpecifications>
	<fdd:usefulReferences>
		<fdd:urls>
			<fdd:url>
				<fdd:urlReference>
					<link>http://en.wikipedia.org/wiki/MPEG-1_Audio_Layer_II</link>
					<tag>Wikipedia entry for MPEG-1 Audio Layer II</tag>
				</fdd:urlReference>
			</fdd:url>
			<fdd:url>
				<fdd:urlReference>
					<link>http://en.wikipedia.org/wiki/Multimedia_Home_Platform</link>
					<tag>Wikipedia entry for Multimedia Home Platform</tag>
				</fdd:urlReference>
			</fdd:url>
			<fdd:url>
				<fdd:urlGroup>
					<fdd:intro>See also <fddLink id="fdd000335">MPEG-2</fddLink>.</fdd:intro>
				</fdd:urlGroup>
			</fdd:url>
			<fdd:url>
				<fdd:urlReference>
					<link>http://filext.com/</link>
					<tag>The File Extension Source</tag>
				</fdd:urlReference>
			</fdd:url>
		</fdd:urls>
	</fdd:usefulReferences>
</fdd:FDD>
