<?xml version="1.0" encoding="UTF-8"?>
<fdd:FDD id="fdd000142" titleName="AES3, Digital Audio Interface Format" shortName="AES3" xmlns:xsi="http://www.w3.org/2001/XMLSchema-instance" xmlns:fdd="http://www.loc.gov/preservation/digital/formats/schemas/fdd/v1" xsi:schemaLocation="http://www.loc.gov/preservation/digital/formats/schemas/fdd/v1 http://www.loc.gov/preservation/digital/formats/schemas/fdd/v1/fdd-v1-1.xsd">
	<fdd:properties>
		<fdd:gdfrGenreSelection>
			<fdd:gdfrGenre>sound</fdd:gdfrGenre>
		</fdd:gdfrGenreSelection>
		<fdd:formatCategories>
			<fdd:category>encoding</fdd:category>
		</fdd:formatCategories>
		<fdd:gdfrComposition>unitary</fdd:gdfrComposition>
		<fdd:gdfrForm>binary</fdd:gdfrForm>
		<fdd:gdfrBasis>sampled</fdd:gdfrBasis>
		<fdd:updates>
			<fdd:date>2010-06-03</fdd:date>
		</fdd:updates>
		<fdd:draftStatus>Full</fdd:draftStatus>
	</fdd:properties>
	<fdd:identificationAndDescription>
		<fdd:fullName>Formal name: AES3-2003. AES standard for digital audio &#8212; Digital input-output interfacing &#8212; Serial transmission format for two-channel linearly represented digital audio data. Common name: AES3.
		</fdd:fullName>
		<fdd:keywords>
			<fdd:keyword>AES3</fdd:keyword>
		</fdd:keywords>
		<fdd:description>
			<p>Audio Engineering Society interface format for serial digital transmission of stereo or two-channel <fddLink id="fdd000011">LPCM</fddLink> (Linear Pulse Code Modulated) sound. The data is sent in audio blocks, each of which is made up of 192 frames numbered 0 to 191. Each frame is divided in 2 subframes (or channels): A (left) and B (right). Each subframe contains the information for one single sample of the PCM audio. LCPM data is "expected" to be sampled at the preferred frequencies recommended in AES5; see <a href="#notes">Notes</a> below.</p>
			<p>A method for inserting standardized unique identifiers into the AES3 stream is specified in AES52-2006, specifically covering the UMID (Unique Material Identifier specified in SMPTE 330M-2000) and the UUID (Universally Unique Identifier as documented in ISO/IEC 11578:1996 and IETF <a href="http://www.ietf.org/rfc/rfc4122.txt">RFC 4122).</a>
			</p>
			<p>An extension of the AES3 interface has been developed by the Society of Motion Picture and Television Engineers (<fddLink id="fdd000208">AES3_SMPTE</fddLink>), and it specifies a method for using the interface to transmit non-PCM <fddLink id="fdd000209">AC3</fddLink> compressed audio and other data.</p>
			<p>The main thrust of AES3 concerns cabling and the physical interface between devices (see <a href="#notes">Notes</a> below); this Web site is primarily devoted to formats pertaining to the storage of digital content bitstreams and to related file, wrapper, or bundling formats.</p>
			<p>Note: Revised versions of AES3 and AES55 published in 2009 and 2007 permit the use of MPEG surround sound; more information will be added to this Web site in the future. </p>
		</fdd:description>
		<fdd:shortDescription>Audio Engineering Society interface format for serial digital transmission of LPCM (Linear Pulse Code Modulated) sound. The data is sent in audio blocks, each of which is made up of 192 frames numbered 0 to 191. Each frame is divided in 2 subframes (or channels): A (left) and B (right). Each subframe contains the information for one single sample of the PCM audio.</fdd:shortDescription>
		<fdd:productionPhase>Interface format that may be used at any point in a production life cycle.</fdd:productionPhase>
		<fdd:relationships>
			<fdd:relationship>
				<fdd:typeOfRelationship>Contains</fdd:typeOfRelationship>
				<fdd:relatedTo>
					<fdd:id>fdd000011</fdd:id>
					<fdd:shortName>LPCM</fdd:shortName>
					<fdd:titleName>Linear Pulse Code Modulated Audio</fdd:titleName>
				</fdd:relatedTo>
			</fdd:relationship>
			<fdd:relationship>
				<fdd:typeOfRelationship>Has earlier version</fdd:typeOfRelationship>
				<fdd:comment>AES3-1985 and -1992 (also published as ANSI S4.40-1985 and -1992), not documented here.</fdd:comment>
			</fdd:relationship>
		</fdd:relationships>
	</fdd:identificationAndDescription>
	<fdd:localUse>
		<fdd:experience>See <fddLink id="fdd000011">LPCM</fddLink>
		</fdd:experience>
		<fdd:preference>See <fddLink id="fdd000011">LPCM</fddLink>
		</fdd:preference>
	</fdd:localUse>
	<fdd:sustainabilityFactors>
		<fdd:disclosure>Open standard.  Developed by the Audio Engineering Society.
		</fdd:disclosure>
		<fdd:documentation>AES3-2003.  <i>AES standard for digital audio &#8212; Digital input-output interfacing &#8212; Serial transmission format for two-channel linearly represented digital audio data.</i>
		</fdd:documentation>
		<fdd:adoption>Widely adopted.
		</fdd:adoption>
		<fdd:licensingAndPatents>None.
		</fdd:licensingAndPatents>
		<fdd:transparency>See <fddLink id="fdd000011">LPCM</fddLink>
		</fdd:transparency>
		<fdd:selfDocumentation>Not applicable.  Metadata can be embedded in some file formats that incorporate <fddLink id="fdd000011">LPCM</fddLink> bitstreams.
		</fdd:selfDocumentation>
		<fdd:externalDependencies>The specification covers wiring and cable connectors.
		</fdd:externalDependencies>
		<fdd:techProtection>None
		</fdd:techProtection>
	</fdd:sustainabilityFactors>
	<fdd:qualityAndFunctionalityFactors>
		<fdd:soundQF>
			<fdd:normalSound>Good support.</fdd:normalSound>
			<fdd:fidelity>Fidelity considerations reflect the use of linear PCM encoding; see <fddLink id="fdd000011">LPCM</fddLink>.</fdd:fidelity>
			<fdd:channels>AES3 (2003) supports the interleaving of two LPCM streams.</fdd:channels>
			<fdd:samples>Not applicable</fdd:samples>
			<fdd:beyondSound>Not applicable</fdd:beyondSound>
		</fdd:soundQF>
	</fdd:qualityAndFunctionalityFactors>
	<fdd:fileTypeSignifiers>
		<fdd:signifiersGroup>
			<fdd:filenameExtension>
				<fdd:sigValueNA>See note.</fdd:sigValueNA>
				<fdd:note>Generally depends upon the wrapper used for the "storage" version of <fddLink id="fdd000011">LPCM</fddLink>.  LPCM data may be stored in "raw" form, with ".raw" as a possible file extension.  A variant of this encoding is captured by devices manufactured by Snell and Wilcox, reportedly carring an ".aes" extension.</fdd:note>
			</fdd:filenameExtension>
			<fdd:internetMediaType>
				<fdd:sigValueNA>Not applicable.</fdd:sigValueNA>
			</fdd:internetMediaType>
			<fdd:magicNumbers>
				<fdd:sigValueNA>Not found.</fdd:sigValueNA>
			</fdd:magicNumbers>
		</fdd:signifiersGroup>
	</fdd:fileTypeSignifiers>
	<fdd:notes>
		<fdd:general>
			<p>The main body of AES3 specifies signal transmission via a single shielded twisted wire pair.  Annex D, however, discusses the carriage of AES3 signals on structured wiring, e.g., the "category 5" cables associated with computer network installations, a topic that receives extended treatment in AES47, which specifies the method of carrying multiple channels of audio in linear PCM or AES3 format across an asynchronous transfer mode (ATM) network.  Elaborations on audio signal transfer are the topics of AES10-2003, <i>AES Recommended Practice for Digital Audio Engineering 8221; Serial Multichannel Audio Digital Interface (MADI)</i> (Revision of AES10-1991), and AES50-2005: AES standard for digital audio engineering 8221; High-resolution multi-channel audio interconnection.</p>
			<p>Certain sampling frequencies are recommended by the AES in AES5, pp. 5-6:</p>
			<ul>
				<li>The recommended sampling frequency for digital audio encoding shall be 48 kHz &#xb1; 10 parts per million.  This frequency is compatible with television and motion picture systems, and it permits the encoding of audio programs with full 20-kHz bandwidth. It is recommended for all applications of program origination, processing, and interchange. To maintain synchronization whenever digital audio using the standard 48-kHz sampling frequency is utilized in conjunction with television or motion pictures, the average number of samples per frame shall be [as follows: nominal frame rate of 24, then 2,000 samples per frame; 25 frames, then 1,920 samples; 30 frames, 1,600 samples; and 30/1,001 frames, 8008/5 samples].</li>
				<li>For an application directly related to certain consumer products, a sampling frequency of 44,1 kHz may be used. This application may include the interchange of program material prepared specifically for such products.</li>
				<li>For broadcast and transmission-related applications with restricted channel capacity and where a nominal audio bandwidth of 15 kHz is considered adequate, a sampling frequency of 32 kHz may be used, in accordance with ITU-T Recommendation J.53.</li>
				<li>For applications with an audio bandwidth greater than 20 kHz or in order to permit the use of a wider transition region in the anti-alias filtering a rate of 96 kHz &#xb1; 10 parts per million may be used.</li>
				<li>Techniques have come into common use since the above frequencies were defined which use very high sampling frequencies, typically more than 100 times higher than 48 kHz. Where such sampling frequencies appear at an interface, only multiples representing some factor of two of the sampling frequencies identified in AES5 should be used.</li>
			</ul>
		</fdd:general>
	</fdd:notes>
	<fdd:formatSpecifications>
		<fdd:citations>
			<fdd:citation>
				<fdd:specReference>AES3-2003. <i>AES standard for digital audio &#8212; Digital input-output interfacing &#8212; Serial transmission format for two-channel linearly represented digital audio data.</i>
				</fdd:specReference>
			</fdd:citation>
			<fdd:citation>
				<fdd:specReference>AES5-2003. <i>AES recommended practice for professional digital audio — Preferred sampling frequencies for applications employing pulse-code modulation.</i>
				</fdd:specReference>
			</fdd:citation>
			<fdd:citation>
				<fdd:specReference>AES52-2006. <i>AES standard for digital audio engineering &#8212; Insertion of unique identifiers into the AES3 transport stream.</i>
				</fdd:specReference>
			</fdd:citation>
		</fdd:citations>
	</fdd:formatSpecifications>
	<fdd:usefulReferences>
		<fdd:urls>
			<fdd:url>
				<fdd:urlReference>
					<link>http://en.wikipedia.org/wiki/AES/EBU</link>
					<tag>Wikipedia article on AES3</tag>
				</fdd:urlReference>
			</fdd:url>
			<fdd:url>
				<fdd:urlReference>
					<link>http://www.ietf.org/rfc/rfc4122.txt</link>
					<tag>RFC 4122</tag>
					<comment>IETF document pertaining to the UUID. </comment>
				</fdd:urlReference>
			</fdd:url>
		</fdd:urls>
		<fdd:citations>
			<fdd:citation>
				<fdd:specReference> SMPTE 330M-2000. Unique Material Identifier (UMID).</fdd:specReference>
			</fdd:citation>
			<fdd:citation>
				<fdd:specReference>ISO/IEC 11578:1996. Universally Unique Identifier (UUID).</fdd:specReference>
			</fdd:citation>
		</fdd:citations>
	</fdd:usefulReferences>
</fdd:FDD>
