<?xml version="1.0" encoding="UTF-8"?>
<fdd:FDD id="fdd000419" titleName="GeoPackage Encoding Standard (OGC), version 1.0" shortName="GeoPackage_1_0" xmlns:xsi="http://www.w3.org/2001/XMLSchema-instance" xmlns:fdd="http://www.loc.gov/preservation/digital/formats/schemas/fdd/v1" xsi:schemaLocation="http://www.loc.gov/preservation/digital/formats/schemas/fdd/v1 http://www.loc.gov/preservation/digital/formats/schemas/fdd/v1/fdd-v1-1.xsd">
	<fdd:properties>
		<fdd:gdfrGenreSelection>
			<fdd:gdfrGenre>dataset</fdd:gdfrGenre>
		</fdd:gdfrGenreSelection>
		<fdd:formatCategories>
			<fdd:category>file-format</fdd:category>
			<fdd:category>encoding</fdd:category>
		</fdd:formatCategories>
		<fdd:gdfrComposition>unitary</fdd:gdfrComposition>
		<fdd:gdfrForm>binary</fdd:gdfrForm>
		<fdd:gdfrConstraint>structured</fdd:gdfrConstraint>
		<fdd:gdfrDomains>
			<fdd:gdfrDomain>
				<fdd:value>gis</fdd:value>
			</fdd:gdfrDomain>
		</fdd:gdfrDomains>
		<fdd:updates>
			<fdd:date>2020-06-11</fdd:date>
		</fdd:updates>
		<fdd:draftStatus>Full</fdd:draftStatus>
	</fdd:properties>
	<fdd:identificationAndDescription>
		<fdd:fullName>GeoPackage Encoding Standard (OGC), version 1.0</fdd:fullName>
		<fdd:keywords>
			<fdd:keyword>vector graphic formats</fdd:keyword>
			<fdd:keyword>raster image formats</fdd:keyword>
			<fdd:keyword>georeferenced image formats</fdd:keyword>
			<fdd:keyword>geospatial data formats</fdd:keyword>
		</fdd:keywords>
		<fdd:description>
			<p>GeoPackage 1.0 was the first release of the GeoPackage Encoding Standard from the Open Geospatial Consortium, published in 2014.  Specifications in the family of GeoPackage formats (see <fddLink id="fdd000520">GeoPackage_family</fddLink>) specify GeoPackages for exchange and GeoPackage SQLite Extensions that permit direct use, without
intermediate format translations, of vector geospatial features and/or tile matrix sets of earth images and raster maps at various
scales. GeoPackages are designed to be interoperable across enterprise and personal computing environments and
usable on mobile devices with
limited connectivity and bandwidth.  An important use case for designing GeoPackage 1.0 was for use on mobile devices.</p>
			<p>A GeoPackage is a platform-independent SQLite database file that contains data and
metadata tables with names and structures as defined in the standard, having specified definitions, integrity assertions, format limitations
and content constraints.  A useful diagram of the tables defined is Figure 1 in the Introduction (page viii).  A more detailed <a href="http://www.geopackage.org/spec101/index.html#_geopackage_tables_detailed_diagram">diagram</a> is in Appendix B, clause B.11, as Figure 4.  Version 1.0 of the GeoPackage standard is based on <fddLink id="fdd000461">version 3 of the SQLite file format</fddLink>.  This format is a binary format and uses b-trees to store table data.  B-trees support rapid access to data within tables, and are a basic technique used for organizing data for sorting and searching.  The SQLite database file format specification cites the particular b-tree algorithms used.  The algorithms are described in Donald Knuth&apos;s <i>The Art of Computer Programming</i> [<a href="http://lccn.loc.gov/97002147">LCCN: 97002147</a>], Volume 3, pages 471-479.</p>
			<p>A GeoPackage has two required tables:</p>
			<ul>
				<li>The <i>gpkg_spatial_ref_sys</i> table documents coordinate reference systems used for data in the package.  It must include a record for <a href="https://en.wikipedia.org/wiki/World_Geodetic_System">WGS-84</a>.</li>
				<li>The <i>gpkg_contents</i> table provides identifying and descriptive information for the tables containing data. It acts as a directory of the primary content in the file.</li>
			</ul>
			<p>A GeoPackage may incorporate data for vector features and/or for tiled raster images.</p>
			<ul>
				<li>Vector feature data: A GeoPackage with vector feature data has a
<i>gpkg_geometry_columns</i> table that identifies the geometry columns in feature tables, which contain user
data representing features.  Geometries supported include, points, curves, lines, polygons, etc.  See GIS <a href="#factors">functionality factors</a> for a complete list.  Feature attributes are
columns in a feature table. Features are rows in a feature table.</li>
				<li>Raster image data: A GeoPackage can store multiple raster and tile pyramid data sets. In a standard GeoPackage, tiles may be in <fddLink id="fdd000018">JPEG</fddLink> or <fddLink id="fdd000153">PNG</fddLink> encoding.</li>
			</ul>
			<p>An SQLite database that use constructs from the GeoPackage specification but also contains additional data elements (tables or columns)
or SQL constructs (data types, functions, indexes, constraints or triggers) that are not specified in the
GeoPackage Encoding Standard, is referred to as an Extended GeoPackage.  Version 1.0 of the Geopackage Encoding Standard defines mechanisms for extension and documents a few registered extensions, including the use of <a href="https://en.wikipedia.org/wiki/WebP">WebP</a> for image tiles.</p>
		</fdd:description>
		<fdd:shortDescription>Non-proprietary package format from the Open Geospatial Consortium for geospatial data that can contain vector feature data and/or tiled raster image sets in a platform-independent SQLite database file.  Designed to be interoperable across enterprise and personal computing environments and usable on mobile devices.</fdd:shortDescription>
		<fdd:productionPhase>Primarily a middle-state format for a package of tiled raster images and/or vector features that can be transmitted between applications.</fdd:productionPhase>
		<fdd:relationships>
			<fdd:relationship>
				<fdd:typeOfRelationship>Subtype of</fdd:typeOfRelationship>
				<fdd:relatedTo>
					<fdd:id>fdd000520</fdd:id>
					<fdd:shortName>GeoPackage_family</fdd:shortName>
					<fdd:titleName>GeoPackage Encoding Standard (OGC) Format Family</fdd:titleName>
				</fdd:relatedTo>
			</fdd:relationship>
			<fdd:relationship>
				<fdd:typeOfRelationship>Subtype of</fdd:typeOfRelationship>
				<fdd:relatedTo>
					<fdd:id>fdd000461</fdd:id>
					<fdd:shortName>SQLite_3</fdd:shortName>
					<fdd:titleName>SQLite, Version 3</fdd:titleName>
				</fdd:relatedTo>
			</fdd:relationship>
		</fdd:relationships>
	</fdd:identificationAndDescription>
	<fdd:localUse>
		<fdd:experience>None</fdd:experience>
	</fdd:localUse>
	<fdd:sustainabilityFactors>
		<fdd:disclosure>Open standard documented in freely available specifications.  Developed and maintained by the Open Geospatial Consortium (OGC).  GeoPackage versions 1.0 and 1.0.1, as described here, are now deprecated by OGC.</fdd:disclosure>
		<fdd:documentation>
			<p>The GeoPackage specifications can be downloaded from <a href="http://www.opengeospatial.org/standards/geopackage">OGC: GeoPackage Encoding Standard</a>. The original version, with corrigendum, can be consulted online at <a href="http://www.geopackage.org/spec101/index.html">http://www.geopackage.org/spec101/index.html</a> as OGC GeoPackage Encoding Standard with corrigendum.</p>
		</fdd:documentation>
		<fdd:adoption>
			<p>For adoption of the GeoPackage format in general, see <fddLink id="fdd000520">GeoPackage_family</fddLink>.</p>
			<p>Version 1.0 of the GeoPackage standard was published in February 2014, with a corrigendum added in April 2015.  The format was rapidly adopted in whole or in part by several GIS software tools, as listed below.  Version 1.1 was published on the OGC website in September or October 2016.  At the same time, the version described here was <a href="https://web.archive.org/web/20161007210536/http://www.opengeospatial.org/standards/geopackage">marked as deprecated on the OGC website</a>.  For recent information on support for GeoPackage in software, see <a href="http://www.geopackage.org/implementations.html">GeoPackage Implementations</a> and for providers distributing data in GeoPackage format, see  <a href="http://www.geopackage.org/data.html">GeoPackage Data</a>.</p>
			<p>Listed here are some of the software tools that supported version 1.0 early:</p>
			<ul>
				<li>GDAL, a driver library used by other GIS products, introduced support for feature data in geopackages in its version 1.11 (first available in a development version in February 2014). Raster support was added to the development version of GDAL 2.0 in December 2014.</li>
				<li>SAFE software&apos;s FME 2015.0 <a href="https://www.safe.com/blog/2015/01/whats-great-fme-2015/#new-formats">introduced a Reader/Writer for GeoPackage</a>.</li>
				<li>Support for GeoPackage was in LuciadLightspeed, LuciadMobile, LuciadFusion and a free GeoPackage viewer for Android from <a href="https://www.hexagongeospatial.com/products/luciad-portfolio">Luciad</a> (now part of <a href="https://www.hexagongeospatial.com/products/luciad-portfolio">Hexagon Geospatial</a>).  Luciad also provided a small C-library <a href="https://bitbucket.org/luciad/libgpkg/wiki/Home">libgpkg</a> as an open-source library for reading and writing GeoPackage compliant SQLite files.</li>
				<li>ESRI ArcGIS <a href="https://www.esri.com/arcgis-blog/products/arcgis-desktop/analytics/support-for-ogc-geopackage-specification-in-arcgis/?rmedium=blogs_esri_com&amp;rsource=/esri/arcgis/2014/04/14/support-for-ogc-geopackages-in-arcgis/">introduced support for the standard GeoPackage vector features in version 10.2.2 (after support for the draft specification in 10.2.1).  Full support was expected in version 10.3.</a>
				</li>
				<li>
					<a href="https://www.envitia.com/technologies/products/maplink-pro/">MapLink Pro</a> 8.0 from Envitia</li>
				<li>
					<a href="https://www.gaia-gis.it/fossil/libspatialite/wiki?name=4.2.0+functions#8">SpatiaLite</a>
				</li>
				<li>
					<a href="http://docs.geotools.org/latest/userguide/geotools.html">GeoTools</a> began developing support for GeoPackage in late 2013 and improved it in releases in 2014 and early 2015.</li>
				<li>
					<a href="https://docs.geoserver.org/latest/en/user/community/geopkg/index.html">GeoServer</a> has GeoPackage support.</li>
			</ul>
			<p>In late 2014, TerraGo <a href="http://info.terragotech.com/webmail/32952/114123835/038233ed870e79f32394a06371d13dd4">announced</a> its OpenGeoPDF initiative, which includes as a first phase, support in TerraGo Publisher 6.6 for embedding feature data used in a GeoPDF file using a GeoPackage attachment rather than Adobe&apos;s object data mechanism.  TerraGo Toolbar 6.6&apos;s Identify tool can display the feature attributes.  The GeoPackage file can be extracted and saved as a separate file.</p>
			<p>The compilers of this resource are not aware of adoption of GeoPackage 1.0 for distributing map products or in map delivery services.  <a href="../contact_format.shtml">Comments welcome</a>.</p>
			<p>In June 2020, the <a href="https://www.records.nsw.gov.au/recordkeeping/sustainable-file-formats">New South Wales State Archives</a> lists GeoPackage 1.0 in its list of sustainable formats.</p>
		</fdd:adoption>
		<fdd:licensingAndPatents>No apparent concerns.  SQLite, on which GeoPackage is built is a relational database software package for which source code and documentation is in the public domain.  The OGC GeoPackage Encoding Standard document is made available on a royalty free,
non-discriminatory basis.  The document includes a boilerplate call for OGC to be notified of any patents that implementations of the specification might infringe.</fdd:licensingAndPatents>
		<fdd:transparency>One intent of the GeoPackage format is to have a compact representation appropriate to use for applications on mobile devices.  Compact, binary representations of information are inherently less easy for human readers.  The .gpkg file is in the <a href="https://www.sqlite.org/fileformat.html">SQLite database file format</a>.  Open source software is available for viewing and manipulating SQLite files, for example, <a href="https://sqlitebrowser.org/">DB Browser for SQLite</a>.</fdd:transparency>
		<fdd:selfDocumentation>
			<p>The format defines an optional table
<i>gpkg_data_columns</i>

to hold descriptions of the data field in a specified column, including: short name, title, description, and a link to descriptions of constraints (min/max, etc.) stored in a supplementary table, <i>gpkg_data_column_constraints</i>.</p>
			<p>The format also defines an optional <i>gpkg_metadata</i> table may contain
metadata in encodings for which MIME types exist (with a default of <i>text/xml</i>) based on any authoritative metadata
specification, such as ISO 19115, ISO 19115-2, ISO 19139, Dublin Core, CSDGM, DDMS, NMF/NMIS, etc. The GeoPackage interpretation of what constitutes <i>metadata</i> is broad. It also includes UML models encoded in XMI, GML Application Schemas, ISO 19110 feature catalogues, OWL and SKOS taxonomies, etc.  A GeoPackage that contains a <i>gpkg_metadata</i> table is required to have a <i>gpkg_metadata_reference</i> table to
associate metadata in the <i>gpkg_metadata</i> table with data in the feature, and tiles tables.  The two tables are intended to provide the
support necessary to implement the hierarchical metadata model defined in ISO 19115.  Metadata values can be associated with the entire geopackage or to a table, column, row, or table cell (row/col).</p>
		</fdd:selfDocumentation>
		<fdd:externalDependencies>None beyond software to unpack the data structures.</fdd:externalDependencies>
		<fdd:techProtection>The SQLite application does have an extension that supports encryption.  However, the GeoPackage 1.0 specification does not provide for any encryption within the package.</fdd:techProtection>
	</fdd:sustainabilityFactors>
	<fdd:qualityAndFunctionalityFactors>
		<fdd:stillImageQF>
			<fdd:normalImage>Raster image tiles can be in <fddLink id="fdd000149">JPEG_DCT_BL</fddLink> or <fddLink id="fdd000153">PNG</fddLink> encodings in the standard GeoPackage.</fdd:normalImage>
			<fdd:clarity>Limited to 8-bits per channel.</fdd:clarity>
			<fdd:colorMaint>See <fddLink id="fdd000149">JPEG_DCT_BL</fddLink> or <fddLink id="fdd000153">PNG</fddLink>.</fdd:colorMaint>
			<fdd:graphics>No support for vector graphics in raster tiles. Vector graphics and other features are supported through feature tables.  See Dataset and GIS factors below.</fdd:graphics>
			<fdd:multispectral>No support within a single raster image layer.</fdd:multispectral>
		</fdd:stillImageQF>
		<fdd:datasetQF>
			<fdd:normalDataset>
				<p>Data types from SQLite supported are: boolean, tinyint (8 bits), smallint (16 bits), mediumint (32 bits), int/integer (64 bits), float (32 bits), double/real (64 bits), text (UTF-8 or UTF16), blob, date (<i>YYYY-MM-DD</i>, stored as text), datetime (<i>YYYY-MM-DD</i>T<i>HH:MM:SSS</i>Z stored as text).  Also defined is a type for representing a geometry type, typically selected from a set defined in the standard but optionally user-defined.  The blob datatype appears to be usable in limited circumstances, either using a structure fully defined in the standard, or associated with a MIME type.</p>
			</fdd:normalDataset>
			<fdd:accessSoftware>
				<p>A package compliant with version 1.0 of the encoding standard is intended to provide SQL access to its
contents via SQLite version 3 software APIs.</p>
			</fdd:accessSoftware>
			<fdd:dataDocumentation>
				<p>The format allows embedding of rich metadata of all types.  See Self-documentation in <a href="#sustainability">Sustainability Factors</a> above.</p>
			</fdd:dataDocumentation>
		</fdd:datasetQF>
		<fdd:gisQF>
			<fdd:normalGIS>
				<p>Each table for features or tiles must have an associated spatial reference system. If the <i>srs_id</i> column value references a geographic coordinate reference
system (CRS), then the min/max x/y values are in decimal degrees; otherwise, the srs_id
references a projected CRS and the min/max x/y values are in the units specified by that CRS.  The <i>gpkg_spatial_ref_sys</i> table in a GeoPackage is required to include a record for WGS-84.</p>
				<p>Geometry types supported in a GeoPackage include: Point,Curve, LineString, Surface, CurvePolygon, Polygon, GeometryCollection, MultiSurface, MultiPolygon, MultiCurve, MultiLineString, MultiPoint.</p>
			</fdd:normalGIS>
			<fdd:metadataGIS>
				<p>The format allows embedding of rich metadata of all types.  See Self-documentation in <a href="#sustainability">Sustainability Factors</a> above.</p>
			</fdd:metadataGIS>
		</fdd:gisQF>
	</fdd:qualityAndFunctionalityFactors>
	<fdd:fileTypeSignifiers>
		<fdd:signifiersGroup>
			<fdd:filenameExtension>
				<fdd:sigValues>
					<fdd:sigValue>gpkg</fdd:sigValue>
				</fdd:sigValues>
				<fdd:note>Defined in the standard.</fdd:note>
			</fdd:filenameExtension>
			<fdd:internetMediaType>
				<fdd:sigValueNA>See note.</fdd:sigValueNA>
				<fdd:note>No internet media type was registered for this version of the GeoPackage format.</fdd:note>
			</fdd:internetMediaType>
			<fdd:magicNumbers>
				<fdd:sigValues>
					<fdd:sigValue>Hex:  53 51 4c 69 74 65 20 66 6f 72 6d 61 74 20 33 00</fdd:sigValue>
					<fdd:sigValue>ASCII:  SQLite format 3</fdd:sigValue>
				</fdd:sigValues>
				<fdd:note>In first 16 bytes of the file. Defined in the standard.</fdd:note>
			</fdd:magicNumbers>
			<fdd:other>
				<fdd:tag>Indicator for profile, level, version, etc.</fdd:tag>
				<fdd:values>
					<fdd:sigValues>
						<fdd:sigValue>Octal:  47 50 31 30</fdd:sigValue>
						<fdd:sigValue>ASCII:  GP10</fdd:sigValue>
					</fdd:sigValues>
					<fdd:note>In the application
id field (byte offset 68) of the SQLite database header.  Indicates version 1.0 of GeoPackage.  Defined in standard and <a href="https://www.sqlite.org/src/artifact?ci=trunk&amp;filename=magic.txt">SQLite magic.txt file</a>.</fdd:note>
				</fdd:values>
			</fdd:other>
			<fdd:other>
				<fdd:tag>Pronom PUID</fdd:tag>
				<fdd:values>
					<fdd:sigValueNA>See note.</fdd:sigValueNA>
					<fdd:note>No corresponding match as of June 2020.</fdd:note>
				</fdd:values>
			</fdd:other>
			<fdd:other>
				<fdd:tag>Wikidata Title ID</fdd:tag>
				<fdd:values>
					<fdd:sigValueNA>See note.</fdd:sigValueNA>
					<fdd:note>No corresponding match as of June 2020.</fdd:note>
				</fdd:values>
			</fdd:other>
		</fdd:signifiersGroup>
	</fdd:fileTypeSignifiers>
	<fdd:notes>
		<fdd:general>
			<p>The GeoPackage 1.0 standard requires that a Geopackage satisfy two integrity checks that are optional for SQLite database files in general, but supported by SQLite PRAGMA software. The SQLite PRAGMA integrity_check SQL command must return <i>ok</i> for a
GeoPackage.  The SQLite PRAGMA foreign_key_check SQL with no parameter value must
return an empty result set indicating no invalid foreign key values.</p>
			<p>The standard defines a StandardGeoPackageBinary subformat used to record feature table geometries with or without optional
elevation (Z) and/or measure (M) values in SQL blobs.  This subformat is based on Well-Known Binary as defined in ISO/IEC 13249-3:2011 [<a href="https://www.iso.org/standard/53698.html">Information Technology -- Database languages -- SQL multimedia and application packages -- Part 3: Spatial</a>] clause 5.1.46, with the addition of an explicit encoding for an empty point set, which is not defined in ISO 13249-3.</p>
			<p>Extensions documented in the specification include additional
geometry types, additional SQL geometry functions, and WebP as an additional tile image format.</p>
		</fdd:general>
		<fdd:history>
			<p>Some history and influences on the format development are described by Even Rouault (a GDAL developer) in a <a href="http://erouault.blogspot.com/2014/12/gdal-geopackage-raster-support.html">blog post</a>.</p>
			<p>Version 1.0 of the OGC GeoPackage Encoding Standard was approved on January 19, 2014 and published on February 12, 2014.  A corrigendum was published in April 2015.  By October 2016, version 1.1 had been published on the OGC website and versions 1.0 and 1.0.1 had been marked as deprecated.</p>
			<p>For later history of GeoPackage format see <fddLink id="fdd000520">GeoPackage_family</fddLink>.</p>
		</fdd:history>
	</fdd:notes>
	<fdd:formatSpecifications>
		<fdd:urls>
			<fdd:url>
				<fdd:urlReference>
					<link>https://portal.opengeospatial.org/files/?artifact_id=56357&amp;version=1</link>
					<tag>OGC® GeoPackage Encoding Standard 1.0 (12-128r1) with corrigendum</tag>
					<comment>Official specification as PDF </comment>
				</fdd:urlReference>
			</fdd:url>
			<fdd:url>
				<fdd:urlReference>
					<link> http://www.opengis.net/doc/IS/geopackage/1.0</link>
					<tag>Alternative URL for OGC® GeoPackage Encoding Standard 1.0</tag>
					<comment>&quot;External&quot; reference to the specification document.</comment>
				</fdd:urlReference>
			</fdd:url>
			<fdd:url>
				<fdd:urlReference>
					<link>http://www.opengeospatial.org/standards/geopackage</link>
					<tag>OGC: GeoPackage Encoding Standard</tag>
					<comment>Introductory page that provides access to the specification and related documents.</comment>
				</fdd:urlReference>
			</fdd:url>
			<fdd:url>
				<fdd:urlReference>
					<link>http://www.geopackage.org/spec101/index.html</link>
					<tag>OGC® GeoPackage Encoding Standard (version 1.0 with corrigendum)</tag>
					<comment>Link-rich online version of specification.</comment>
				</fdd:urlReference>
			</fdd:url>
			<fdd:url>
				<fdd:urlReference>
					<link>https://www.iso.org/standard/53698.html</link>
					<tag>ISO/IEC 13249-3:2011, Information technology -- Database languages -- SQL multimedia and application packages -- Part 3: Spatial</tag>
					<comment>GeoPackage specification depends heavily on this ISO standard</comment>
				</fdd:urlReference>
			</fdd:url>
			<fdd:url>
				<fdd:urlReference>
					<link>http://jtc1sc32.org/doc/N2251-2300/32N2279-text_for_ballot-CD_13249-3.pdf</link>
					<tag>Draft text for ISO/IEC 13249-3:2011</tag>
				</fdd:urlReference>
			</fdd:url>
		</fdd:urls>
	</fdd:formatSpecifications>
	<fdd:usefulReferences>
		<fdd:urls>
			<fdd:url>
				<fdd:urlReference>
					<link>http://www.geopackage.org/</link>
					<tag>GeoPackage website</tag>
					<comment>Includes list of implementations.</comment>
				</fdd:urlReference>
			</fdd:url>
			<fdd:url>
				<fdd:urlReference>
					<link>http://www.fit.vutbr.cz/~rychly/public/docs/slides-iso-iec-13249/slides-iso-iec-13249.print.pdf</link>
					<tag>Slideshow on SQL multimedia and application packages: 
ISO/IEC 13249 SQL/MM</tag>
					<comment>By Marek Rychlý.  3rd April 2014.  Illustrates geometry types.</comment>
				</fdd:urlReference>
			</fdd:url>
			<fdd:url>
				<fdd:urlReference>
					<link>https://web.archive.org/web/20180315111013/http://www.ogcnetwork.net:80/geopackage</link>
					<tag>Geopackage page on OGC Network site (dated January 16, 2013). Link via Internet Archive.</tag>
				</fdd:urlReference>
			</fdd:url>
			<fdd:url>
				<fdd:urlGroup>
					<fdd:intro>Captures of OGC web page for GeoPackage standard relating to publication of GeoPackage 1.1 and deprecation of GeoPackage 1.0.</fdd:intro>
					<fdd:urlList>
						<fdd:urlReference>
							<link>https://web.archive.org/web/20160913223143/http://www.opengeospatial.org:80/standards/geopackage</link>
							<tag>Last capture of OGC page for GeoPackage standard before publication on OGC website of GeoPackage 1.1 and deprecation of GeoPackage 1.0 (archived by Internet Archive on September 13, 2016)</tag>
						</fdd:urlReference>
						<fdd:urlReference>
							<link>https://web.archive.org/web/20161007210536/http://www.opengeospatial.org/standards/geopackage</link>
							<tag>First capture of OGC page for GeoPackage standard after publication of GeoPackage 1.1 and deprecation of GeoPackage 1.0 (archived by Internet Archive on October 7, 2016)</tag>
						</fdd:urlReference>
					</fdd:urlList>
				</fdd:urlGroup>
			</fdd:url>
			<fdd:url>
				<fdd:urlReference>
					<link>https://web.archive.org/web/20190911071045/http://openjump.blogspot.com/2014/02/openjump-plus-reads-ogc-geopackages.html</link>
					<tag>OpenJUMP PLUS reads OGC GeoPackages (2014)</tag>
					<comment>Blog post from February 2014 (link via Internet Archive).  Indicates that GDAL has support for vector data in GeoPackage, starting in version 1.11.  It was in development versions in February 2014.</comment>
				</fdd:urlReference>
			</fdd:url>
			<fdd:url>
				<fdd:urlReference>
					<link>http://erouault.blogspot.com/2014/12/gdal-geopackage-raster-support.html</link>
					<tag>GDAL GeoPackage raster support</tag>
					<comment>Post by Even Rouault, December 15, 2014</comment>
				</fdd:urlReference>
			</fdd:url>
			<fdd:url>
				<fdd:urlReference>
					<link>https://github.com/luciad/libgpkg</link>
					<tag>Luciad&apos;s libgpkg github repository</tag>
				</fdd:urlReference>
			</fdd:url>
			<fdd:url>
				<fdd:urlReference>
					<link>https://gdal.org/drivers/vector/gpkg.html</link>
					<tag>GDAL:  GeoPackage vector driver</tag>
				</fdd:urlReference>
			</fdd:url>
			<fdd:url>
				<fdd:urlReference>
					<link>https://gdal.org/drivers/raster/gpkg.html</link>
					<tag>GDAL:  GeoPackage raster driver</tag>
				</fdd:urlReference>
			</fdd:url>
			<fdd:url>
				<fdd:urlGroup>
					<fdd:intro>ESRI Blog posts on support in ESRI products</fdd:intro>
					<fdd:urlList>
						<fdd:urlReference>
							<link>https://www.esri.com/arcgis-blog/products/arcgis-desktop/analytics/support-for-ogc-geopackage-specification-in-arcgis/?rmedium=blogs_esri_com&amp;rsource=/esri/arcgis/2014/04/14/support-for-ogc-geopackages-in-arcgis/</link>
							<tag>Support for OGC GeoPackage specification in ArcGIS. (April 14, 2014)</tag>
						</fdd:urlReference>
						<fdd:urlReference>
							<link>https://www.esri.com/arcgis-blog/products/arcgis-desktop/analytics/support-for-ogc-geopackage-specification-in-arcgis/</link>
							<tag>Support for OGC GeoPackage specification in ArcGIS</tag>
						</fdd:urlReference>
					</fdd:urlList>
				</fdd:urlGroup>
			</fdd:url>
			<fdd:url>
				<fdd:urlReference>
					<link>http://lists.opengeospatial.org/pipermail/geopackage/</link>
					<tag>Geopackage Listserv Archives</tag>
				</fdd:urlReference>
			</fdd:url>
			<fdd:url>
				<fdd:urlGroup>
					<fdd:intro>Resources about the announcement of the use of GeoPackage in TerraGo&apos;s GeoPDF files.  At this point, TerraGo used the term &quot;OpenGeoPDF.&quot;</fdd:intro>
					<fdd:urlList>
						<fdd:urlReference>
							<link>http://lists.opengeospatial.org/pipermail/geopackage/2014-November/000083.html</link>
							<tag>[Geopackage] &quot;OpenGeoPDF&quot; linkage to geopackage?</tag>
							<comment>Thread on listserv from November 2014</comment>
						</fdd:urlReference>
						<fdd:urlReference>
							<link>https://www10.giscafe.com/blogs/gissusan/2014/11/25/terrago-releases-opengeopdf-technology/</link>
							<tag>TerraGo releases OpenGeoPDF technology.  Nov 25, 2014</tag>
							<comment>Post by Susan Smith at GISCafe</comment>
						</fdd:urlReference>
						<fdd:urlReference>
							<link>http://info.terragotech.com/webmail/32952/114123835/038233ed870e79f32394a06371d13dd4</link>
							<tag>OpenGeoPDF: The company that invented GeoPDF just reinvented it….. | announcement of webinar on the use of GeoPackage</tag>
						</fdd:urlReference>
					</fdd:urlList>
				</fdd:urlGroup>
			</fdd:url>
			<fdd:url>
				<fdd:urlReference>
					<link>https://www.sqlite.org/fileformat.html</link>
					<tag>The SQLite Database File Format</tag>
				</fdd:urlReference>
			</fdd:url>
			<fdd:url>
				<fdd:urlReference>
					<link>https://www.sqlite.org/src/artifact?ci=trunk&amp;filename=magic.txt</link>
					<tag>SQLite magic.txt file</tag>
					<comment>Lists registered values for SQLite application ID, including &quot;gp10&quot; for GeoPackage 1.0.</comment>
				</fdd:urlReference>
			</fdd:url>
			<fdd:url>
				<fdd:urlReference>
					<link>https://sqlite.org/copyright.html</link>
					<tag>SQLite Copyright</tag>
				</fdd:urlReference>
			</fdd:url>
		</fdd:urls>
	</fdd:usefulReferences>
</fdd:FDD>
