<?xml version="1.0" encoding="UTF-8"?>
<?altova_sps C:\Users\mnap\edit_2013\fddCreation_20161111.sps?>
<fdd:FDD id="fdd000536" titleName="JPEG XL Image Encoding" shortName="JPEG_XL" xmlns:xsi="http://www.w3.org/2001/XMLSchema-instance" xmlns:fdd=".\fdd.xsd" xsi:schemaLocation=".\fdd.xsd fdd.xsd">
	<fdd:properties>
		<fdd:gdfrGenreSelection>
			<fdd:gdfrGenre>still-image</fdd:gdfrGenre>
		</fdd:gdfrGenreSelection>
		<fdd:formatCategories>
			<fdd:category>encoding</fdd:category>
		</fdd:formatCategories>
		<fdd:gdfrComposition>unitary</fdd:gdfrComposition>
		<fdd:gdfrForm>binary</fdd:gdfrForm>
		<fdd:gdfrBasis>sampled</fdd:gdfrBasis>
		<fdd:updates>
			<fdd:date>2021-11-03</fdd:date>
		</fdd:updates>
		<fdd:draftStatus>Preliminary</fdd:draftStatus>
	</fdd:properties>
	<fdd:identificationAndDescription>
		<fdd:fullName>JPEG XL Image Encoding [From ISO/IEC FDIS 18181-1 Information technology — JPEG XL Image Coding System — Part 1: Core coding system]</fdd:fullName>
		<fdd:keywords>
			<fdd:keyword>JPEG</fdd:keyword>
			<fdd:keyword>raster image formats</fdd:keyword>
		</fdd:keywords>
		<fdd:description>
			<p>JPEG XL is a standard for a compression codec for raster graphic images designed to support lossy and lossless compression, particularly for display on the web and the needs for the web environment on a multitude of devices. JPEG XL is being developed to outperform other popular web image formats such as <fddLink id="fdd000153">PNG</fddLink>, <fddLink id="fdd000143">JPEG 2000</fddLink>, <fddLink id="fdd000133">GIF</fddLink>, and WebP with higher quality images and improved compression ratios. The codec improves on previous JPEG codecs and file formats, particularly as existing JPEG files can be losslessly encoded as JPEG XL files and restored to the initial JPEG file, ensuring backwards compatibility. The "jbrd" box, the JPEG Bitstream Reconstruction Data, contains the information needed to reconstruct the bit-identical file. The JPEG XL bitstream reconstruction data uses the image data along with any other metadata present, such as Exif, XMP, or JUMBF, to reconstruct the original JPEG file. This inherent compatibility allows for an efficient transition from JPEG formats to JPEG XL without the need to store two files.</p>
			<p>The <a href="https://jpeg.org/jpegxl/index.html">Overview of JPEG XL</a> highlights three primary criteria:</p>
			<ul>
				<li>High fidelity to source image. JPEG XL was designed with high-fidelity image encoding capabilities. The JPEG XL encoder can automatically perform high-fidelity encoding, and compresses images as much as possible with no visible differences. The JPEG XL reference encoder is configured based on a perceptual fidelity target rather than technical parameters like traditional image encoders. See Cloudinary's <a href="https://cloudinary.com/blog/what_to_focus_on_in_image_compression_fidelity_or_appeal">blog post</a> on image compression and fidelity.</li>
				<li>Encoding and decoding speed. Testing has shown that JPEG XL with 4 threads outperformed both <a href="https://en.wikipedia.org/wiki/Libjpeg">libjpeg</a> and libjpeg-turbo, two JPEG codec implementations. Additional testing showed that the default JPEG XL speed, "squirrel" is 3 times as fast as HEVC-x265, while the JPEG XL "cheetah" speed is 13 times as fast. The JPEG XL decoder is 9 times faster than FFmpeg. Published results and experiment descriptions can be found in <a href="https://research.google/pubs/pub50095/">Benchmarking JPEG XL image compression</a> paper from the Multimedia Signal Processing Group. The JPEG XL codec has an encoding speed of 50 MP/s and decoding speeds of 132 MP/s. The responsiveness functionality of JPEG XL codec allows for the support of <a href="https://cloudinary.com/blog/progressive_jpegs_and_green_martians">progressively decode images</a> which other formats based on video codecs, such as WebP, HEIC, and AVIF, do not support.</li>
				<li>Compression ratios. The JPEG XL compression improves upon previous JPEG encodings. Studies and testing of compression, encoding, and decoding speeds JPEG XL developers highlight the vast improvement in encoding and decoding speeds. Testing concluded that JPEG XL and HEVC were indistinguishable from the original at bitrates near 1 but JPEG XL reached higher perceptual quality compared to other codecs when using objective quality metrics. According to the XL overview on <a href="https://gitlab.com/wg1/jpeg-xl/-/blob/main/doc/xl_overview.md">Gitlab</a>, lossless compression reduces JPEG XL files to &quot;60-75%&quot; of PNG files and smaller than WebP files for photos.</li>
			</ul>
			<p>Some of the key features for the JPEG XL codec as described by <a href="http://ds.jpeg.org/whitepapers/jpeg-xl-whitepaper.pdf">the JPEG group’s white paper</a> are:</p>
			<ul>
				<li>improved functionality and efficiency compared to traditional image formats (e.g. JPEG, GIF and PNG)</li>
				<li>progressive decoding (by resolution and precision)</li>
				<li>lossless JPEG transcoding</li>
				<li>support for both photographic and synthetic imagery</li>
				<li>graceful quality degradation across a large range of bitrates</li>
				<li>perceptually optimized reference encoder</li>
				<li>support for wide color gamut and high dynamic range (HDR)</li>
				<li>support for animated content</li>
				<li>efficient encoding and decoding without requiring specialized hardware</li>
			</ul>
			<p>The JPEG XL codec utilizes a number of coding tools. See the JPEG XL white paper for descriptions of all coding tools.</p>
			<p>The codestream contains one or more frames which can be looped (infinitely or number of times) in the case of animated images. Zero-duration frames are also possible and represent different image layers. By default, the decoder will blend and coalesce frames, producing only a single output frame where all multiple zero-duration frames and all output frames are of the same size (the size of the image canvas). All output frames can have either no duration or non-zero duration. Each frame contains pixel data in one of two modes:</p>
			<ul>
				<li>VarDCT mode, where variable-sized DCT transforms are applied and the image data is encoded in the form of DCT coefficients. This mode is always lossy, but can also be used to losslessly represent an existing JPEG image. Find an example of the JPEG XL VarDCT block size selection <a href="https://www.youtube.com/watch?v=nfWJED1ZvQU">here</a>.</li>
				<li>The other mode used is modular mode, where only integer arithmetic is used, enabling lossless compression.</li>
			</ul>
			<p>Both modes can separately encode supplementary "image features" that are rendered on top of the decoded image. You can read more about those image features such as patches, splines, and noise, on JPEG XL's <a href="https://gitlab.com/wg1/jpeg-xl/-/blob/f88745497118727f861cb00887cadcb395d10f1c/doc/format_overview.md">GitLab</a>.</p>
			<p>One of the benefits to the JPEG XL codec and its improved compression ratios is the resulting impact on server storage. Figure 1. (on page 1) of the <a href="http://ds.jpeg.org/whitepapers/jpeg-xl-whitepaper.pdf">JPEG XL white paper</a> highlights a usage scenario of a JPEG image encoded as a JPEG XL and the decoding process to reduce server costs. Figure 3. of the white paper, as well as <a href="https://en.wikipedia.org/wiki/JPEG_XL#Technical_details">the Wikipedia entry for JPEG XL</a>, illustrates the architecture of the codec. An input image can be encoded as a compressed JPEG XL codestream in either lossy or lossless methods. See <a href="https://cloudinary.com/blog/how_jpeg_xl_compares_to_other_image_codecs">Cloudinary’s blog post about JPEG XL</a> which illustrates visual comparisons to other image files formats such as <fddLink id="fdd000017">JPEG</fddLink>, <fddLink id="fdd000526">HEIC</fddLink>, and WebP.</p>
			<p>The &quot;X&quot; of the JPEG XL file name is based in part on the JPEG group's naming convention for many of its new standards since 2000 including, JPEG XT, JPEG XR, and JPEG XS. The <a href="https://gitlab.gnome.org/GNOME/gimp/-/issues/4681">authors used the &quot;L&quot;</a> as an indication of the hopeful longevity of the file format as it will replace the legacy JPEG. <a href="https://www.loc.gov/preservation/digital/formats/contact_format.shtml">Comments welcome</a>.</p>
		</fdd:description>
		<fdd:shortDescription>JPEG XL is a compression codec that supports lossy and lossless compression and is designed particularly for web display improving on previous JPEG codecs. JPEG XL was designed to outperform other popular web image formats such as PNG, JPEG 2000, GIF, and WebP with higher quality images and improved compression ratios.</fdd:shortDescription>
		<fdd:productionPhase>Used most often for middle- and final-state archiving or end-user delivery.<a href="https://www.loc.gov/preservation/digital/formats/contact_format.shtml">Comments welcome</a>.</fdd:productionPhase>
		<fdd:relationships>
			<fdd:relationship>
				<fdd:typeOfRelationship>Used by</fdd:typeOfRelationship>
				<fdd:relatedTo>
					<fdd:id>fdd000538</fdd:id>
					<fdd:shortName>JXL</fdd:shortName>
					<fdd:titleName>JPEG XL File Format</fdd:titleName>
				</fdd:relatedTo>
			</fdd:relationship>
			<fdd:relationship>
				<fdd:typeOfRelationship>Subtype of</fdd:typeOfRelationship>
				<fdd:relatedTo>
					<fdd:id>fdd000079</fdd:id>
					<fdd:shortName>ISO_BMFF</fdd:shortName>
					<fdd:titleName>ISO Base Media File Format</fdd:titleName>
				</fdd:relatedTo>
			</fdd:relationship>
		</fdd:relationships>
	</fdd:identificationAndDescription>
	<fdd:localUse>
		<fdd:experience>The Library of Congress does not have any JXL files inventoried in its collections as of October 2021.</fdd:experience>
		<fdd:preference>Neither the JPEG XL encoding or JXL file formats is listed in the Library of Congress Recommended Formats Statement (RFS) for <a href="https://www.loc.gov/preservation/resources/rfs/stillimg.html">Still Image</a> in its collections.</fdd:preference>
	</fdd:localUse>
	<fdd:sustainabilityFactors>
		<fdd:disclosure>Fully disclosed. As of October 2021, this standard is in <a href="https://www.iso.org/standard/77977.html">FDIS status</a> and specified in the ISO/IEC FDIS 18181-2 Information technology — JPEG XL Image Coding System — Part 1: Core coding system.</fdd:disclosure>
		<fdd:documentation>
			<p>As of October 2021, this standard is in <a href="https://www.iso.org/standard/77977.html">FDIS status</a>. ISO/IEC FDIS 18181-2 documented format specifications are broken into four parts. As of October 2021, the format specifications were still under development. Parts 1 and 2 are scheduled to be released sometime in 2021, while parts 3 and 4 are scheduled to be released sometime in 2022.</p>
			<p>
				<a href="https://www.iso.org/standard/77977.html">Part 1</a> carries the running title Part 1: Core coding system. As stated on the <a href="https://jpeg.org/jpegxl/">JPEG group&apos;s own description of the standards</a>, Part 1: "Defines the JPEG XL codestream and decoder, which can be used for lossy encoding, lossless encoding, and lossless re-compression of existing JPEG images."</p>
			<p>
				<a href="https://www.iso.org/standard/80617.html">Part 2</a> carries the running title Part 2: File Format. Part 2, "specifies an extensible box-based file format which adds support for metadata (e.g. Exif and JUMBF) and legacy JPEG bistream reconstruction data."</p>
			<p>
				<a href="https://www.iso.org/standard/80618.html">Part 3</a> carries the running title: Conformance testing. As stated by the <a href="https://jpeg.org/jpegxl/">JPEG group</a>, this part, &quot;provides test material and procedures to validate proprietary solutions against the standard specification.&quot;</p>
			<p>
				<a href="https://www.iso.org/standard/80619.html">Part 4</a> carries the running title Part 4: Reference software. Part 4 &quot;provides a free and open source, royalty-free JPEG XL reference implementation.&quot;</p>
		</fdd:documentation>
		<fdd:adoption>
			<p>Adoption of JPEG XL appears limited at this time. Few active web browsers support JPEG XL file display with a currently monitored list found on <a href="https://github.com/libjxl/libjxl/blob/main/doc/software_support.md">Github</a>. This list includes various types of JPEG XL Software Support and its stated purpose is to, "point end-users to software that can read/write jxl and keep track of the adoption status of jxl."</p>
			<p>An unofficial list of image viewers and image libraries that can open and render jpeg xl files are:</p>
			<ul>
				<li>ImageMagick</li>
				<li>
					<a href="https://github.com/libvips/libvips">libvips</a>
				</li>
				<li>
					<a href="https://docs.enlightenment.org/api/imlib2/html/">Imlib2</a>
				</li>
				<li>
					<a href="https://github.com/alistair7/imlib2-jxl">lmlib2</a>
				</li>
				<li>ImageGlass</li>
				<li>GIMP (with associated plugin)</li>
				<li>XnView</li>
				<li>KolourPaint</li>
				<li>KPhotoAlbum</li>
				<li>VookiImageViewer</li>
				<li>For additional software, see <a href="https://docs.google.com/presentation/d/1LlmUR0Uoh4dgT3DjanLjhlXrk_5W2nJBDqDAMbhe8v8/edit#slide=id.gcefdb4f156_0_0">this JPEG XL overview slide deck</a>. Other image viewers and online tools can also be found on the JPEG XL <a href="https://github.com/libjxl/libjxl/blob/main/doc/software_support.md">Github</a>
				</li>
			</ul>
			<p>The <a href="http://ds.jpeg.org/documents/wg1n83043-REQ-JPEG_XL_Use_Cases_and_Requirements.pdf">JPEG Use Case and Requirements paper</a> details the need for an improved image coding standard which may shed light on how JPEG XL files will be used including:</p>
			<ul>
				<li>social media applications</li>
				<li>media web sites</li>
				<li>animated image applications</li>
				<li>AR (augmented reality) and VR (virtual reality)</li>
				<li>applications</li>
				<li>Mobile apps and games</li>
			</ul>
			<p>Sample JPEG XL files and conformance testing can be found <a href="https://github.com/libjxl/conformance">here</a>.</p>
			<p>
				<a href="https://www.loc.gov/preservation/digital/formats/contact_format.shtml">Comments welcome</a>.</p>
		</fdd:adoption>
		<fdd:licensingAndPatents>The reference implementation for JPEG XL is licensed under the <a href="https://en.wikipedia.org/wiki/Apache_License">Apache 2.0 license</a>, which is a free and open source software allowing users to modify and distribute the software without any concern for royalties.</fdd:licensingAndPatents>
		<fdd:transparency>Designed for sufficient encoding and decoding without the use of specialized hardware. Figure 3. in the <a href="http://ds.jpeg.org/whitepapers/jpeg-xl-whitepaper.pdf">JPEG XL whitepaper</a> provides an overview of the encoder architecture for JPEG XL files.</fdd:transparency>
		<fdd:selfDocumentation>
			<p>Per the <a href="http://ds.jpeg.org/whitepapers/jpeg-xl-whitepaper.pdf">JPEG group’s whitepaper</a>, "to enable compression to smaller file sizes, the jpeg xl codec reducing header and metadata overhead, including compression of colour profiles and Exif/XMP metadata.”</p>
			<p>Per Jon Sneyer's JPEG XL documentation on <a href="https://gitlab.com/wg1/jpeg-xl/-/blob/f88745497118727f861cb00887cadcb395d10f1c/doc/format_overview.md">GitLab</a>, there is a clear separation between metadata and image data. Whatever is needed to correctly display the image is considered to be image data including elements such as ICC profiles and Exif orientation. The developers goal is to reduce the ambiguity and potential for incorrect implementations by different applications. Remaining metadata, such as Exif or XMP, can be stored in the container format but has no impact on image rendering. Exif orientation, for example, is a field ignored by applications since the orientation defined in the codestream takes precedence. This metadata can be done without affecting the image display.</p>
		</fdd:selfDocumentation>
		<fdd:externalDependencies>None.
		</fdd:externalDependencies>
		<fdd:techProtection>None.
		</fdd:techProtection>
	</fdd:sustainabilityFactors>
	<fdd:qualityAndFunctionalityFactors>
		<fdd:stillImageQF>
			<fdd:normalImage>Good support.</fdd:normalImage>
			<fdd:clarity>Excellent support. Per the <a href="http://ds.jpeg.org/whitepapers/jpeg-xl-whitepaper.pdf">JPEG XL whitepaper</a>, &quot;JPEG XL is designed to meet the needs of image delivery on the web, as well as professional photography. It supports wide colour gamut as well as high dynamic range and high bit depth images.&quot;</fdd:clarity>
			<fdd:colorMaint>
				<p>Good support for wide color gamut is a touted main feature of the new encoding. One of the JPEG XL codec’s coding tools is the creation of the XYB color space, inspired by the human eye’s color perception. It uses a gamma of 3 for compute-efficient decoding. More information about the XYB color space can be found in <a href="http://ds.jpeg.org/whitepapers/jpeg-xl-whitepaper.pdf">the JPEG XL white paper</a> or <a href="https://www.spiedigitallibrary.org/conference-proceedings-of-spie/11137/2529237/JPEG-XL-next-generation-image-compression-architecture-and-coding-tools/10.1117/12.2529237.full#s3">the SPIE 2019 conference paper</a> on JPEG XL. The XYB color space was specifically designed for high-precision and perceptually modeled color which supports a high fidelity image encoding, one of the key features of JPEG XL. See <a href="https://cloudinary.com/blog/what_to_focus_on_in_image_compression_fidelity_or_appeal">this Cloudinary blog post</a> on image compression and fidelity.</p>
				<p>The <a href="https://gitlab.com/wg1/jpeg-xl/-/blob/f88745497118727f861cb00887cadcb395d10f1c/doc/format_overview.md">JPEG XL Software Gitlab</a> provides a summary of the color management codestream features of the JPEG XL encoding.</p>
				<p>JPEG XL images have a fully defined colorspaces with two options:</p>
				<ul>
					<li>Pixel data is in a specified (non-XYB) colorspace, and the decoder creates a pixel buffer in this colorspace along with an ICC profile that describes that colorspace.</li>
					<li>Pixel data is in the XYB colorspace. The decoder can produce a pixel buffer directly in a desired display space such as sRGB, Display-P3 or Rec.2100 PQ.</li>
				</ul>
				<p>Colorspaces can be signaled in two ways in the JPEG XL codec:</p>
				<ul>
					<li>CICP-style Enum value, which is a very compact representation that covers most or all of the common colorspaces. The decoder can convert XYB to any colorspace without requiring an external color management library.</li>
					<li>ICC profiles, ICC profiles can be used including CMYK ones. External color management software has to be used for color conversions as the ICC profile data gets compressed.</li>
				</ul>
			</fdd:colorMaint>
			<fdd:graphics>No support for vector graphics.</fdd:graphics>
			<fdd:multispectral>None.</fdd:multispectral>
			<fdd:beyondImage>The JPEG XL file format will support features such as animation, 360 degree images, and image bursts. See <a href="http://ds.jpeg.org/whitepapers/jpeg-xl-whitepaper.pdf">the JPEG XL white paper</a>. <a href="../contact_format.shtml">Comments welcome</a>.</fdd:beyondImage>
		</fdd:stillImageQF>
	</fdd:qualityAndFunctionalityFactors>
	<fdd:fileTypeSignifiers>
		<fdd:signifiersGroup>
			<fdd:filenameExtension>
				<fdd:sigValues>
					<fdd:sigValue>Not applicable.</fdd:sigValue>
				</fdd:sigValues>
				<fdd:note>This description is for the JPEG XL codestream encoding. See related file format <fddLink id="fdd000538">JXL</fddLink> for file type signifiers.</fdd:note>
			</fdd:filenameExtension>
			<fdd:internetMediaType>
				<fdd:sigValues>
					<fdd:sigValue>image/jxl</fdd:sigValue>
				</fdd:sigValues>
				<fdd:note>See provisional media type registry from <a href="https://www.iana.org/assignments/provisional-standard-media-types/provisional-standard-media-types.xhtml">IANA</a>. Also see the <a href="https://www.nationalarchives.gov.uk/pronom/fmt/1484">PRONOM PUID</a>.</fdd:note>
			</fdd:internetMediaType>
			<fdd:other>
				<fdd:tag>Pronom PUID</fdd:tag>
				<fdd:values>
					<fdd:sigValues>
						<fdd:sigValue>fmt/1484</fdd:sigValue>
					</fdd:sigValues>
					<fdd:note>See <a href="https://www.nationalarchives.gov.uk/pronom/fmt/1484">https://www.nationalarchives.gov.uk/pronom/fmt/1484</a>.</fdd:note>
				</fdd:values>
			</fdd:other>
			<fdd:other>
				<fdd:tag>Wikidata Title ID</fdd:tag>
				<fdd:values>
					<fdd:sigValueNA>See note.</fdd:sigValueNA>
					<fdd:note>Wikidata has no corresponding entry as of October 2021.</fdd:note>
				</fdd:values>
			</fdd:other>
		</fdd:signifiersGroup>
	</fdd:fileTypeSignifiers>
	<fdd:notes>
		<fdd:general>
			<p>The Free Lossless Image Format (FLIF) was a lossless image format first released in September 2016 that claimed to outperform other image formats for web presentation including, <fddLink id="fdd000153">PNG</fddLink>, BPG, and <fddLink id="fdd000143">JPEG 2000</fddLink>. Based on <a href="https://docs.google.com/spreadsheets/d/1LxY78fbm47VmrYGTXkBXXitGjhGl32NsuHPH2QXufgA/edit#gid=751305882">compression experiments</a> conducted by the formats developers, FLIF files bypassed JPEG 2000 files to be 53% smaller, 43% smaller than PNG files, and 22% smaller than lossless BPG files. FLIF was essentially superseded by the Free Universal Image Format (FUIF) one of the components of the JPEG XL format. In combination with the FUIF, <a href="https://github.com/google/pik">Google’s PIK file format</a>, also designed for high quality and fast decoding, served as a precursor to JPEG XL. Both FLIF and PIK were submitted to the JPEG XL Call for Proposals (see below) in 2018 respectively. Neither the FLIF or FUIF formats are being developed as they have been superseded by JPEG XL.</p>
		</fdd:general>
		<fdd:history>
			<p>The JPEG Committee launched the Next-Generation Image Compression activity, formally known as JPEG XL in 2018. As stated by <a href="https://jpeg.org/items/20180423_cfp_jpeg_xl.html">the JPEG group</a>, &quot;This activity aims to develop a standard for image compression that offers substantially better compression efficiency than existing image formats (e.g. >60% over JPEG), along with features desirable for web distribution and efficient compression of high-quality images.&quot;</p>
			<p>This Next Generation Image Compression activity initiated a <a href="https://jpeg.org/downloads/jpegxl/jpegxl-cfp.pdf">final call for Proposals</a> in April 2018 to further the development of JPEG XL. Important dates from the proposed timeline include:</p>
			<ul>
				<li>06/11/2018 - JPEG XL AHG meeting (Brussels) for anchor generation and final selection of content, bitrates and metrics.</li>
				<li>07/07/2018-07/13/2018 - WG1 meeting (Berlin): review of anchor evaluation results and agreement on final test set and evaluation procedures. Issue amendment to Call for Proposals regarding final content, bitrates and metrics.</li>
				<li>09/01/2018 - Deadline for submission of binaries, algorithm description and design, and encoded-decoded test material.</li>
				<li>10/13/2018-10/19/2018 - WG1 meeting (Vancouver). Assessment of technical proposals and objective/subjective evaluation results.</li>
			</ul>
			<p>The file format bistream was frozen in December 2020 to ensure that it would be decodable by future releases.</p>
			<p>In January 2021, Part 1 (codestream) was FDIS submitted while Part 2 (file format) was FDIS submitted with a Draft Amendment to Part 1 in April 2021. See this <a href="https://docs.google.com/presentation/d/1LlmUR0Uoh4dgT3DjanLjhlXrk_5W2nJBDqDAMbhe8v8/edit#slide=id.gae1d3c10a0_0_0">JPEG-XL slide deck</a> for a broader history of JPEG XL and next steps for the file format.</p>
		</fdd:history>
	</fdd:notes>
	<fdd:formatSpecifications>
		<fdd:urls>
			<fdd:url>
				<fdd:urlReference>
					<link>https://www.iso.org/standard/77977.html</link>
					<tag>ISO/IEC FDIS 18181-1
Information technology — JPEG XL Image Coding System — Part 1: Core coding system</tag>
					<comment>Status: Under development.</comment>
				</fdd:urlReference>
			</fdd:url>
			<fdd:url>
				<fdd:urlReference>
					<link>https://www.iso.org/standard/81554.html</link>
					<tag>ISO/IEC FDIS 18181-1/DAmd 1
Information technology — JPEG XL Image Coding System — Part 1: Core coding system — Amendment 1: Profiles and levels for JPEG XL image coding system</tag>
					<comment>Status: Under development.</comment>
				</fdd:urlReference>
			</fdd:url>
			<fdd:url>
				<fdd:urlReference>
					<link>https://www.iso.org/standard/80618.html</link>
					<tag>ISO/IEC WD 18181-3
Information technology — JPEG XL Image Coding System — Part 3: Conformance testing</tag>
					<comment>Status: Under development.</comment>
				</fdd:urlReference>
			</fdd:url>
			<fdd:url>
				<fdd:urlReference>
					<link>https://www.iso.org/standard/80619.html</link>
					<tag>ISO/IEC DIS 18181-4
Information technology — JPEG XL Image Coding System — Part 4: Reference software</tag>
					<comment>Status: Under development.</comment>
				</fdd:urlReference>
			</fdd:url>
		</fdd:urls>
	</fdd:formatSpecifications>
	<fdd:usefulReferences>
		<fdd:urls>
			<fdd:url>
				<fdd:urlGroup>
					<fdd:intro>JPEG Sources</fdd:intro>
					<fdd:urlList>
						<fdd:urlReference>
							<link>https://jpeg.org/jpegxl/index.html</link>
							<tag>Overview of JPEG XL.</tag>
						</fdd:urlReference>
						<fdd:urlReference>
							<link>https://jpeg.org/items/20180423_cfp_jpeg_xl.html</link>
							<tag>Next-Generation Image Compression (JPEG XL) Final Call for Proposals.</tag>
						</fdd:urlReference>
						<fdd:urlReference>
							<link>https://web.archive.org/web/20190803230340/https://jpeg.org/items/20190803_press.html</link>
							<tag>JPEG XL reaches Committee Draft. Link available through Internet Archive.</tag>
						</fdd:urlReference>
						<fdd:urlReference>
							<link>https://gitlab.com/wg1/jpeg-xl</link>
							<tag>JPEG XL image format reference implementation.</tag>
						</fdd:urlReference>
						<fdd:urlReference>
							<link>http://ds.jpeg.org/whitepapers/jpeg-xl-whitepaper.pdf</link>
							<tag>JPEG White Paper: JPEG XL Image Coding System.</tag>
						</fdd:urlReference>
						<fdd:urlReference>
							<link>http://ds.jpeg.org/documents/wg1n83043-REQ-JPEG_XL_Use_Cases_and_Requirements.pdf</link>
							<tag>JPEG XL Use Cases and Requirements.</tag>
						</fdd:urlReference>
					</fdd:urlList>
				</fdd:urlGroup>
			</fdd:url>
			<fdd:url>
				<fdd:urlGroup>
					<fdd:intro>Github and GitLab</fdd:intro>
					<fdd:urlList>
						<fdd:urlReference>
							<link>https://github.com/FLIF-hub/FLIF/commit/973a6a564fbdffc2aff38ff474dd35aa5bb95aa7</link>
							<tag>FLIF-hub/FLIF.</tag>
						</fdd:urlReference>
						<fdd:urlReference>
							<link>https://github.com/google/pik</link>
							<tag>google/pik.</tag>
						</fdd:urlReference>
						<fdd:urlReference>
							<link>https://github.com/cloudinary/fuif</link>
							<tag>cloudinary/fuif.</tag>
						</fdd:urlReference>
						<fdd:urlReference>
							<link>https://gitlab.com/wg1/jpeg-xl/-/blob/f88745497118727f861cb00887cadcb395d10f1c/doc/format_overview.md</link>
							<tag>JPEG XL Format Overview</tag>
						</fdd:urlReference>
						<fdd:urlReference>
							<link>https://github.com/libjxl/libjxl/blob/main/doc/software_support.md</link>
							<tag>JPEG XL software support.</tag>
						</fdd:urlReference>
						<fdd:urlReference>
							<link>https://gitlab.com/wg1/jpeg-xl/-/blob/main/doc/xl_overview.md</link>
							<tag>XL Overview.</tag>
						</fdd:urlReference>
					</fdd:urlList>
				</fdd:urlGroup>
			</fdd:url>
			<fdd:url>
				<fdd:urlGroup>
					<fdd:intro>Wikipedia</fdd:intro>
					<fdd:urlList>
						<fdd:urlReference>
							<link>https://en.wikipedia.org/wiki/JPEG_XL</link>
							<tag>Wikipedia entry for JPEG XL.</tag>
						</fdd:urlReference>
						<fdd:urlReference>
							<link>https://en.wikipedia.org/wiki/ISO/IEC_base_media_file_format</link>
							<tag>Wikipedia entry for IEC Base Media File Format.</tag>
						</fdd:urlReference>
						<fdd:urlReference>
							<link>https://en.wikipedia.org/wiki/Free_Lossless_Image_Format</link>
							<tag>Wikipedia entry for Free Lossless Image Format.</tag>
						</fdd:urlReference>
						<fdd:urlReference>
							<link>https://en.wikipedia.org/wiki/Apache_License</link>
							<tag>Wikipedia entry for Apache License.</tag>
						</fdd:urlReference>
						<fdd:urlReference>
							<link>https://en.wikipedia.org/wiki/Libjpeg</link>
							<tag>Wikipedia entry for libjpeg. </tag>
						</fdd:urlReference>
					</fdd:urlList>
				</fdd:urlGroup>
			</fdd:url>
			<fdd:url>
				<fdd:urlGroup>
					<fdd:intro>General References</fdd:intro>
					<fdd:urlList>
						<fdd:urlReference>
							<link>https://fileinfo.com/extension/jxl</link>
							<tag>JXL File Extension. </tag>
						</fdd:urlReference>
						<fdd:urlReference>
							<link>https://www.cnet.com/news/jpeg-xl-could-let-you-pack-twice-as-many-photos-into-your-phone/</link>
							<tag>JPEG XL could let you pack twice as many photos into your phone.</tag>
						</fdd:urlReference>
						<fdd:urlReference>
							<link>https://cloudinary.com/blog/how_jpeg_xl_compares_to_other_image_codecs</link>
							<tag>How JPEG XL Compares to Other Image Codecs.</tag>
						</fdd:urlReference>
						<fdd:urlReference>
							<link>https://cloudinary.com/blog/legacy_and_transition_creating_a_new_universal_image_codec</link>
							<tag>Legacy and Transition: Creating a New Universal Image Codec.</tag>
						</fdd:urlReference>
						<fdd:urlReference>
							<link>https://caniuse.com/jpegxl</link>
							<tag>JPEG XL image format.</tag>
						</fdd:urlReference>
						<fdd:urlReference>
							<link>https://www.spiedigitallibrary.org/conference-proceedings-of-spie/11137/2529237/JPEG-XL-next-generation-image-compression-architecture-and-coding-tools/10.1117/12.2529237.full#s3</link>
							<tag>JPEG XL next-generation image compression architecture and coding tools.</tag>
						</fdd:urlReference>
						<fdd:urlReference>
							<link>https://docs.google.com/presentation/d/1LlmUR0Uoh4dgT3DjanLjhlXrk_5W2nJBDqDAMbhe8v8/edit#slide=id.g9b4791a110_0_406</link>
							<tag>JPEG XL -Overview.</tag>
						</fdd:urlReference>
						<fdd:urlReference>
							<link>https://www.youtube.com/watch?v=nfWJED1ZvQU</link>
							<tag>JPEG XL: VarDCT block size selection.</tag>
						</fdd:urlReference>
						<fdd:urlReference>
							<link>https://www.youtube.com/watch?v=RYJf7kelYQQ&amp;list=PLpLTOnTPiaxzoOvnbL-shnl4jGbCQLmOB</link>
							<tag>Next-generation of Image Formats for the Internet.</tag>
						</fdd:urlReference>
					</fdd:urlList>
				</fdd:urlGroup>
			</fdd:url>
			<fdd:url>
				<fdd:urlGroup>
					<fdd:intro>PRONOM PUID</fdd:intro>
					<fdd:urlList>
						<fdd:urlReference>
							<link>https://www.nationalarchives.gov.uk/pronom/fmt/1484</link>
							<tag>PRONOM entry for fmt/1484</tag>
							<comment>Information in PRONOM from UK National Archives about JPEG XL: fmt/1484.</comment>
						</fdd:urlReference>
					</fdd:urlList>
				</fdd:urlGroup>
			</fdd:url>
		</fdd:urls>
	</fdd:usefulReferences>
</fdd:FDD>
