<?xml version="1.0" encoding="UTF-8"?>
<fdd:FDD id="fdd000103" titleName="Audible.Com File Format" shortName="AudCom" xmlns:xsi="http://www.w3.org/2001/XMLSchema-instance" xmlns:fdd="http://www.digitalpreservation.gov/formats/schemas/fdd/v1" xsi:schemaLocation="http://www.digitalpreservation.gov/formats/schemas/fdd/v1 http://www.digitalpreservation.gov/formats/schemas/fdd/v1/fdd-v1-0.xsd">
	<fdd:properties>
		<fdd:gdfrGenreSelection>
			<fdd:gdfrGenre>sound</fdd:gdfrGenre>
		</fdd:gdfrGenreSelection>
		<fdd:formatCategories>
			<fdd:category>file-format</fdd:category>
		</fdd:formatCategories>
		<fdd:gdfrComposition>unitary</fdd:gdfrComposition>
		<fdd:gdfrForm>binary</fdd:gdfrForm>
		<fdd:updates>
			<fdd:date>2011-02-18</fdd:date>
		</fdd:updates>
		<fdd:draftStatus>Partial</fdd:draftStatus>
	</fdd:properties>
	<fdd:identificationAndDescription>
		<fdd:fullName>Audible.Com File Format</fdd:fullName>
		<fdd:keywords>
			<fdd:keyword>audio formats</fdd:keyword>
			<fdd:keyword>recorded sound formats</fdd:keyword>
		</fdd:keywords>
		<fdd:description>File format for sound that wraps various audio bitstreams. <a href="http://www.audible.com">Audible.Com</a> is a seller of recorded sound products, ranging from talking books to archived radio programs, e.g., <i>Car Talk</i>. See <a href="#notes">Notes</a> for more information.</fdd:description>
		<fdd:shortDescription>File format for sound that wraps various audio bitstreams. </fdd:shortDescription>
		<fdd:productionPhase>Used for final-state, end-user delivery.</fdd:productionPhase>
		<fdd:relationships>
			<fdd:relationship>
				<fdd:typeOfRelationship>Has subtype</fdd:typeOfRelationship>
				<fdd:relatedTo>
					<fdd:id>fdd000104</fdd:id>
					<fdd:shortName>AudCom_MP3</fdd:shortName>
					<fdd:titleName>Audible.Com MP3</fdd:titleName>
				</fdd:relatedTo>
			</fdd:relationship>
			<fdd:relationship>
				<fdd:typeOfRelationship>Has subtype</fdd:typeOfRelationship>
				<fdd:comment>Audible.Com HAC (hearing aid compatibility) format, not documented here</fdd:comment>
			</fdd:relationship>
			<fdd:relationship>
				<fdd:typeOfRelationship>Has subtype</fdd:typeOfRelationship>
				<fdd:comment>Audible.Com ACELP speech encoding, not documented here</fdd:comment>
			</fdd:relationship>
			<fdd:relationship>
				<fdd:typeOfRelationship>Has subtype</fdd:typeOfRelationship>
				<fdd:comment>Audible.Com files containing other sound encodings not documented here</fdd:comment>
			</fdd:relationship>
			<fdd:relationship>
				<fdd:typeOfRelationship>May contain</fdd:typeOfRelationship>
				<fdd:relatedTo>
					<fdd:id>fdd000012</fdd:id>
					<fdd:shortName>MP3_ENC</fdd:shortName>
					<fdd:titleName>MP3 Encoding</fdd:titleName>
				</fdd:relatedTo>
				<fdd:comment/>
			</fdd:relationship>
			<fdd:relationship>
				<fdd:typeOfRelationship>May contain</fdd:typeOfRelationship>
				<fdd:comment>SONY HAC (hearing aid compatibility) encoding, not documented here</fdd:comment>
			</fdd:relationship>
			<fdd:relationship>
				<fdd:typeOfRelationship>May contain</fdd:typeOfRelationship>
				<fdd:comment>VoiceAge ACELP speech encoding, not documented here</fdd:comment>
			</fdd:relationship>
			<fdd:relationship>
				<fdd:typeOfRelationship>May contain</fdd:typeOfRelationship>
				<fdd:comment>Other sound encodings, not documented here</fdd:comment>
			</fdd:relationship>
		</fdd:relationships>
	</fdd:identificationAndDescription>
	<fdd:localUse>
		<fdd:experience>None</fdd:experience>
		<fdd:preference>General preference for preservation recorded sound is <fddLink id="fdd000002">WAVE_LCPM</fddLink>.  For compressed audio, <fddLink id="fdd000105">MP3_FF</fddLink> is preferred to <fddLink id="fdd000104">AudCom_MP3</fddLink>; within the Audible.Com family, however, AudCom_MP3 is preferred to other encodings.</fdd:preference>
	</fdd:localUse>
	<fdd:sustainabilityFactors>
		<fdd:disclosure>Not documented. Proprietary format of <a href="http://www.audible.com">Audible.Com</a>
		</fdd:disclosure>
		<fdd:documentation>Compilers of this document were unable to locate specifications for the wrapper format.</fdd:documentation>
		<fdd:adoption>Not known to the compilers of this document. Audible.Com is a visible player in the downloadable sound marketplace and appears to be actively distributing product.</fdd:adoption>
		<fdd:licensingAndPatents>Not known to the compilers of this document.
		</fdd:licensingAndPatents>
		<fdd:transparency>Unknown; see note on technological protection below.
		</fdd:transparency>
		<fdd:selfDocumentation>Not known to the compilers of this document.  Evidence at the web site suggests that the files carry some descriptive ("bibliographic") information, e.g., author, title, and duration.</fdd:selfDocumentation>
		<fdd:externalDependencies>Files can be played only on certain players.  As of September 2015, these include applications for personal computers and many mobile devices.  See Audible&apos;s <a href="http://audible.custhelp.com/">Help Center</a> and <a href="http://www.audible.com/dc">Device Center</a>.</fdd:externalDependencies>
		<fdd:techProtection>
			<p>From the <a href="http://audible.custhelp.com/app/answers/detail/a_id/5006/c/3079">Audible Web site</a>  consulted in September 2015: "We apologize for the inconvenience, but Audible audio files cannot be converted into MP3 or any other file format. The reason for this is because we utilize security technologies to protect the intellectual property rights of our content providers and authors."  Slightly different wording was provided at the site in 2004: "Audible created and employs a proprietary technology solution for distributing copyright-secure audio files that can be downloaded or streamed from audible.com. Audible's secure distribution system prevents a customer from passing along duplicate digital audio files to another listener."  Note that there is a provision for subscribers to write/burn audio files in Audible format to CDs playable in regular CD players using iTunes [see <a href="http://audible.custhelp.com/app/answers/detail/a_id/5038/">help on listening to Audible content in a car</a>].  Burning to CD is only allowed once for an audio book.</p>
		</fdd:techProtection>
	</fdd:sustainabilityFactors>
	<fdd:qualityAndFunctionalityFactors>
		<fdd:soundQF>
			<fdd:normalSound>Good support.</fdd:normalSound>
			<fdd:fidelity>Moderate to good, depending upon encoding selected; the web site <a href="http://www.audible.com/formats">compares the formats</a> in terms of fidelity and other factors.</fdd:fidelity>
			<fdd:channels>Apparently not</fdd:channels>
			<fdd:samples>Not supported</fdd:samples>
			<fdd:beyondSound>None described</fdd:beyondSound>
		</fdd:soundQF>
	</fdd:qualityAndFunctionalityFactors>
	<fdd:fileTypeSignifiers>
		<fdd:signifiersGroup>
			<fdd:filenameExtension>
				<fdd:sigValues>
					<fdd:sigValue>aa</fdd:sigValue>
				</fdd:sigValues>
				<fdd:note>Extension may be used for all Audible.Com formats [?]</fdd:note>
			</fdd:filenameExtension>
			<fdd:internetMediaType>
				<fdd:sigValues>
					<fdd:sigValue>audio/audible</fdd:sigValue>
					<fdd:sigValue>audio/x-pn-audibleaudio</fdd:sigValue>
				</fdd:sigValues>
				<fdd:note>From <a href="http://filext.com/">The File Extension Source</a>. None found at <a href="http://www.iana.org/assignments/media-types/">http://www.iana.org/assignments/media-types/</a>.</fdd:note>
			</fdd:internetMediaType>
			<fdd:magicNumbers>
				<fdd:sigValueNA>Not found.</fdd:sigValueNA>
			</fdd:magicNumbers>
		</fdd:signifiersGroup>
	</fdd:fileTypeSignifiers>
	<fdd:notes>
		<fdd:general>The formats used by the company range from highly compressed speech encodings to less compressed <fddLink id="fdd000012">MP3_ENC</fddLink> (MP3 encoding). The site states, "The more information, or bits, the fuller and richer the sound."  Programs that feature music are not offered in the most compressed formats.  More information on the Audible.Com <a href="http://www.audible.com/formats">formats page</a>. Another page at the site reports that "Audible's preferred speech codec is licensed from VoiceAge Corporation," presumably the ACELP (Algebraic Code Excited Linear Prediction) encoding described by <a href="http://www.voiceage.com">VoiceAge</a>.</fdd:general>
	</fdd:notes>
	<fdd:usefulReferences>
		<fdd:urls>
			<fdd:url>
				<fdd:urlReference>
					<link>http://www.audible.com</link>
					<tag>Audible.Com</tag>
					<comment/>
				</fdd:urlReference>
			</fdd:url>
			<fdd:url>
				<fdd:urlReference>
					<link>http://www.audible.com/formats</link>
					<tag>Discussion of formats</tag>
					<comment>At Audible.Com Web site.</comment>
				</fdd:urlReference>
			</fdd:url>
			<fdd:url>
				<fdd:urlReference>
					<link>http://www.voiceage.com</link>
					<tag>VoiceAge</tag>
					<comment>Web site with information on ACELP speech encoding. </comment>
				</fdd:urlReference>
			</fdd:url>
			<fdd:url>
				<fdd:urlReference>
					<link>http://www.iana.org/assignments/media-types/</link>
					<tag>IANA MIME Media Types</tag>
				</fdd:urlReference>
			</fdd:url>
			<fdd:url>
				<fdd:urlReference>
					<link>http://filext.com/</link>
					<tag>The File Extension Source</tag>
				</fdd:urlReference>
			</fdd:url>
		</fdd:urls>
	</fdd:usefulReferences>
</fdd:FDD>
