<?xml version="1.0" encoding="UTF-8"?>
<fdd:FDD id="fdd000192" titleName="NDNP Profile for JPEG 2000, Part 1, Core Coding" shortName="J2K_C_NDNP" xmlns:xsi="http://www.w3.org/2001/XMLSchema-instance" xmlns:fdd="http://www.loc.gov/preservation/digital/formats/schemas/fdd/v1" xsi:schemaLocation="http://www.loc.gov/preservation/digital/formats/schemas/fdd/v1 http://www.loc.gov/preservation/digital/formats/schemas/fdd/v1/fdd-v1-1.xsd">
	<fdd:properties>
		<fdd:gdfrGenreSelection>
			<fdd:gdfrGenre>still-image</fdd:gdfrGenre>
		</fdd:gdfrGenreSelection>
		<fdd:formatCategories>
			<fdd:category>encoding</fdd:category>
		</fdd:formatCategories>
		<fdd:gdfrComposition>unitary</fdd:gdfrComposition>
		<fdd:gdfrForm>binary</fdd:gdfrForm>
		<fdd:gdfrBasis>sampled</fdd:gdfrBasis>
		<fdd:updates>
			<fdd:date>2006-08-16</fdd:date>
		</fdd:updates>
		<fdd:draftStatus>Full</fdd:draftStatus>
	</fdd:properties>
	<fdd:identificationAndDescription>
		<fdd:fullName>JPEG 2000 NDNP Profile</fdd:fullName>
		<fdd:keywords>
			<fdd:keyword>JPEG 2000 profiles</fdd:keyword>
			<fdd:keyword>raster image formats</fdd:keyword>
		</fdd:keywords>
		<fdd:description>
			<p>Implementation of JPEG 2000 Core Coding (Part 1) that constrains the use of variables in the specification and has been designed to support the <a href="https://www.loc.gov/ndnp/">National Digital Newspaper Program</a> (NDNP).  A number of elements are required by the specification, including but not limited to:</p>
			<ul>
				<li>Grayscale imagery: file to contain only one 8-bit component, color specification to be the grayscale enumerated color space or the Monochrome Input restricted ICC profile</li>
				<li>Lossy compression: wavelet transform to use the 9-7 irreversible filter</li>
				<li>RLCP progression order (Resolution level-Layer-Component-Position), thus providing a progression &#34;by quality&#34; to make it easy to extract low resolution thumbnails or a navigation pane.</li>
				<li>Image tiles at 1024x1024</li>
				<li>Specified metadata to be provided in the JPEG 2000 XML box</li>
			</ul>
			<p>Additional general information about JPEG 2000 profiles is provided in <a href="fdd000138.shtml#notes">J2K_C Notes</a>.</p>
		</fdd:description>
		<fdd:shortDescription>Implementation of JPEG 2000 Core Coding (Part 1) that constrains the use of variables in the specification and has been designed to support the National Digital Newspaper Program (NDNP).</fdd:shortDescription>
		<fdd:productionPhase>Used for content in middle and final states.</fdd:productionPhase>
		<fdd:relationships>
			<fdd:relationship>
				<fdd:typeOfRelationship>Subtype of</fdd:typeOfRelationship>
				<fdd:relatedTo>
					<fdd:id>fdd000138</fdd:id>
					<fdd:shortName>J2K_C</fdd:shortName>
					<fdd:titleName>JPEG 2000 Part 1, Core Coding System</fdd:titleName>
				</fdd:relatedTo>
			</fdd:relationship>
			<fdd:relationship>
				<fdd:typeOfRelationship>Used by</fdd:typeOfRelationship>
				<fdd:relatedTo>
					<fdd:id>fdd000193</fdd:id>
					<fdd:shortName>JP2_J2K_C_NDNP</fdd:shortName>
					<fdd:titleName>JP2 File with JPEG 2000 Core Coding, NDNP Profile</fdd:titleName>
				</fdd:relatedTo>
			</fdd:relationship>
		</fdd:relationships>
	</fdd:identificationAndDescription>
	<fdd:localUse>
		<fdd:experience>See <fddLink id="fdd000138">J2K_C</fddLink>
		</fdd:experience>
		<fdd:preference>See <fddLink id="fdd000138">J2K_C</fddLink>
		</fdd:preference>
	</fdd:localUse>
	<fdd:sustainabilityFactors>
		<fdd:disclosure>Public specification.  Developed by the Library of Congress/National Endowment for the Humanities <a href="https://www.loc.gov/ndnp/">National Digital Newspaper Program</a> (NDNP).
		</fdd:disclosure>
		<fdd:documentation>
			<a href="https://www.loc.gov/ndnp/guidelines/docs/NDNP_JP2HistNewsProfile.pdf">JPEG 2000 Profile for the National Digital Newspaper Program</a> (2006).
</fdd:documentation>
		<fdd:adoption>Required of participants in the NDNP.
		</fdd:adoption>
		<fdd:licensingAndPatents>None
		</fdd:licensingAndPatents>
		<fdd:transparency>See <fddLink id="fdd000138">J2K_C</fddLink>
		</fdd:transparency>
		<fdd:selfDocumentation>Metadata is required by this profile; see also <fddLink id="fdd000143">JP2_FF</fddLink>.
		</fdd:selfDocumentation>
		<fdd:externalDependencies>See <fddLink id="fdd000138">J2K_C</fddLink>
		</fdd:externalDependencies>
		<fdd:techProtection>See <fddLink id="fdd000143">JP2_FF</fddLink>
		</fdd:techProtection>
	</fdd:sustainabilityFactors>
	<fdd:qualityAndFunctionalityFactors>
		<fdd:stillImageQF>
			<fdd:normalImage>See <fddLink id="fdd000138">J2K_C</fddLink>
			</fdd:normalImage>
			<fdd:clarity>See <fddLink id="fdd000138">J2K_C</fddLink>.</fdd:clarity>
			<fdd:colorMaint>Not applicable</fdd:colorMaint>
			<fdd:graphics>See <fddLink id="fdd000143">JP2_FF</fddLink>
			</fdd:graphics>
			<fdd:multispectral>Not relevant to this profile.</fdd:multispectral>
			<fdd:beyondImage>See <fddLink id="fdd000138">J2K_C</fddLink> and <fddLink id="fdd000143">JP2_FF</fddLink>
			</fdd:beyondImage>
		</fdd:stillImageQF>
	</fdd:qualityAndFunctionalityFactors>
	<fdd:fileTypeSignifiers>
		<fdd:signifiersGroup>
			<fdd:filenameExtension>
				<fdd:sigValueNA>See related format.</fdd:sigValueNA>
				<fdd:note>See <fddLink id="fdd000143">JP2_FF</fddLink>
				</fdd:note>
			</fdd:filenameExtension>
			<fdd:internetMediaType>
				<fdd:sigValueNA>See related format.</fdd:sigValueNA>
				<fdd:note>See <fddLink id="fdd000143">JP2_FF</fddLink>
				</fdd:note>
			</fdd:internetMediaType>
			<fdd:magicNumbers>
				<fdd:sigValueNA>See related format.</fdd:sigValueNA>
				<fdd:note>See <fddLink id="fdd000143">JP2_FF</fddLink>
				</fdd:note>
			</fdd:magicNumbers>
			<fdd:other>
				<fdd:tag>Indicator for profile, level, version, etc.</fdd:tag>
				<fdd:values>
					<fdd:sigValues>
						<fdd:sigValue>Rsiz=2</fdd:sigValue>
					</fdd:sigValues>
					<fdd:note>From the specification: &quot;This profile corresponds to Profile-1 of the JPEG2000 standard . . . Rsiz=2.&quot;</fdd:note>
				</fdd:values>
			</fdd:other>
		</fdd:signifiersGroup>
	</fdd:fileTypeSignifiers>
	<fdd:notes>
		<fdd:general>
			<a href="https://chroniclingamerica.loc.gov/">Chronicling America</a> is the product of the National Digital Newspaper Project (NDNP).   NDNP is a twenty-year project that will digitize millions of newspaper pages, generally by scanning pre-existing microfilms. </fdd:general>
		<fdd:history>The development of the NDNP JPEG 2000 profile was led by Robert Buckley, for many years a researcher with Xerox, and active in the JPEG 2000 and other standards efforts.  A preliminary version of the specification was posted online during 2005; the current version was posted in May 2006.</fdd:history>
	</fdd:notes>
	<fdd:formatSpecifications>
		<fdd:urls>
			<fdd:url>
				<fdd:urlReference>
					<link>https://www.loc.gov/ndnp/guidelines/docs/NDNP_JP2HistNewsProfile.pdf</link>
					<tag>JPEG 2000 Profile for the National Digital Newspaper Program</tag>
				</fdd:urlReference>
			</fdd:url>
		</fdd:urls>
	</fdd:formatSpecifications>
	<fdd:usefulReferences>
		<fdd:urls>
			<fdd:url>
				<fdd:urlReference>
					<link>https://www.loc.gov/ndnp/guidelines/</link>
					<tag>National Digital Newspaper Program:  Guidelines &amp; Resources</tag>
				</fdd:urlReference>
			</fdd:url>
			<fdd:url>
				<fdd:urlReference>
					<link>https://chroniclingamerica.loc.gov</link>
					<tag>Chronicling America</tag>
					<comment>The National Digital Newspaper Program Web site.</comment>
				</fdd:urlReference>
			</fdd:url>
			<fdd:url>
				<fdd:urlGroup>
					<fdd:intro>See also <fddLink id="fdd000138">J2K_C</fddLink>.</fdd:intro>
				</fdd:urlGroup>
			</fdd:url>
		</fdd:urls>
	</fdd:usefulReferences>
</fdd:FDD>
