<?xml version="1.0" encoding="UTF-8"?>
<fdd:FDD id="fdd000037" titleName="MPEG-4 File Format, Version 1" shortName="MP4_FF_1" xmlns:xsi="http://www.w3.org/2001/XMLSchema-instance" xmlns:fdd="http://www.digitalpreservation.gov/formats/schemas/fdd/v1" xsi:schemaLocation="http://www.digitalpreservation.gov/formats/schemas/fdd/v1 http://www.digitalpreservation.gov/formats/schemas/fdd/v1/fdd-v1-0.xsd">
	<fdd:properties>
		<fdd:gdfrGenreSelection>
			<fdd:gdfrGenre>moving-image</fdd:gdfrGenre>
		</fdd:gdfrGenreSelection>
		<fdd:formatCategories>
			<fdd:category>file-format</fdd:category>
		</fdd:formatCategories>
		<fdd:gdfrForm>binary</fdd:gdfrForm>
		<fdd:gdfrConstraint>unstructured</fdd:gdfrConstraint>
		<fdd:gdfrBasis>sampled</fdd:gdfrBasis>
		<fdd:updates>
			<fdd:date>2011-12-01</fdd:date>
		</fdd:updates>
		<fdd:draftStatus>Full</fdd:draftStatus>
	</fdd:properties>
	<fdd:identificationAndDescription>
		<fdd:fullName>ISO/IEC 14496-1:2001. Information technology -- Coding of audio-visual objects -- Part 1: Systems (formal name);  MPEG-4 file format, version 1 (common name)</fdd:fullName>
		<fdd:keywords>
			<fdd:keyword>MPEG</fdd:keyword>
			<fdd:keyword>MPEG-4</fdd:keyword>
		</fdd:keywords>
		<fdd:description>The first MPEG-4 file format developed by the Moving Picture Experts Group (MPEG).  The format's object-based design defines a set of tools that present binary coded representation of individual audiovisual objects, text, graphics, and synthetic objects.  (See <a href="#notes">Notes</a> below.)  This format was intended to serve web and other online applications and mobile devices, i.e., cell phones and PDAs. See also <a href="fdd000155.shtml#notes">Notes for MP4_FF_2.</a> As indicated in the <i>Adoption</i> information under <a href="#sustainability">Sustainability factors</a> below, MP4_FF_1 is not widely used. For this reason the set of subtypes for files containing the various profiles of <a href="fdd000155.shtml#notes">MPEG-4_V</a> (MPEG-4 Visual Coding, Part 2 of the standard) have not been developed at this Web site.  In addition, it appears that MP4_FF_1 could contain <a href="fdd000081.shtml#notes">MPEG-4_AVC</a> (MPEG-4 Advanced Visual Coding, Part 10 of the standard), but this is judged unlikely and the possibility has not been documented at this Web site.</fdd:description>
		<fdd:shortDescription>The first MPEG-4 file format developed by the Moving Picture Experts Group (MPEG).  The format's object-based design defines a set of tools that present binary coded representation of individual audiovisual objects, text, graphics, and synthetic objects.  This format is intended to serve web and other online applications; mobile devices, i.e., cell phones and PDAs; and broadcasting and other professional applications. </fdd:shortDescription>
		<fdd:productionPhase>Generally a final-state (end-user delivery) format. </fdd:productionPhase>
		<fdd:relationships>
			<fdd:relationship>
				<fdd:typeOfRelationship>Has subtype</fdd:typeOfRelationship>
				<fdd:comment>MPEG-4 File Format, Version 1, with Visual Encoding (Part 2), Various Profiles, not documented at this time</fdd:comment>
			</fdd:relationship>
			<fdd:relationship>
				<fdd:typeOfRelationship>Contains</fdd:typeOfRelationship>
				<fdd:relatedTo>
					<fdd:id>fdd000080</fdd:id>
					<fdd:shortName>MPEG-4_V</fdd:shortName>
					<fdd:titleName>MPEG-4 Visual Coding (Part 2), All Profiles/Subtypes</fdd:titleName>
				</fdd:relatedTo>
			</fdd:relationship>
			<fdd:relationship>
				<fdd:typeOfRelationship>Has later version</fdd:typeOfRelationship>
				<fdd:relatedTo>
					<fdd:id>fdd000155</fdd:id>
					<fdd:shortName>MP4_FF_2</fdd:shortName>
					<fdd:titleName>MPEG-4 File Format, Version 2</fdd:titleName>
				</fdd:relatedTo>
			</fdd:relationship>
		</fdd:relationships>
	</fdd:identificationAndDescription>
	<fdd:sustainabilityFactors>
		<fdd:disclosure>Open standard.  Developed through ISO technical program <a href="http://www.iso.org/iso/iso_technical_committee.html?commid=45316">ISO/IEC JTC 1/SC 29</a> for coding of audio, picture, multimedia and hypermedia information.  The working group WG11 (for coding of moving pictures and audio) is also known as the Moving Picture Experts Group (<a href="http://mpeg.chiariglione.org">MPEG</a>).  See the ISO Standards Catalogue for the <a href="http://www.iso.org/iso/home/store/catalogue_tc/catalogue_tc_browse.htm?commid=45316&amp;published=on&amp;includesc=true">list of standards published by ISO/IEC JTC1/SC29</a>. See <a href="http://mpeg.chiariglione.org/standards/mpeg-4">http://mpeg.chiariglione.org/standards/mpeg-4</a> for information specific to MPEG-4 and its many parts.</fdd:disclosure>
		<fdd:documentation>
			<p>ISO/IEC 14496-1:2001. Information technology -- Coding of audio-visual objects -- Part 1: Systems.  (Superceded by the 2004 edition.)</p>
			<p>See complete list of ISO/IEC MPEG-4 documents in the description of <a href="fdd000155.shtml#specs">MP4_FF_2</a>.</p>
		</fdd:documentation>
		<fdd:adoption>
			<p>Of the four file formats associated with the MPEG-4 family of specifications, the compiler of this document believes that most current production systems have implemented <a href="fdd000155.shtml#specs">MP4_FF_2</a>. In the 2004 edition of Part 1 of the standard, the section that had been devoted to version one of the MPEG-4 file format in the 2001 edition (Section 13) has been omitted.</p>
		</fdd:adoption>
		<fdd:licensingAndPatents>
			See <fddLink id="fdd000155">MP4_FF_2</fddLink>
		</fdd:licensingAndPatents>
		<fdd:transparency>
			See <fddLink id="fdd000155">MP4_FF_2</fddLink>
		</fdd:transparency>
		<fdd:selfDocumentation>
			See <fddLink id="fdd000155">MP4_FF_2</fddLink>
		</fdd:selfDocumentation>
		<fdd:externalDependencies>
			See <fddLink id="fdd000155">MP4_FF_2</fddLink>
		</fdd:externalDependencies>
		<fdd:techProtection>
			See <fddLink id="fdd000155">MP4_FF_2</fddLink>
		</fdd:techProtection>
	</fdd:sustainabilityFactors>
	<fdd:qualityAndFunctionalityFactors>
		<fdd:movingImageQF>
			<fdd:normalVideo>See <fddLink id="fdd000155">MP4_FF_2</fddLink>
			</fdd:normalVideo>
			<fdd:clarity>See <fddLink id="fdd000155">MP4_FF_2</fddLink>
			</fdd:clarity>
			<fdd:beyondVideo>See <fddLink id="fdd000155">MP4_FF_2</fddLink>
			</fdd:beyondVideo>
		</fdd:movingImageQF>
		<fdd:soundQF>
			<fdd:fidelity>See <fddLink id="fdd000155">MP4_FF_2</fddLink>
			</fdd:fidelity>
			<fdd:channels>See <fddLink id="fdd000155">MP4_FF_2</fddLink>
			</fdd:channels>
			<fdd:beyondSound>Not investigated at this time.</fdd:beyondSound>
		</fdd:soundQF>
	</fdd:qualityAndFunctionalityFactors>
	<fdd:fileTypeSignifiers>
		<fdd:signifiersGroup>
			<fdd:filenameExtension>
				<fdd:sigValues>
					<fdd:sigValue>mp4</fdd:sigValue>
				</fdd:sigValues>
			</fdd:filenameExtension>
			<fdd:internetMediaType>
				<fdd:sigValues>
					<fdd:sigValue>video/mp4</fdd:sigValue>
				</fdd:sigValues>
				<fdd:note>Most frequently cited MIME type; for more information see <fddLink id="fdd000155">MP4_FF_2</fddLink>. The compiler of this document welcomes comments on the use of MIME types for various MPEG-4 file formats.</fdd:note>
			</fdd:internetMediaType>
			<fdd:magicNumbers>
				<fdd:sigValueNA>See note.</fdd:sigValueNA>
				<fdd:note>According to the MIME type registration, <a href="http://www.ietf.org/rfc/rfc4337.txt">RFC 4337</a>, no magic number exists.</fdd:note>
			</fdd:magicNumbers>
			<fdd:other>
				<fdd:tag>File type brand (ISO Base Media File Format)</fdd:tag>
				<fdd:values>
					<fdd:sigValues>
						<fdd:sigValue>mp41</fdd:sigValue>
					</fdd:sigValues>
					<fdd:note>
						<fddLink id="fdd000079">ISO_BMFF</fddLink> includes a file type box that contains major and minor brands (identifiers); the <i>mp41</i> brand is specified in Part 14, Section 4 (ISO/IEC 14496-14:2003. Information technology -- Coding of audio-visual objects -- Part 14: MP4 File Format, p. 6).</fdd:note>
				</fdd:values>
			</fdd:other>
		</fdd:signifiersGroup>
	</fdd:fileTypeSignifiers>
	<fdd:notes>
		<fdd:general>
			<p>The four file formats associated with the ISO/IEC 14496 family of specifications are:</p>
			<ul>
				<li>MP4_FF_1, "version 1," this document, from Part 1 (2001)</li>
				<li>
					<fddLink id="fdd000155">MP4_FF_2</fddLink>, "version 2," from Part 14</li>
				<li>
					<fddLink id="fdd000137">MP4_FF_AVCE</fddLink>, for Advanced Video Coding extensions, from Part 15</li>
				<li>
					<fddLink id="fdd000156">MP4_XMT</fddLink>, "textual format," from Part 11</li>
			</ul>
			<p>MP4_FF_1 and MP4_FF_2 are very similar.</p>
			<p>For a brief statement concerning MPEG-4's object-based design, see <a href="fdd000155.shtml#notes">Notes for MP4_FF_2</a>. Note that "object-oriented building blocks" in this file format and in QuickTime are called <i>atoms</i>; in contrast, they are called <i>boxes</i> in the later ISO_BMFF and MP4_FF_2.</p>
		</fdd:general>
		<fdd:history>MP4_FF_1 was defined in the 2001 edition of Part 1 of the MPEG-4 standard and has now been superceded by <fddLink id="fdd000155">MP4_FF_2</fddLink>.   Both file formats owe a debt to their predecessor <fddLink id="fdd000052">QuickTime</fddLink>. This lineage is shared with <fddLink id="fdd000079">ISO_BMFF</fddLink>, defined in MPEG-4 Part 12 (and also in Part 12 of the JPEG 2000 standard), which is in turn the supertype for <fddLink id="fdd000155">MP4_FF_2</fddLink>, defined in Part 14, and for <fddLink id="fdd000137">MP4_FF_AVCE</fddLink>, defined in Part 15.</fdd:history>
	</fdd:notes>
	<fdd:formatSpecifications>
		<fdd:citations>
			<fdd:citation>
				<fdd:specReference>ISO/IEC 14496-1:2001. Information technology -- Coding of audio-visual objects -- Part 1: Systems.  (Superceded by the 2004 edition.)</fdd:specReference>
			</fdd:citation>
		</fdd:citations>
	</fdd:formatSpecifications>
	<fdd:usefulReferences>
		<fdd:urls>
			<fdd:url>
				<fdd:urlReference>
					<link>http://www.ietf.org/rfc/rfc4337.txt</link>
					<tag>MIME Type Registration for MPEG-4</tag>
					<comment>By Y Lim (nettv) and D. Singer (Apple Computer), March 2006 </comment>
				</fdd:urlReference>
			</fdd:url>
			<fdd:url>
				<fdd:urlReference>
					<link>http://www.ietf.org/rfc/rfc3640.txt</link>
					<tag>RFC 3640: RTP Payload Format for Transport of MPEG-4 Elementary Streams</tag>
					<comment>From the IETF (Internet Engineering Task Force)</comment>
				</fdd:urlReference>
			</fdd:url>
			<fdd:url>
				<fdd:urlReference>
					<link>http://www.ietf.org/rfc/rfc3016.txt</link>
					<tag>RFC 3016: RTP Payload Format for MPEG-4 Audio/Visual Streams</tag>
					<comment>From the IETF (Internet Engineering Task Force)</comment>
				</fdd:urlReference>
			</fdd:url>
		</fdd:urls>
	</fdd:usefulReferences>
</fdd:FDD>
