<?xml version="1.0" encoding="UTF-8"?>
<fdd:FDD id="fdd000098" titleName="Windows Media Audio File with WMA9 Professional Codec" shortName="WMA_WMA9_PRO" xmlns:xsi="http://www.w3.org/2001/XMLSchema-instance" xmlns:fdd="http://www.digitalpreservation.gov/formats/schemas/fdd/v1" xsi:schemaLocation="http://www.digitalpreservation.gov/formats/schemas/fdd/v1 http://www.digitalpreservation.gov/formats/schemas/fdd/v1/fdd-v1-0.xsd">
	<fdd:properties>
		<fdd:gdfrGenreSelection>
			<fdd:gdfrGenre>sound</fdd:gdfrGenre>
		</fdd:gdfrGenreSelection>
		<fdd:formatCategories>
			<fdd:category>file-format</fdd:category>
			<fdd:category>encoding</fdd:category>
		</fdd:formatCategories>
		<fdd:gdfrComposition>unitary</fdd:gdfrComposition>
		<fdd:gdfrForm>binary</fdd:gdfrForm>
		<fdd:gdfrBasis>sampled</fdd:gdfrBasis>
		<fdd:updates>
			<fdd:date>2010-05-26</fdd:date>
		</fdd:updates>
		<fdd:draftStatus>Full</fdd:draftStatus>
	</fdd:properties>
	<fdd:identificationAndDescription>
		<fdd:fullName>Windows Media Audio File with Windows Media 9 Professional Codec</fdd:fullName>
		<fdd:description>File format based in <fddLink id="fdd000067">ASF</fddLink> (Advanced Systems Format) that wraps a Windows Media 9 professional audio bitstream.</fdd:description>
		<fdd:shortDescription>File format based in ASF (Advanced Systems Format) that wraps a Windows Media 9 professional audio bitstream.</fdd:shortDescription>
		<fdd:productionPhase>Generally a final-state format for end-user delivery.</fdd:productionPhase>
		<fdd:relationships>
			<fdd:relationship>
				<fdd:typeOfRelationship>Subtype of</fdd:typeOfRelationship>
				<fdd:relatedTo>
					<fdd:id>fdd000027</fdd:id>
					<fdd:shortName>WMA</fdd:shortName>
					<fdd:titleName>WMA (Windows Media Audio) File Format</fdd:titleName>
				</fdd:relatedTo>
			</fdd:relationship>
			<fdd:relationship>
				<fdd:typeOfRelationship>Contains</fdd:typeOfRelationship>
				<fdd:relatedTo>
					<fdd:id>fdd000093</fdd:id>
					<fdd:shortName>WMA9_PRO</fdd:shortName>
					<fdd:titleName>Windows Media 9 Professional Audio Codec</fdd:titleName>
				</fdd:relatedTo>
			</fdd:relationship>
		</fdd:relationships>
	</fdd:identificationAndDescription>
	<fdd:localUse>
		<fdd:preference>See <fddLink id="fdd000027">WMA</fddLink>.</fdd:preference>
	</fdd:localUse>
	<fdd:sustainabilityFactors>
		<fdd:disclosure>
			See <fddLink id="fdd000027">WMA</fddLink> and <fddLink id="fdd000067">ASF</fddLink>
		</fdd:disclosure>
		<fdd:documentation>
			See <fddLink id="fdd000027">WMA</fddLink> and <fddLink id="fdd000067">ASF</fddLink>
		</fdd:documentation>
		<fdd:adoption>
			Not known to the compilers of this document; the <fddLink id="fdd000027">WMA</fddLink> file format is widely adopted.
		</fdd:adoption>
		<fdd:licensingAndPatents>
			See <fddLink id="fdd000067">ASF</fddLink> for link to pages covering licensing of Windows Media and the Advanced Systems Format.
		</fdd:licensingAndPatents>
		<fdd:transparency>
			Depends upon algorithms and tools to read; will require sophistication to build tools.
		</fdd:transparency>
		<fdd:selfDocumentation>
			See <fddLink id="fdd000067">ASF</fddLink>
		</fdd:selfDocumentation>
		<fdd:externalDependencies>
			See <fddLink id="fdd000027">WMA</fddLink>
		</fdd:externalDependencies>
		<fdd:techProtection>
			See <fddLink id="fdd000067">ASF</fddLink>
		</fdd:techProtection>
	</fdd:sustainabilityFactors>
	<fdd:qualityAndFunctionalityFactors>
		<fdd:soundQF>
			<fdd:normalSound>Good support.</fdd:normalSound>
			<fdd:fidelity>See <fddLink id="fdd000093">WMA9_PRO</fddLink> (audio codec).</fdd:fidelity>
			<fdd:channels>See <fddLink id="fdd000093">WMA9_PRO</fddLink> (audio codec).</fdd:channels>
			<fdd:beyondSound>None</fdd:beyondSound>
		</fdd:soundQF>
	</fdd:qualityAndFunctionalityFactors>
	<fdd:fileTypeSignifiers>
		<fdd:signifiersGroup>
			<fdd:filenameExtension>
				<fdd:sigValues>
					<fdd:sigValue>wma</fdd:sigValue>
				</fdd:sigValues>
			</fdd:filenameExtension>
			<fdd:internetMediaType>
				<fdd:sigValueNA>See related format.</fdd:sigValueNA>
				<fdd:note>
					<p>See <fddLink id="fdd000027">WMA</fddLink>.</p>
				</fdd:note>
			</fdd:internetMediaType>
			<fdd:magicNumbers>
				<fdd:sigValueNA>See related format.</fdd:sigValueNA>
				<fdd:note>
					<p>See <fddLink id="fdd000027">WMA</fddLink>.</p>
				</fdd:note>
			</fdd:magicNumbers>
			<fdd:other>
				<fdd:tag>ASF GUID</fdd:tag>
				<fdd:values>
					<fdd:sigValueNA>See related format.</fdd:sigValueNA>
					<fdd:note>
						<p>See <fddLink id="fdd000027">WMA</fddLink>.</p>
					</fdd:note>
				</fdd:values>
			</fdd:other>
		</fdd:signifiersGroup>
	</fdd:fileTypeSignifiers>
	<fdd:usefulReferences>
		<fdd:urls>
			<fdd:url>
				<fdd:urlGroup>
					<fdd:intro>See <fddLink id="fdd000027">WMA</fddLink>.</fdd:intro>
				</fdd:urlGroup>
			</fdd:url>
		</fdd:urls>
	</fdd:usefulReferences>
</fdd:FDD>
