<?xml version="1.0" encoding="UTF-8"?><fdd:FDD id="fdd000560" titleName="Autodesk Alembic" shortName="ABC" xmlns:xsi="http://www.w3.org/2001/XMLSchema-instance" xmlns:fdd="http://www.loc.gov/preservation/digital/formats/schemas/fdd/v1" xsi:schemaLocation="http://www.loc.gov/preservation/digital/formats/schemas/fdd/v1 http://www.loc.gov/preservation/digital/formats/schemas/fdd/v1/fdd-v1-2.xsd">	<fdd:properties>		<fdd:gdfrGenreSelection>			<fdd:gdfrGenreAndSubgenres>				<fdd:gdfrGenre>model</fdd:gdfrGenre>				<fdd:gdfrSubgenres>					<fdd:gdfrSubgenre>moving-image</fdd:gdfrSubgenre>				</fdd:gdfrSubgenres>			</fdd:gdfrGenreAndSubgenres>		</fdd:gdfrGenreSelection>		<fdd:formatCategories>			<fdd:category>file-format</fdd:category>		</fdd:formatCategories>		<fdd:gdfrConstraint>structured</fdd:gdfrConstraint>		<fdd:gdfrBasis>symbolic</fdd:gdfrBasis>		<fdd:updates>			<fdd:date>2023-04-14</fdd:date>		</fdd:updates>		<fdd:draftStatus>Preliminary</fdd:draftStatus>	</fdd:properties>	<fdd:identificationAndDescription>		<fdd:fullName>Autodesk Alembic</fdd:fullName>		<fdd:keywords>			<fdd:keyword>design formats</fdd:keyword>			<fdd:keyword>animation formats</fdd:keyword>			<fdd:keyword>3D formats</fdd:keyword>			<fdd:keyword>moving image formats</fdd:keyword>		</fdd:keywords>		<fdd:description>			<p>				<a href="https://www.alembic.io/index.html">Alembic</a> (ABC) is an open computer graphics framework, used for distilling complex, animated scenes into non-procedural, application-independent set of baked geometric results. ABC is focused on efficiently storing the computed results of complex geometries, it is NOT concerned with storing dependency graphs or tools used to create the results. ABC will store animated vertex positions resulting from animation and simulation processes but will not store the rigging computations. ABC is storing and sharing scene data, not creating.</p>			<p>				<a href="https://www.ilm.com/">Industrial Light &amp; Magic (ILM)</a> and <a href="https://www.imageworks.com/">Sony Imageworks</a> announced the <a href="https://www.prnewswire.com/news-releases/sony-pictures-imageworks-and-industrial-light--magic-join-forces-on-alembic-99337884.html">co-developed open-source project ABC</a> in July 2010, with ABC 1.0 released August 2011. ABC is frequently updated, for the most current version see <a href="https://github.com/alembic/alembic/releases/tag/1.8.5">GitHub’s Alembic release</a> page.				</p>			<p>Users can find information about ABC at its official website, <a href="https://www.alembic.io/index.html">alembic.io</a>, including a brief introduction to the format, links for news and updates, GitHub code releases, and <a href="https://docs.alembic.io/python/examples.html">format documentation</a> (currently this links to an older version, <a href="https://docs.alembic.io/python/examples.html">ABC 1.7.0</a>). GitHub users are encouraged to use the <a href="https://groups.google.com/g/alembic-discussion/about">Google Groups Alembic Discussion Group</a> for help with the use and design of ABC libraries and projects. Google Code Archive, which hosts read-only public project data, contains more detailed information about the <a href="https://code.google.com/archive/p/alembic/">ABC format</a>.</p>			<p>				<b>Structure of ABC</b>			</p>			<p>ABC files are composed of several layers of libraries of hierarchically related data, each building extensively on the layer below it. The lowest layer library is an abstract interface layer called AbcCoreAbstract which all other layers are built. </p>			<ul>				<li>alembic.AbcCoreAbstract: library that describes and specifies the interfaces, concepts like Objects and Properties, that the storage layer has to implement. ABC’s notion of time is defined in this layer. </li>				<li>alembic.Abc: human-friendly data-manipulation library that provides object-based wrappers around the AbcCoreAbstract layer.  </li>				<li>alembic.AbcCollection</li>				<li>alembic.AbcGeom: library building atop the Abc layer, intending to be the primary layer for dealing with geometric interpretations data, i.e. Transform, Points, Curves, PolyMesh, SubD, FaceSet, NuPatch, Camera, and Light.  </li>				<li>alembic.AbcMaterial: library that sits above Abc, is not dependent on AbcGeom, provides schemas and object types to represent materials and bindings. AbcMaterial does not define shading code, conventions, or behavior, its designed for the transfer of material information between applications.</li>				<li>alembic.Util</li>			</ul>			<p>ABC does not have a concept of frames, instead ABC works purely with time and values that are sampled over time, using the classes TimeSampling and TimeSamplingType.</p>			<p>ABC stores samples of scene data using a parent/child hierarchy, the top of the hierarchy being Archive, which can be treated like an Object. Beneath Archive can many child objects, which each can be a parent to any number of other objects, and so on.</p>			<p>				<b>ABC Class Container Hierarchy:</b>			</p>			<ul>				<li>ABC Archive: the actual file on a disk. It is the top-level container with all the scene data. Archives contains Objects.  </li>				<li>ABC Object: the main unit of hierarchy, they do not contain data directly, but provide structure. ABC Objects are the primary unit of encapsulation. Objects contain Properties.</li>				<li>ABC Properties: stores Samples.    					<ul>						<li>Simple: holds samples (actual data), can be either Scalar or Array. </li>						<li>Compound: main type of container, used to hold Properties. </li>					</ul>				</li>				<li>ABC Samples: container composing raw data and a time into a single entity. </li>			</ul>			<p>				<b>Uses of ABC</b>			</p>			<p>The ABC file format is used for exchanging 3D animation data between different platform and applications, any app (supporting ABC) can write out 3D information in the ABC format which then can be read by any other app (supporting ABC). ABC is used to store 3D geometry in a very efficient format due to its small file size that is quick to read and unpack. ABC also allows users to load just the frames needed or wanted instead of the entire database, i.e., loading a robot character’s head instead of the whole robot character.   </p>		</fdd:description>		<fdd:shortDescription>ABC is an open-source exchange format that provides a standard for exchanging animated computer graphic scenes between content creation software packages and applications.</fdd:shortDescription>		<fdd:productionPhase>Middle to Final state. ABC format is a framework for storing and sharing scene data. Files are highly portable and application independent so they can be shared, processed, and played back by content creation applications.</fdd:productionPhase>		<fdd:relationships>			<fdd:relationship>				<fdd:typeOfRelationship>Requires</fdd:typeOfRelationship>				<fdd:relatedTo>					<fdd:id>fdd000583</fdd:id>					<fdd:shortName>EXR</fdd:shortName>					<fdd:titleName>OpenEXR</fdd:titleName>				</fdd:relatedTo>				<fdd:comment>As stated on <a href="https://github.com/alembic/alembic">GitHub Alembic ReadMe.md</a>, OpenEXR (for Imath) is a requireddependency to build Alembic (ABC).</fdd:comment>			</fdd:relationship>		</fdd:relationships>	</fdd:identificationAndDescription>	<fdd:localUse>		<fdd:experience>None.</fdd:experience>		<fdd:preference>See the Recommended Formats Statement for the Library of Congress format preferences for <a href="https://www.loc.gov/preservation/resources/rfs/design3D.html">Design and 3D formats</a> and <a href="https://www.loc.gov/preservation/resources/rfs/moving.html">moving image works</a>.</fdd:preference>	</fdd:localUse>	<fdd:sustainabilityFactors>		<fdd:disclosure>			<p>ABC is open-source, industry standard interchange format for animation graphics files. Co-developed by Industrial Light &amp; Magic (ILM) and Sony Pictures Imageworks in 2010.</p>		</fdd:disclosure>		<fdd:documentation>			<p>Current documentation <a href="http://docs.alembic.io/">ABC 1.7.0</a> is managed through <a href="http://www.alembic.io/index.html">alembic.io</a>, later releases publicly accessible through <a href="https://github.com/alembic/alembic/releases">GitHub repository</a>.</p>		</fdd:documentation>		<fdd:adoption>			<p>Since <a href="https://www.alembic.io/updates.html">Alembic</a> software debuted in 2010, Industrial Light &amp; Magic (ILM) and Sony Pictures Imageworks have integrated the technology into their production pipelines. ILM notably using the software for their work on the 2012 blockbuster <i>The Avengers</i> and Imageworks on the 2012 worldwide hits <i>Men in Black 3</i> and <i>The Amazing Spider-Man</i>. </p>			<p>Since Alembic's 1.0 release, solution providers such as <a href="https://knowledge.autodesk.com/support/3ds-max/learn-explore/caas/CloudHelp/cloudhelp/2023/ENU/3DSMax-Data-Exchange/files/GUID-D80A02B6-BC7B-4070-A959-94EC5FCA22F8-htm.html">Autodesk</a> and <a href="https://learn.foundry.com/mari/4.5/Content/user_guide/alembic_fbx/alembic_fbx.html">Foundry</a> have added Alembic support in their product lines. Software plugin provider, <a href="http://exocortex.com/products/crate">Exocortex</a>, has also introduced a suite of Alembic based plugins for all of Autodesk's major content creation tools. </p>			<p>See <a href="https://en.wikipedia.org/wiki/Alembic_(computer_graphics)#Tools_which_support_Alembic">list</a> of Tools and Plugins that support Alembic. </p>		</fdd:adoption>		<fdd:licensingAndPatents>			<p>No known license or patent concerns for generation and use of the format. </p>		</fdd:licensingAndPatents>		<fdd:transparency>			<p/>		</fdd:transparency>		<fdd:selfDocumentation>			<p>ABC objects and properties have metadata allowing users to specify information that does not fit within the existing framework, i.e., property may have name “mass” on an object with metadata defining units as kilograms. As of ABC version 0.9, metadata does not have any standardized entries.</p>			<p>The MetaData class is an unordered, unique dictionary of strings describing protocols for objects and interpretations for properties.</p>		</fdd:selfDocumentation>		<fdd:externalDependencies>			<a href="https://github.com/alembic/alembic#readme">ABC requires</a>			<a href="https://cmake.org/">CMake (3.13+)</a>, <a href="https://en.cppreference.com/w/cpp/compiler_support/11">C++ Complier</a> that supports C++11, <a href="https://github.com/AcademySoftwareFoundation/Imath">Imath 3</a> or <a href="https://github.com/AcademySoftwareFoundation/openexr">OpenEXR (2.2.0+)</a>		 before files can be built.</fdd:externalDependencies>		<fdd:techProtection>			<p>None. Comments welcome.</p>		</fdd:techProtection>	</fdd:sustainabilityFactors>	<fdd:qualityAndFunctionalityFactors>		<fdd:otherQF>			<fdd:factor>				<fdd:tag>3D Model Geometry</fdd:tag>				<fdd:note>					<p>ABC files supports common geometric representations including: polygon meshes subdivision surface, parametric curves, NURBS patches, and particles.</p>				</fdd:note>			</fdd:factor>			<fdd:factor>				<fdd:tag>3D Model Appearance</fdd:tag>				<fdd:note>					<p>Materials are supported using a module that provide schemas and object types for representing materials and material bindings, it also defines conventions and utilities for binding and resolving material assignments and overrides.</p>				</fdd:note>			</fdd:factor>			<fdd:factor>				<fdd:tag>3D Model Scene</fdd:tag>				<fdd:note>					<p>ABC files support the import and export of scene, camera, and light data expressed via Geom and Material classes.  </p>				</fdd:note>			</fdd:factor>			<fdd:factor>				<fdd:tag>3D Model Animation</fdd:tag>				<fdd:note>					<p>ABC files distill animated scenes into application-independent files with baked geometric results that can be fully re-imported into a range of supporting software. ABC animation is typically embedded using a point cache, which save dynamic data after its been calculated. Exported ABC animation is saved to disk using frames-per-second (FPS).</p>				</fdd:note>			</fdd:factor>		</fdd:otherQF>	</fdd:qualityAndFunctionalityFactors>	<fdd:fileTypeSignifiers>		<fdd:signifiersGroup>			<fdd:filenameExtension>				<fdd:sigValues>					<fdd:sigValue>abc</fdd:sigValue>				</fdd:sigValues>				<fdd:note>See <a href="https://en.wikipedia.org/wiki/Alembic_(computer_graphics)">https://en.wikipedia.org/wiki/Alembic_(computer_graphics)</a>.</fdd:note>			</fdd:filenameExtension>			<fdd:other>				<fdd:tag>Pronom PUID</fdd:tag>				<fdd:values>					<fdd:sigValueNA>See note.</fdd:sigValueNA>					<fdd:note>No PRONOM entry as of April 2023.</fdd:note>				</fdd:values>			</fdd:other>			<fdd:other>				<fdd:tag>Wikidata Title ID</fdd:tag>				<fdd:values>					<fdd:sigValues>						<fdd:sigValue>Q61075387 </fdd:sigValue>					</fdd:sigValues>					<fdd:note>Software framework for storing and sharing scenes. See <a href="https://www.wikidata.org/wiki/Q61075387">https://www.wikidata.org/wiki/Q61075387</a>.</fdd:note>				</fdd:values>			</fdd:other>			<fdd:other>				<fdd:tag>Wikidata Title ID</fdd:tag>				<fdd:values>					<fdd:sigValues>						<fdd:sigValue>Q795136</fdd:sigValue>					</fdd:sigValues>					<fdd:note>File format. See <a href="https://www.wikidata.org/wiki/Q795136">https://www.wikidata.org/wiki/Q795136</a>.</fdd:note>				</fdd:values>			</fdd:other>		</fdd:signifiersGroup>	</fdd:fileTypeSignifiers>	<fdd:notes>		<fdd:general>			<p>Ginger Bill, a programmer and YouTube gaming demonstrator, stated in his article <a href="https://www.gingerbill.org/article/2022/07/11/reverse-engineering-alembic/">Reverse Engineering Alembic</a>, “Through my journey into ‘discovering’ the Alembic format, I found out that Alembic is not actually a file format but masquerades as one. It is in fact two file formats with different memory layouts which can be determined based on the magic file signature: HDF5 &amp; Ogawa.” </p>		</fdd:general>		<fdd:history>			<p>July 2010, at the ACM SIGGRAPH conference visual effects houses Industrial Light &amp; Magic (ILM) and Sony Pictures Imageworks announced a co-developed open-source project titled Alembic. Alembic 1.0 was released on August 8, 2011. It’s designed to handle massive animation data sets often required in high-end visual effects and animation, which are routinely developed and produced by companies. The studios each saw the need for a tool like Alembic, something that would fit within existing pipelines and allow for customization at the facility level without impeding the ability to share work. </p>			<p>The companies joined forces when it became apparent that they were independently developing software designed to solve, a problem universally faced by the visual effects and animation production community: how to easily share complex animated scenes across a variety of disciplines and facilities regardless of what software was being used. Both studios have made strides with open-source software and recognize the importance of such initiatives, ILM with the industry standard OpenEXR format and Imageworks with OSL, Open Color I/O, Maya Reticle, Field3D, Scala Migrations and the newly release PyP. </p>		</fdd:history>	</fdd:notes>	<fdd:formatSpecifications>		<fdd:urls>			<fdd:url>				<fdd:urlReference>					<link>http://docs.alembic.io/</link>					<tag>Documentation on current versions maintained by Alembic.</tag>				</fdd:urlReference>			</fdd:url>			<fdd:url>				<fdd:urlReference>					<link>https://github.com/alembic/alembic/releases</link>					<tag>Frequently updated GitHub repo for Alembia releases</tag>				</fdd:urlReference>			</fdd:url>		</fdd:urls>	</fdd:formatSpecifications>	<fdd:usefulReferences>		<fdd:urls>			<fdd:url>				<fdd:urlGroup>					<fdd:intro>alembic.io</fdd:intro>					<fdd:urlList>						<fdd:urlReference>							<link>http://docs.alembic</link>							<tag>Alembic 1.7.0 Docs</tag>						</fdd:urlReference>					</fdd:urlList>				</fdd:urlGroup>			</fdd:url>			<fdd:url>				<fdd:urlReference>					<link>https://code.google.com/archive/p/alembic/</link>					<tag>Google Code Archive - Alembic</tag>				</fdd:urlReference>			</fdd:url>			<fdd:url>				<fdd:urlReference>					<link>https://wiki.blender.org/wiki/Main_Page</link>					<tag>GitHub - Alembic</tag>				</fdd:urlReference>			</fdd:url>			<fdd:url>				<fdd:urlReference>					<link>https://en.wikipedia.org/wiki/Alembic_(computer_graphics</link>					<tag>Wikipedia - Alembic (computer graphics)</tag>				</fdd:urlReference>			</fdd:url>			<fdd:url>				<fdd:urlReference>					<link>https://www.wikidata.org/wiki/Q795136</link>					<tag>Wikidata - Alembic (Q795136)</tag>				</fdd:urlReference>			</fdd:url>			<fdd:url>				<fdd:urlReference>					<link>https://www.wikidata.org/wiki/Q61075387</link>					<tag>Wikidata - Alembic (Q61075387)</tag>				</fdd:urlReference>			</fdd:url>			<fdd:url>				<fdd:urlReference>					<link>https://knowledge.autodesk.com/support/maya/learn-explore/caas/CloudHelp/cloudhelp/2022/ENU/Maya-ManagingScenes/files/GUID-9D272E39-9279-4146-8449-928DDA865C9D-htm.html</link>					<tag>AutoDesk - Alembic Caching</tag>				</fdd:urlReference>			</fdd:url>		</fdd:urls>	</fdd:usefulReferences></fdd:FDD>