<?xml version="1.0" encoding="UTF-8"?>
<fdd:FDD id="fdd000285" titleName="Digital Elevation Model (DEM) Format" shortName="DEM" xmlns:xsi="http://www.w3.org/2001/XMLSchema-instance" xmlns:fdd="http://www.loc.gov/preservation/digital/formats/schemas/fdd/v1" xsi:schemaLocation="http://www.loc.gov/preservation/digital/formats/schemas/fdd/v1 http://www.loc.gov/preservation/digital/formats/schemas/fdd/v1/fdd-v1-2.xsd">
	<fdd:properties>
		<fdd:gdfrGenreSelection>
			<fdd:gdfrGenre>dataset</fdd:gdfrGenre>
		</fdd:gdfrGenreSelection>
		<fdd:gdfrComposition>unitary</fdd:gdfrComposition>
		<fdd:gdfrForm>text</fdd:gdfrForm>
		<fdd:gdfrConstraint>structured</fdd:gdfrConstraint>
		<fdd:gdfrBasis>symbolic</fdd:gdfrBasis>
		<fdd:gdfrDomains>
			<fdd:gdfrDomain>
				<fdd:value>gis</fdd:value>
				<fdd:comment/>
			</fdd:gdfrDomain>
		</fdd:gdfrDomains>
		<fdd:updates>
			<fdd:date>2022-08-04</fdd:date>
		</fdd:updates>
		<fdd:draftStatus>Partial</fdd:draftStatus>
	</fdd:properties>
	<fdd:identificationAndDescription>
		<fdd:fullName>USGS Digital Elevation Model (DEM) Format, 1998</fdd:fullName>
		<fdd:keywords>
			<fdd:keyword>geospatial data formats</fdd:keyword>
		</fdd:keywords>
		<fdd:description>
			<p>A digital elevation model (DEM) represents terrain elevations for ground positions at regularly spaced horizontal intervals. The USGS &quot;native&quot; DEM format was developed specifically for this category of data and dates from 1992.  A DEM dataset is a single file comprising 1024-byte ASCII-encoded (text) blocks that fall into three record categories called A, B, and C. There is no cross-platform ambiguity since line ending control codes are not used, and all data, including numbers, is represented in readable text form. 	A raster file format, DEM files usually contain terrain elevations, but the file format can be used for representing any surface. The format, allows internal documentation of coordinate system, date of publication, etc. These values are referenced horizontally, either to a Universal Transverse Mercator (UTM) projection or to a geographic coordinate system</p>
			<p>The A record contains information defining the general characteristics of the DEM, including its name, boundaries, units of measurement, minimum and maximum elevations, number of B records, and projection parameters. Each B record consists of an elevation profile with associated header information, and the optional C record contains accuracy data. Each file contains a single A record and may contain a single C record, while there is a separate B record for each elevation profile.</p>
		</fdd:description>
		<fdd:shortDescription>USGS digital elevation model (DEM), representing terrain elevations for ground positions at regularly spaced horizontal intervals. From 1990s.</fdd:shortDescription>
		<fdd:productionPhase>DEM is a middle-state format used in the generation of three-dimensional graphics displaying terrain slope, aspect (direction of slope), and terrain profiles between selected points. </fdd:productionPhase>
		<fdd:relationships/>
	</fdd:identificationAndDescription>
	<fdd:localUse>
		<fdd:experience>The Library of Congress has a small number of DEM files in its collections.</fdd:experience>
		<fdd:preference>See the Recommended Formats Statement for the Library of Congress format preferences for <a href="https://www.loc.gov/preservation/resources/rfs/geo-carto.html">GIS, Geospatial and Non-GIS Cartographic</a> data.</fdd:preference>
	</fdd:localUse>
	<fdd:sustainabilityFactors>
		<fdd:disclosure>Openly published specification by United States Geological Survey (USGS). <a href="https://web.archive.org/web/20180612184053/https:/nationalmap.gov/standards/pdf/1DEM0897.PDF">Standards for Digital Elevation Models</a> (link via Internet Archive)
specifies the collection, processing, and quality control of digital elevation model (DEM) data intended for entry into the National Digital Cartographic Data Base (NDCDB).</fdd:disclosure>
		<fdd:documentation>Published by USGS at <a href="https://web.archive.org/web/20130217021915/http://nationalmap.gov/standards/demstds.html">Digital Elevation Model Standards</a>.  &quot;Standards for Digital Elevation Models&quot; was published in 1997/8 as four documents: an <a href="https://web.archive.org/web/20130127150150/http://nationalmap.gov/standards/pdf/PDEM0198.PDF">introduction</a>; <a href="https://web.archive.org/web/20130127150147/http://nationalmap.gov/standards/pdf/1DEM0897.PDF">Part 1: General</a>; <a href="https://web.archive.org/web/20130127150158/http://nationalmap.gov/standards/pdf/2DEM0198.PDF">Part 2: Specifications</a>; and <a href="https://web.archive.org/web/20130127150154/http://nationalmap.gov/standards/pdf/3DEM0897.PDF">Part 3: Quality Control</a>.  No longer online as of May 2020. Links via Internet Archive.</fdd:documentation>
		<fdd:adoption>
			<p>It is an open standard, and has been used throughout the world. It has been superseded by the USGS&apos;s own <fddLink id="fdd000286">SDTS</fddLink> format but the format remains popular due to large numbers of legacy files, self-containment, relatively simple field structure and broad, mature software support.</p>
			<p>As of 2006, the USGS no longer distributed elevation data in the DEM format, but, due to popular demand, USGS data was made available in the DEM format by other sources, e.g., <a href="http://www.webgis.com/terraindata.html">WebGIS Terrain Data</a>.</p>
		</fdd:adoption>
		<fdd:licensingAndPatents>No licensing concerns.</fdd:licensingAndPatents>
		<fdd:transparency>Very good.</fdd:transparency>
		<fdd:selfDocumentation>The single type A record in a DEM file contains information describing the data in the type B records.  The optional single type C record provides information on the accuracy of the data.</fdd:selfDocumentation>
		<fdd:externalDependencies>None</fdd:externalDependencies>
		<fdd:techProtection>None</fdd:techProtection>
	</fdd:sustainabilityFactors>
	<fdd:qualityAndFunctionalityFactors>
		<fdd:gisQF>
			<fdd:normalGIS>
				<p>Per the 1986 <a href="https://web.archive.org/web/20180612184054/https:/nationalmap.gov/standards/pdf/2DEM0198.PDF">Standards for Digital Elevation Models, Part 2: Specifications</a> (link via Internet Archives), two types of horizontal datums were used for DEM data distributed by the USGS, the civilian North American Datum (NAD) and military World Geodetic System (WGS). The NAD 27 datum was used to define positions on USGS topographic maps and 7.5-minute DEM's. The USGS NAD 83 for these applications. The WGS 72 is currently used to define positions for 1-degree NIMA DEM's and DTED's. The NIMA is converting these data to the new WGS 84. The NAD 83 and WGS 84 datums are being phased into the mapping community at different rates or where resources are available. For the conterminous United States, these new datums are considered to be functionally the same; however, the two have been defined separately because they were designed to serve different segments of the mapping community, primarily civilian and military. The following information will help clarify the relationship between these datums.</p>
				<p>
					<a href="https://web.archive.org/web/20180612184055/https:/nationalmap.gov/standards/pdf/3DEM0897.PDF">Standards for Digital Elevation Models, Part 3: Quality Control</a> (link via Internet Archives) explains that the computer program, DEM VERIFY, is the standard software used to verify the logical and physical format as part of the data base entry procedure. Validation by this software applies to all DEM software systems of the USGS and other government agencies or contractors whose data are intended for submission to the NDCDB. In all cases where the integrity of the logical or physical DEM structure is in question, DEM VERIFY is the standard software for format verification.</p>
			</fdd:normalGIS>
			<fdd:metadataGIS>Two classes of metadata are provided for each product: textual metadata and spatial metadata. Textual metadata are XML files containing information specific to each downloadable dataset. Spatial metadata is delivered in a geopackage containing information about all source datasets. See <a href="https://www.usgs.gov/ngp-standards-and-specifications/lidar-base-specification-deliverables">Lidar Base Specification 2022 rev. A: Metadata</a> for details.</fdd:metadataGIS>
			<fdd:grids>
				<a href="https://www.usna.edu/Users/oceano/pguth/md_help/html/demb55bn.htm">DEM file formats</a> store raster-based data set with a regular grid of elevations arranged by columns and row.</fdd:grids>
			<fdd:beyondGIS>None.</fdd:beyondGIS>
		</fdd:gisQF>
	</fdd:qualityAndFunctionalityFactors>
	<fdd:fileTypeSignifiers>
		<fdd:signifiersGroup>
			<fdd:filenameExtension>
				<fdd:sigValues>
					<fdd:sigValue>dem</fdd:sigValue>
				</fdd:sigValues>
				<fdd:note>See <a href="https://www.hec.usace.army.mil/confluence/fiadocs/fiaum/v.3.1/map-layers/map-layer-formats">HEC-FIA Map Layer Formats</a>. </fdd:note>
			</fdd:filenameExtension>
			<fdd:other>
				<fdd:tag>Pronom PUID</fdd:tag>
				<fdd:values>
					<fdd:sigValueNA>See note.</fdd:sigValueNA>
					<fdd:note>PRONOM has no corresponding entry as of August 2022.</fdd:note>
				</fdd:values>
			</fdd:other>
			<fdd:other>
				<fdd:tag>Wikidata Title ID</fdd:tag>
				<fdd:values>
					<fdd:sigValues>
						<fdd:sigValue>Q640492</fdd:sigValue>
					</fdd:sigValues>
					<fdd:note>See <a href="https://www.wikidata.org/wiki/Q640492">https://www.wikidata.org/wiki/Q640492</a>.
</fdd:note>
				</fdd:values>
			</fdd:other>
		</fdd:signifiersGroup>
	</fdd:fileTypeSignifiers>
	<fdd:notes>
		<fdd:general>The USGS has produced five different digital elevation products. Although all are identical in the manner the data are structured, each varies in sampling interval, geographic reference system, areas of coverage, and accuracy; with the primary differing characteristic being the spacing, or sampling interval, of the data. 
<ul>
				<li>7.5-Minute DEM 30- x 30-meter data spacing </li>
				<li>2-Arc-Second DEM 2- x 2-arc-second data spacing </li>
				<li>15-Minute Alaska DEM 2- x 3-arc-second data spacing </li>
				<li>7.5-Minute Alaska DEM 1- x 2-arc-second data spacing .</li>
				<li>1-degree DEM 3- x 3-arc-second data spacing</li>
			</ul>
			<p>DEMs may be used in the generation of three-dimensional graphics displaying terrain slope, aspect (direction of slope), and terrain profiles between selected points. At the USGS, DEMs have been used in combination with digital raster graphics (DRG&apos;s), digital line graphs (DLG&apos;s), and digital orthophoto quadrangles (DOQ&apos;s) to both enhance the visual information for data extraction and revision purposes and to create aesthetically pleasing and dramatic hybrid digital images. Non-graphic applications such as modeling terrain and gravity data for use in the search for energy resources, calculating the volume of proposed reservoirs, and determining landslide probability have also been developed.</p>
		</fdd:general>
		<fdd:history>
			<p>Created by an act of Congress in 1879, the <a href="https://www.usgs.gov/about/about-us">U.S. Geological Survey</a> has evolved over the decades, matching its talent and knowledge to the progress of science and technology. The USGS is the sole science agency for the Department of the Interior. It is sought out by thousands of partners and customers for its natural science expertise and its vast earth and biological data holdings.</p>
			<p>The DEM format originates from 1992. Originally, USGS DEM files were available on 9-track, 8mm, and 3480 cartridge tape.  The 1-degree, 7.5-minute, and 2-arc-second DEM files were also available for distribution over the Internet via FTP.  See <a href="https://web.archive.org/web/20051109202147/http://rockyweb.cr.usgs.gov/elevation/dpi_dem.html">USGS Digital Elevation Model Information</a> from 2005.</p>
			<p>The <a href="https://pubs.usgs.gov/tm/11b9/tm11B9.pdf">USGS initiated development</a> of seamless elevation layers in the early 1990s to serve as one of the seven framework data themes of the National Spatial Data Infrastructure. The intent of a framework dataset was to collaboratively create geospatial data at a common standard among contributing agencies, and to create them in such a way as to provide a base layer for many applications and for use by a broad set of consumers. The first continental and global seamless datasets the USGS developed were at 1-kilometer resolution followed by regional prototypes in 1996. The first full coverage of conterminous United States (CONUS) was completed in 1997 and was based on a combination of approximately (~) 10-meter, ~30-meter, 2-arc-second, and 3-arc-second resolution source data. In 1999, the National Elevation Dataset was finished for CONUS using 10-meter and 30-meter data only.</p>
			<p>Starting in 1995, the 7.5-minute USGS DEM data was converted to the newer <fddLink id="fdd000286">SDTS</fddLink> format.  From August 2001 until 2017, DEM datasets in SDTS format were available for download from <a href="https://web.archive.org/web/20170501124412/http://www.geocomm.com/">GeoCommunity</a> at the <a href="https://web.archive.org/web/20011205090135/http://www.gisdatadepot.com/dem/">GIS Data Depot</a>. Soon afterwards, other vendors provided similar services.  See <a href="https://archive.usgs.gov/archive/sites/mcmcweb.er.usgs.gov/sdts/hosts.html">FGDC-Compliant USGS SDTS 7.5&apos; DEMs available online</a>.</p>
			<p>Starting in 2006, USGS no longer distributed elevation data in the DEM format.  However, USGS elevation data in the DEM format has continued to be available from other sources, e.g., <a href="http://www.webgis.com/terraindata.html">WebGIS Terrain Data</a>.  Other entities continued to issue elevation data in the USGS &quot;native&quot; DEM format described here.</p>
			<p>See <a href="http://www.terrainmap.com/rm39.html">Free Digital Elevation Model (DEM) and Free Satellite Imagery Download Links</a> for a discussion of the transition away from the DEM format by USGS and links to sites that support the ongoing demand for elevation data in the DEM format.</p>
		</fdd:history>
	</fdd:notes>
	<fdd:formatSpecifications>
		<fdd:urls>
			<fdd:url>
				<fdd:urlReference>
					<link>https://web.archive.org/web/20130217021915/http://nationalmap.gov/standards/demstds.html</link>
					<tag>Digital Elevation Model Standards</tag>
					<comment>Link via Internet Archive.</comment>
				</fdd:urlReference>
			</fdd:url>
		</fdd:urls>
	</fdd:formatSpecifications>
	<fdd:usefulReferences>
		<fdd:urls>
			<fdd:url>
				<fdd:urlReference>
					<link>https://pubs.er.usgs.gov/publication/fs04000</link>
					<tag>US GeoData Digital Elevation Models: Fact Sheet 040-00 (April 2000)</tag>
				</fdd:urlReference>
			</fdd:url>
			<fdd:url>
				<fdd:urlReference>
					<link>http://web.archive.org/web/20061230004916/http://agdc.usgs.gov/data/usgs/geodata/dem/dugdem.pdf</link>
					<tag>Digital Elevation Model (DEM): Data Users Guide 5 (1993)</tag>
					<comment>1993 DEM specification, examples. etc.</comment>
				</fdd:urlReference>
			</fdd:url>
			<fdd:url>
				<fdd:urlReference>
					<link>http://web.archive.org/web/20080308061006/http://eros.usgs.gov/guides/dem.html</link>
					<tag>USGS Digital Elevation Model (DEM) Guide (as of 2006)</tag>
					<comment>Link via Internet Archive.  No longer available from USGS EROS program.</comment>
				</fdd:urlReference>
			</fdd:url>
			<fdd:url>
				<fdd:urlReference>
					<link>http://web.archive.org/web/20080511221408/http://eros.usgs.gov/guides/usgs_dem_supplement.html</link>
					<tag>DEM Data Record Format</tag>
					<comment>Includes annotated examples for the three record types, A, B, and C.  Link via Internet Archive.  No longer available from USGS EROS program.</comment>
				</fdd:urlReference>
			</fdd:url>
			<fdd:url>
				<fdd:urlGroup>
					<fdd:intro>Various resources related to Native DEM data from earlier USGS websites. Links via Internet Archive. </fdd:intro>
					<fdd:urlList>
						<fdd:urlReference>
							<link>https://web.archive.org/web/20051013062518/http://edc.usgs.gov/buspartners/digital/digital_program.html</link>
							<tag>USGS Business Partner Program: Digital Cartographic Data (as of 2005)</tag>
							<comment>Dealerships were available for redistribution of DEM data.</comment>
						</fdd:urlReference>
						<fdd:urlReference>
							<link>http://web.archive.org/web/20040113062736/http://rockyweb.cr.usgs.gov/elevation/dpi_dem.html</link>
							<tag>What is a DEM?  (as of 2004)</tag>
						</fdd:urlReference>
						<fdd:urlReference>
							<link>http://web.archive.org/web/20080601185846/http://edc2.usgs.gov/geodata/index.php</link>
							<tag>USGS Geographic Data Download
(as of 2008)</tag>
						</fdd:urlReference>
						<fdd:urlReference>
							<link>https://web.archive.org/web/20130215183411/http:/nationalmap.gov/standards/index.html</link>
							<tag>National Geospatial Program Standards and Specifications (as of 2013) | link via Internet Archive</tag>
						</fdd:urlReference>
					</fdd:urlList>
				</fdd:urlGroup>
			</fdd:url>
			<fdd:url>
				<fdd:urlReference>
					<link>http://web.archive.org/web/19991012071040/http://mcmcweb.er.usgs.gov/sdts/index.html</link>
					<tag>Spatial Data Transfer Standard (SDTS) Information Site (as of 1999)</tag>
					<comment>Link via Internet Archive</comment>
				</fdd:urlReference>
			</fdd:url>
			<fdd:url>
				<fdd:urlReference>
					<link>https://www.usna.edu/Users/oceano/pguth/md_help/html/demb55bn.htm</link>
					<tag>Introduction to DEMs from US Naval Academy website</tag>
				</fdd:urlReference>
			</fdd:url>
			<fdd:url>
				<fdd:urlReference>
					<link>https://www.usgs.gov/ngp-standards-and-specifications/lidar-base-specification-deliverables</link>
					<tag>Lidar Base Specification 2022 rev. A</tag>
				</fdd:urlReference>
			</fdd:url>
			<fdd:url>
				<fdd:urlReference>
					<link>https://www.wikidata.org/wiki/Q640492</link>
					<tag>Wikidata entry for Q640492</tag>
					<comment>Information in Wikidata about DEM, Digital Elevation Model. Wikidata Title ID: Q640492.</comment>
				</fdd:urlReference>
			</fdd:url>
			<fdd:url>
				<fdd:urlReference>
					<link>https://pubs.usgs.gov/tm/11b9/tm11B9.pdf</link>
					<tag>USGS The National Map Seamless Digital Elevation
Model Specifications</tag>
				</fdd:urlReference>
			</fdd:url>
			<fdd:url>
				<fdd:urlReference>
					<link>https://library.carleton.ca/guides/help/dem-formats</link>
					<tag>Carleton University MacOdrum Library: Digital Elevation Model (DEM) Formats</tag>
				</fdd:urlReference>
			</fdd:url>
		</fdd:urls>
	</fdd:usefulReferences>
</fdd:FDD>
