<?xml version="1.0" encoding="UTF-8"?>
<fdd:FDD id="fdd000158" titleName="MPEG-4 File Format, V.2, with AVC, No Profile Indicated" shortName="MP4_FF_2_AVC" xmlns:xsi="http://www.w3.org/2001/XMLSchema-instance" xmlns:fdd="http://www.loc.gov/preservation/digital/formats/schemas/fdd/v1" xsi:schemaLocation="http://www.loc.gov/preservation/digital/formats/schemas/fdd/v1 http://www.loc.gov/preservation/digital/formats/schemas/fdd/v1/fdd-v1-1.xsd">
	<fdd:properties>
		<fdd:gdfrGenreSelection>
			<fdd:gdfrGenre>moving-image</fdd:gdfrGenre>
		</fdd:gdfrGenreSelection>
		<fdd:formatCategories>
			<fdd:category>file-format</fdd:category>
			<fdd:category>encoding</fdd:category>
		</fdd:formatCategories>
		<fdd:gdfrComposition>unitary</fdd:gdfrComposition>
		<fdd:gdfrForm>binary</fdd:gdfrForm>
		<fdd:gdfrBasis>sampled</fdd:gdfrBasis>
		<fdd:updates>
			<fdd:date>2010-06-29</fdd:date>
		</fdd:updates>
		<fdd:draftStatus>Full</fdd:draftStatus>
	</fdd:properties>
	<fdd:identificationAndDescription>
		<fdd:fullName>MPEG-4 file format, version 2, with Advanced Video Coding, no profile indicated (common name)</fdd:fullName>
		<fdd:keywords>
			<fdd:keyword>MPEG</fdd:keyword>
			<fdd:keyword>MPEG-4</fdd:keyword>
		</fdd:keywords>
		<fdd:description>Combination of a file format (wrapper) and encoding category (Advanced Video Coding; AVC, no profile indicated).</fdd:description>
		<fdd:shortDescription>Combination of a file format (wrapper) and encoding category (Advanced Video Coding; AVC, no profile indicated).</fdd:shortDescription>
		<fdd:productionPhase>Generally a final-state (end-user delivery) format, may also serve as middle-state format. </fdd:productionPhase>
		<fdd:relationships>
			<fdd:relationship>
				<fdd:typeOfRelationship>Subtype of</fdd:typeOfRelationship>
				<fdd:relatedTo>
					<fdd:id>fdd000155</fdd:id>
					<fdd:shortName>MP4_FF_2</fdd:shortName>
					<fdd:titleName>MPEG-4 File Format, Version 2</fdd:titleName>
				</fdd:relatedTo>
			</fdd:relationship>
			<fdd:relationship>
				<fdd:typeOfRelationship>May contain</fdd:typeOfRelationship>
				<fdd:relatedTo>
					<fdd:id>fdd000081</fdd:id>
					<fdd:shortName>MPEG-4_AVC</fdd:shortName>
					<fdd:titleName>MPEG-4, Advanced Video Coding (Part 10) (H.264)</fdd:titleName>
				</fdd:relatedTo>
			</fdd:relationship>
			<fdd:relationship>
				<fdd:typeOfRelationship>May contain</fdd:typeOfRelationship>
				<fdd:relatedTo>
					<fdd:id>fdd000114</fdd:id>
					<fdd:shortName>AAC_MP4</fdd:shortName>
					<fdd:titleName>Advanced Audio Coding (MPEG-4)</fdd:titleName>
				</fdd:relatedTo>
			</fdd:relationship>
			<fdd:relationship>
				<fdd:typeOfRelationship>May contain</fdd:typeOfRelationship>
				<fdd:relatedTo>
					<fdd:id>fdd000233</fdd:id>
					<fdd:shortName>AAC_MP4_LC</fdd:shortName>
					<fdd:titleName>AAC (MPEG-4) Low Complexity Object</fdd:titleName>
				</fdd:relatedTo>
			</fdd:relationship>
			<fdd:relationship>
				<fdd:typeOfRelationship>May contain</fdd:typeOfRelationship>
				<fdd:comment>Additional audio, graphics, and scene graph stream types.  Not documented at this time.</fdd:comment>
			</fdd:relationship>
		</fdd:relationships>
	</fdd:identificationAndDescription>
	<fdd:sustainabilityFactors>
		<fdd:disclosure>Open standard. Developed through ISO technical program <a href="http://www.iso.org/iso/iso_technical_committee.html?commid=45316">JTC 1/SC 29</a> for coding of audio, picture, multimedia and hypermedia information by Working Group 11 (WG11) aka the Moving Picture Experts Group (<a href="http://mpeg.chiariglione.org">MPEG</a>).</fdd:disclosure>
		<fdd:documentation>
			See <fddLink id="fdd000155">MP4_FF_2</fddLink> and <fddLink id="fdd000081">MPEG-4_AVC</fddLink>.
		</fdd:documentation>
		<fdd:adoption>
			See <fddLink id="fdd000155">MP4_FF_2</fddLink>.
		</fdd:adoption>
		<fdd:licensingAndPatents>
			See <fddLink id="fdd000155">MP4_FF_2</fddLink>.
		</fdd:licensingAndPatents>
		<fdd:transparency>
			See <fddLink id="fdd000081">MPEG-4_AVC</fddLink>.
		</fdd:transparency>
		<fdd:selfDocumentation>
			See <fddLink id="fdd000155">MP4_FF_2</fddLink>.
		</fdd:selfDocumentation>
		<fdd:externalDependencies>
			See <fddLink id="fdd000155">MP4_FF_2</fddLink>.
		</fdd:externalDependencies>
		<fdd:techProtection>
			See <fddLink id="fdd000155">MP4_FF_2</fddLink>.
		</fdd:techProtection>
	</fdd:sustainabilityFactors>
	<fdd:qualityAndFunctionalityFactors>
		<fdd:movingImageQF>
			<fdd:normalVideo>See <fddLink id="fdd000155">MP4_FF_2</fddLink>.</fdd:normalVideo>
			<fdd:clarity>See <fddLink id="fdd000081">MPEG-4_AVC</fddLink>.</fdd:clarity>
			<fdd:beyondVideo>See <fddLink id="fdd000155">MP4_FF_2</fddLink>.</fdd:beyondVideo>
		</fdd:movingImageQF>
		<fdd:soundQF>
			<fdd:fidelity>See <fddLink id="fdd000155">MP4_FF_2</fddLink>.</fdd:fidelity>
			<fdd:channels>See <fddLink id="fdd000155">MP4_FF_2</fddLink>.</fdd:channels>
			<fdd:beyondSound>See <fddLink id="fdd000155">MP4_FF_2</fddLink>.</fdd:beyondSound>
		</fdd:soundQF>
	</fdd:qualityAndFunctionalityFactors>
	<fdd:fileTypeSignifiers>
		<fdd:signifiersGroup>
			<fdd:filenameExtension>
				<fdd:sigValueNA>See related format.</fdd:sigValueNA>
				<fdd:note>
					<p>See <fddLink id="fdd000155">MP4_FF_2</fddLink>
					</p>
				</fdd:note>
			</fdd:filenameExtension>
			<fdd:internetMediaType>
				<fdd:sigValueNA>See related format.</fdd:sigValueNA>
				<fdd:note>
					<p>See <fddLink id="fdd000155"> MP4_FF_2</fddLink>
					</p>
				</fdd:note>
			</fdd:internetMediaType>
			<fdd:magicNumbers>
				<fdd:sigValueNA>See related format.</fdd:sigValueNA>
				<fdd:note>
					<p>See <fddLink id="fdd000155">MP4_FF_2</fddLink>
					</p>
				</fdd:note>
			</fdd:magicNumbers>
			<fdd:other>
				<fdd:tag>File type brand (ISO Base Media File Format)</fdd:tag>
				<fdd:values>
					<fdd:sigValueNA>See related format.</fdd:sigValueNA>
					<fdd:note>
						<p>See <fddLink id="fdd000155">MP4_FF_2</fddLink>
						</p>
					</fdd:note>
				</fdd:values>
			</fdd:other>
		</fdd:signifiersGroup>
	</fdd:fileTypeSignifiers>
	<fdd:formatSpecifications>
		<fdd:citations>
			<fdd:citation>
				<fdd:specReference> ISO/IEC 14496-10:2003   Information technology -- Coding of audio-visual objects -- Part 10: Advanced Video Coding</fdd:specReference>
			</fdd:citation>
			<fdd:citation>
				<fdd:specReference> ISO/IEC 14496-14:2003   Information technology -- Coding of audio-visual objects -- Part 14: MP4 file format</fdd:specReference>
			</fdd:citation>
		</fdd:citations>
	</fdd:formatSpecifications>
	<fdd:usefulReferences>
		<fdd:urls>
			<fdd:url>
				<fdd:urlGroup>
					<fdd:intro>See <fddLink id="fdd000155">MP4_FF_2</fddLink>.</fdd:intro>
				</fdd:urlGroup>
			</fdd:url>
		</fdd:urls>
	</fdd:usefulReferences>
</fdd:FDD>
