<?xml version="1.0" encoding="UTF-8"?>
<fdd:FDD id="fdd000278" titleName="EPUB, Electronic Publication, Version 2" shortName="EPUB_2" xmlns:xsi="http://www.w3.org/2001/XMLSchema-instance" xmlns:fdd="http://www.digitalpreservation.gov/formats/schemas/fdd/v1" xsi:schemaLocation="http://www.digitalpreservation.gov/formats/schemas/fdd/v1 http://www.digitalpreservation.gov/formats/schemas/fdd/v1/fdd-v1-0.xsd">
	<fdd:properties>
		<fdd:gdfrGenreSelection>
			<fdd:gdfrGenre>text</fdd:gdfrGenre>
		</fdd:gdfrGenreSelection>
		<fdd:formatCategories>
			<fdd:category>encoding</fdd:category>
			<fdd:category>file-format</fdd:category>
		</fdd:formatCategories>
		<fdd:gdfrComposition>container-wrapper</fdd:gdfrComposition>
		<fdd:gdfrForm>text</fdd:gdfrForm>
		<fdd:gdfrConstraint>structured</fdd:gdfrConstraint>
		<fdd:gdfrBasis>symbolic</fdd:gdfrBasis>
		<fdd:updates>
			<fdd:date>2011-03-31</fdd:date>
		</fdd:updates>
		<fdd:draftStatus>Full</fdd:draftStatus>
	</fdd:properties>
	<fdd:identificationAndDescription>
		<fdd:fullName>EPUB, Electronic Publication, Version 2</fdd:fullName>
		<fdd:keywords>
			<fdd:keyword>document formats</fdd:keyword>
		</fdd:keywords>
		<fdd:description>
			<p>EPUB is a format for electronic publications with reflowable text in marked up document structure with associated images for illustrations, all in a container format.  Reflowable text allows the text display to be optimized for the particular display device used by the reader of the EPUB-formatted book; this is in contrast to documents with pre-determined pagination.  EPUB allows publishers to control document presentation through style-sheets.  EPUB, Version 2 comprises three separate specifications:</p>
			<ul>
				<li>OCF, Open Container Format, specifies the mandatory container for an EPUB.  OCF is based on the ZIP format.</li>
				<li>OPS, Open Publication Structure specifies options for representation of the content of an electronic publication. Content components can be XML-based documents for the flowable text, together with raster or vector images representing illustrations. OPS specifies &quot;preferred vocabularies&quot; for XML-based content components and &quot;core media types&quot; that include raster and vector image formats that readers must support.</li>
				<li>OPF, Open Packaging Format, defines how components of an OPS publication are related, defining the natural reading order, and identifying alternate representations for content elements.  OPF also holds document metadata. </li>
			</ul>
			<p>EPUB is the unifying term used to denote a collection of OPS Documents, an OPF Package file, and other files, typically in a variety of media types, including structured text and graphics, packaged in an OCF container that constitute a cohesive unit for publication, as defined by the EPUB standards. The container file for an EPUB has the extension .epub.</p>
			<p>EPUB 2 was initially standardized in 2007.  EPUB 2.0.1 was approved in 2010. </p>
		</fdd:description>
		<fdd:shortDescription>Published in 2007, a format for electronic publications with reflowable text in marked up document structure with associated images for illustrations, all in a container format.  Reflowable text allows the text display to be optimized for the particular display device, in contrast to documents with pre-determined pagination.  EPUB allows publishers to control document presentation through style-sheets.  </fdd:shortDescription>
		<fdd:productionPhase>An EPUB file is likely to be used primarily as a final-state format, for dissemination to end-users </fdd:productionPhase>
		<fdd:relationships>
			<fdd:relationship>
				<fdd:typeOfRelationship>Subtype of</fdd:typeOfRelationship>
				<fdd:comment>OCF (Open Container Format), based on the ZIP archiving format, not yet separately described at this site.</fdd:comment>
			</fdd:relationship>
			<fdd:relationship>
				<fdd:typeOfRelationship>Contains</fdd:typeOfRelationship>
				<fdd:comment>OPF, Open Packaging Format, not yet separately described at this site. </fdd:comment>
			</fdd:relationship>
			<fdd:relationship>
				<fdd:typeOfRelationship>May contain</fdd:typeOfRelationship>
				<fdd:relatedTo>
					<fdd:id>fdd000171</fdd:id>
					<fdd:shortName>OEBPS_1_2</fdd:shortName>
					<fdd:titleName>Open eBook Forum Publication Structure 1.2</fdd:titleName>
				</fdd:relatedTo>
			</fdd:relationship>
			<fdd:relationship>
				<fdd:typeOfRelationship>May contain</fdd:typeOfRelationship>
				<fdd:relatedTo>
					<fdd:id>fdd000275</fdd:id>
					<fdd:shortName>DTB_2005</fdd:shortName>
					<fdd:titleName>DTB (Digital Talking Book), 2005</fdd:titleName>
				</fdd:relatedTo>
			</fdd:relationship>
			<fdd:relationship>
				<fdd:typeOfRelationship>May contain</fdd:typeOfRelationship>
				<fdd:relatedTo>
					<fdd:id>fdd000133</fdd:id>
					<fdd:shortName>GIF</fdd:shortName>
					<fdd:titleName>GIF Graphics Interchange Format, Version 89a</fdd:titleName>
				</fdd:relatedTo>
			</fdd:relationship>
			<fdd:relationship>
				<fdd:typeOfRelationship>May contain</fdd:typeOfRelationship>
				<fdd:relatedTo>
					<fdd:id>fdd000018</fdd:id>
					<fdd:shortName>JFIF</fdd:shortName>
					<fdd:titleName>JFIF, JPEG File Interchange Format</fdd:titleName>
				</fdd:relatedTo>
			</fdd:relationship>
			<fdd:relationship>
				<fdd:typeOfRelationship>May contain</fdd:typeOfRelationship>
				<fdd:relatedTo>
					<fdd:id>fdd000153</fdd:id>
					<fdd:shortName>PNG</fdd:shortName>
					<fdd:titleName>Portable Network Graphics
</fdd:titleName>
				</fdd:relatedTo>
			</fdd:relationship>
			<fdd:relationship>
				<fdd:typeOfRelationship>May contain</fdd:typeOfRelationship>
				<fdd:relatedTo>
					<fdd:id>fdd000120</fdd:id>
					<fdd:shortName>SVG_1_1</fdd:shortName>
					<fdd:titleName>Scalable Vector Graphics (SVG), Version 1.1</fdd:titleName>
				</fdd:relatedTo>
			</fdd:relationship>
			<fdd:relationship>
				<fdd:typeOfRelationship>May contain</fdd:typeOfRelationship>
				<fdd:comment>Other XML-based content types, including XML &quot;islands&quot; containing XML chunks based on non-preferred schemas or DTDs.</fdd:comment>
			</fdd:relationship>
			<fdd:relationship>
				<fdd:typeOfRelationship>Has later version</fdd:typeOfRelationship>
				<fdd:relatedTo>
					<fdd:id>fdd000308</fdd:id>
					<fdd:shortName>EPUB_3</fdd:shortName>
					<fdd:titleName>EPUB, Electronic Publication, Version 3</fdd:titleName>
				</fdd:relatedTo>
			</fdd:relationship>
		</fdd:relationships>
	</fdd:identificationAndDescription>
	<fdd:localUse>
		<fdd:experience>No current use at LC.</fdd:experience>
		<fdd:preference>As an XML-based format using publicly documented schemas that represent the logical structure of a publication, EPUB_2 satisfies most of the desired characteristics for formats for textual works, if the content files are not encrypted and the file is not subject to technological protection that inhibits long-term preservation and access.</fdd:preference>
	</fdd:localUse>
	<fdd:sustainabilityFactors>
		<fdd:disclosure>Open standard, developed and maintained under the auspices of the International Digital Publishing Forum (<a href="http://idpf.org/">IDPF</a>). </fdd:disclosure>
		<fdd:documentation>Specifications for <a href="http://idpf.org/epub/201">EPUB version 2.0.1</a> from IDPF.</fdd:documentation>
		<fdd:adoption>
			<p>As of March 2011, it is clear that the EPUB specification has filled a consumer need for a reflowable text format that can be used with a variety of hardware and software readers, so that a purchased eBook can be read on more than one reading device owned by the purchaser.  Some vendors feel that this portability will appeal to consumers, in contrast to proprietary formats that can only be read on devices supported by the vendor.  EPUB is also popular as a distribution format for transcribed books out of copyright.  Although the format is also sometimes used for books digitized by scanning and OCR, it is unsatisfactory unless the OCR quality is very high.</p>
			<p>As of March 2011, hardware reading devices supporting the EPUB format include: iPad, iPhone, Sony, Nook, Kobo, and Android devices.</p>
			<p>Software EPUB readers include: add-ons for browsers; Adobe Digital Editions; ibisReader; and web-based readers, such as Bookworm and BookGlutton.  See <a href="http://www.epubbooks.com/ereaders">EPUB eBook Readers</a> from epubbooks.com for a list of reading applications and devices.  Some readers can only handle files not protected by digital rights management (DRM).</p>
			<p>Publishing software for producing EPUB publications includes: Adobe InDesign and Content Server; Calibre; free tools to convert to EPUB_2 from various formats, including TEI, Microsoft Word, and RTF at http://code.google.com/p/epub-tools/; Sigil open source ePub/eBook editor.</p>
			<p>Despite all the strong signs of adoption, the fact that work started on version 3 of EPUB so soon, and that it will be significantly different, might indicate that some active supporters of EPUB are looking for a different balance between publisher control and user convenience (flexibility, simplicity and cost-effectiveness). Alternatively, it might simply indicate that the technology for electronic publications is in flux.  Embedded rich media content, which will be supported in EPUB, Version 3, will provide more of a challenge to developers of free software.</p>
		</fdd:adoption>
		<fdd:licensingAndPatents>No licensing concerns for production or use of content compliant with the EPUB specifications or core media types for Version 2.  </fdd:licensingAndPatents>
		<fdd:transparency>Text content must be in XML or XHTML, which rates highly for transparency.  However, encryption is permitted.  If content files are encrypted, the package file must contain the information necessary for decryption, including key and algorithm used.  If used, embedded fonts may be obfuscated (see <a href="#notes">Notes</a> below) which also reduces transparency. </fdd:transparency>
		<fdd:selfDocumentation>The OPF packaging file can include unqualified Dublin Core (DCMES) metadata.
		It also provides structural metadata to relate the various content documents through a table of contents and to stipulate a natural reading order.</fdd:selfDocumentation>
		<fdd:externalDependencies>No dependencies for unencrypted publications.  However, encrypted, protected publications usually depend for access on specific proprietary reader applications to satisfy the procedures and perform the particular decryption operations required by the DRM scheme selected by the publication&apos;s vendor.</fdd:externalDependencies>
		<fdd:techProtection>
			<p>In addition to support for encryption of content files within the OCF container, an optional element of the OCF container format can specify digital rights management terms and procedures.  In practice, as of March 2011, most purchased EPUBs are protected by Adobe&apos;s ADEPT DRM scheme.</p>
		</fdd:techProtection>
	</fdd:sustainabilityFactors>
	<fdd:qualityAndFunctionalityFactors>
		<fdd:textQF>
			<fdd:normalText>Good support.</fdd:normalText>
			<fdd:structure>The logical structure of a document is an essential feature of EPUB.</fdd:structure>
			<fdd:layout>Publishers may choose to control some aspects of layout through style-sheets.  However, flowable text, by definition, will break lines and paginate text differently depending on the reading platform and user choices.</fdd:layout>
			<fdd:mathDiag>Not supported.</fdd:mathDiag>
			<fdd:beyondText>Flowable text can adapt to reading devices with a variety of form factor.</fdd:beyondText>
		</fdd:textQF>
	</fdd:qualityAndFunctionalityFactors>
	<fdd:fileTypeSignifiers>
		<fdd:signifiersGroup>
			<fdd:filenameExtension>
				<fdd:sigValues>
					<fdd:sigValue>epub</fdd:sigValue>
				</fdd:sigValues>
				<fdd:note>Recommended extension for the EPUB publication file in its container format. </fdd:note>
			</fdd:filenameExtension>
			<fdd:internetMediaType>
				<fdd:sigValues>
					<fdd:sigValue>application/epub+zip</fdd:sigValue>
				</fdd:sigValues>
				<fdd:note>From OCF specification.</fdd:note>
			</fdd:internetMediaType>
			<fdd:magicNumbers>
				<fdd:sigValueNA>See note.</fdd:sigValueNA>
				<fdd:note>From OCF specification:<ul>
						<li>The bytes “PK” will be at the beginning of the file</li>
						<li>The bytes “mimetype” will be at position 30</li>
						<li>actual MIME type (i.e., the ASCII string “application/epub+zip”) will begin at position 38
</li>
					</ul>
				</fdd:note>
			</fdd:magicNumbers>
			<fdd:other>
				<fdd:tag>Indicator for profile, level, version, etc.</fdd:tag>
				<fdd:values>
					<fdd:sigValueNA>See note.</fdd:sigValueNA>
					<fdd:note>The version of EPUB, in this case &quot;2.0,&quot; is identified in the <i>version</i> attribute of the root &lt;package&gt; element in the .opf file, which can be found in the OEBPS directory when the contents of the .epub file is &quot;unzipped&quot;, i.e., extracted from the ZIP archive into its component files.</fdd:note>
				</fdd:values>
			</fdd:other>
		</fdd:signifiersGroup>
	</fdd:fileTypeSignifiers>
	<fdd:notes>
		<fdd:general>
			<p>Conforming EPUB reading systems must support: XML, XHTML, DTBOOK (including NCX), OEBPS_1_2, CSS, GIF, JPEG, PNG, and SVG.  These are <a href="http://idpf.org/epub/20/spec/OPS_2.0.1_draft.htm#Section1.3.7">OPS Core Media Types</a> that all Reading Systems must support and publications may include. Publications may include resources of other media types, but for each such resource there must be an alternative resource of an OPS Core Media Type using methods defined in this specification or the OPF specification. </p>
			<p>Some vendors of proprietary fonts may only permit their use (and embedding) in EPUBs if the fonts are in some way bound to the particular publication and not available on the user&apos;s system for other purposes.  EPUB supports a method of font obfuscation (also known as &quot;mangling&quot;) for this purpose. <a href="http://idpf.org/epub/20/spec/FontManglingSpec_2.0.1_draft.htm">Obfuscation of embedded fonts for EPUBs</a> is achieved by modifying the first 1040 bytes using a SHA-1 digest of the publication&apos;s unique identifier.</p>
		</fdd:general>
		<fdd:history>
			<p>The Open eBook Publication Structure or &quot;OEB&quot;, originally produced in 1999, was the precursor to OPS.</p>
			<p>Version 1.0 of the Publication Structure was created in the winter, spring, and summer of 1999 by the Open eBook Authoring Group. Following the release of OEBPS 1.0, the Open eBook Forum (OeBF) was formally incorporated in January 2000.  Version 1.0.1, a maintenance release, was brought out in July 2001. OEBPS Version 1.2, incorporating new support for control by content providers over presentation along with other corrections and improvements, was released as a Recommended Specification in August 2002.</p>
			<p>EPUB 2 was initially standardized in 2007.  EPUB 2.0.1 was approved in 2010. </p>
			<p>EPUB, Version 3, was approved as an IDPF Recommendation in October 2011.  It is substantially different from EPUB, Version 2.  Many existing features are dropped, including the use of the Digital Talking Book <fddLink id="fdd000275">DTB_2005</fddLink> as a document content format.  The preferred content format for textual content in EPUB_3 is the XHTML serialization of HTML5.  New features include support for rich media and MathML.  The talking book functionality is replaced by a more general SMIL-based mechanism for media overlays and support for text-to-speech pronunciation hints.</p>
		</fdd:history>
	</fdd:notes>
	<fdd:formatSpecifications>
		<fdd:urls>
			<fdd:url>
				<fdd:urlReference>
					<link>http://idpf.org/epub/201</link>
					<tag>EPUB Version 2 Specifications</tag>
				</fdd:urlReference>
			</fdd:url>
			<fdd:url>
				<fdd:urlReference>
					<link>http://www.idpf.org/epub/20/spec/OCF_2.0.1_draft.doc</link>
					<tag>OCF, version 2.0.1</tag>
					<comment>Open Container Format, IDPF Recommended Specification, September 4, 2010</comment>
				</fdd:urlReference>
			</fdd:url>
			<fdd:url>
				<fdd:urlReference>
					<link>http://www.idpf.org/epub/20/spec/OPS_2.0.1_draft.htm</link>
					<tag>OPS, version 2.0.1</tag>
					<comment>Open Publication Structure, IDPF Recommended Specification, September 4, 2010.  For content files.</comment>
				</fdd:urlReference>
			</fdd:url>
			<fdd:url>
				<fdd:urlReference>
					<link>http://www.idpf.org/epub/20/spec/OPF_2.0.1_draft.htm</link>
					<tag>OPF, version 2.0.1</tag>
					<comment>Open Packaging Format, IDPF Recommended Specification, September 4, 2010.</comment>
				</fdd:urlReference>
			</fdd:url>
		</fdd:urls>
	</fdd:formatSpecifications>
	<fdd:usefulReferences>
		<fdd:urls>
			<fdd:url>
				<fdd:urlReference>
					<link>http://en.wikipedia.org/wiki/EPUB</link>
					<tag>EPUB article at Wikipedia</tag>
				</fdd:urlReference>
			</fdd:url>
			<fdd:url>
				<fdd:urlReference>
					<link>http://code.google.com/p/epubcheck/wiki/Documentation</link>
					<tag>EpubCheck documentation</tag>
					<comment>Documentation for software application for validating EPUB publication files.</comment>
				</fdd:urlReference>
			</fdd:url>
			<fdd:url>
				<fdd:urlReference>
					<link>http://www.idpf.org/epub/20/spec/FontManglingSpec_2.0.1_draft.htm</link>
					<tag>Font Mangling (Obfuscation)</tag>
					<comment>Method for incorporating proprietary fonts in EPUB publication files.</comment>
				</fdd:urlReference>
			</fdd:url>
			<fdd:url>
				<fdd:urlReference>
					<link>http://idpf.org/epub/30</link>
					<tag>EPUB, Version 3.</tag>
					<comment>Official web page from IDPF.</comment>
				</fdd:urlReference>
			</fdd:url>
			<fdd:url>
				<fdd:urlReference>
					<link>http://en.wikipedia.org/wiki/Comparison_of_e-book_formats</link>
					<tag>Comparison of e-book formats at Wikipedia</tag>
				</fdd:urlReference>
			</fdd:url>
			<fdd:url>
				<fdd:urlReference>
					<link>http://www.epubbooks.com/ereaders</link>
					<tag>EPUB Books Readers</tag>
					<comment>Resource from epubBooks.com</comment>
				</fdd:urlReference>
			</fdd:url>
		</fdd:urls>
	</fdd:usefulReferences>
</fdd:FDD>
