<?xml version="1.0" encoding="UTF-8"?>
<fdd:FDD id="fdd000053" titleName="DTB (Digital Talking Book), 2002" shortName="DTB_2002" xmlns:xsi="http://www.w3.org/2001/XMLSchema-instance" xmlns:fdd="http://www.loc.gov/preservation/digital/formats/schemas/fdd/v1" xsi:schemaLocation="http://www.loc.gov/preservation/digital/formats/schemas/fdd/v1 http://www.loc.gov/preservation/digital/formats/schemas/fdd/v1/fdd-v1-1.xsd">
	<fdd:properties>
		<fdd:gdfrGenreSelection>
			<fdd:gdfrGenres>
				<fdd:gdfrGenre>text</fdd:gdfrGenre>
				<fdd:gdfrGenre>sound</fdd:gdfrGenre>
			</fdd:gdfrGenres>
		</fdd:gdfrGenreSelection>
		<fdd:formatCategories>
			<fdd:category>encoding</fdd:category>
			<fdd:category>file-format</fdd:category>
		</fdd:formatCategories>
		<fdd:gdfrComposition>container-bundle</fdd:gdfrComposition>
		<fdd:gdfrForm>text</fdd:gdfrForm>
		<fdd:gdfrConstraint>structured</fdd:gdfrConstraint>
		<fdd:gdfrBasis>symbolic</fdd:gdfrBasis>
		<fdd:updates>
			<fdd:date>2007-08-01</fdd:date>
		</fdd:updates>
		<fdd:draftStatus>Full</fdd:draftStatus>
	</fdd:properties>
	<fdd:identificationAndDescription>
		<fdd:fullName>Digital Talking Book.  ANSI/NISO Z39.86-2002</fdd:fullName>
		<fdd:keywords>
			<fdd:keyword>digital book formats</fdd:keyword>
			<fdd:keyword>accessibility</fdd:keyword>
		</fdd:keywords>
		<fdd:description>
			<p>The NISO Digital Talking Book Standard, ANSI/NISO Z39.86-2002, defines the format and content of the electronic file set that comprises a digital talking book (DTB) and establishes a limited set of requirements for DTB playback devices. It uses established and new specifications to delineate the structure of DTBs whose content can range from XML text only, to text with corresponding spoken audio, to audio with little or no text. DTBs are designed to make print material accessible and navigable for blind or otherwise print-disabled persons.  </p>
			<p>The standard comprises a set of files, including a mandatory package file, which incorporates a <i>manifest</i> listing all the other component files and a <i>spine</i>, which indicates logical reading order.  Component files can be of several types, including: textual content (in XML); audio files; image files; synchronization files (in SMIL); navigation control files (in XML); bookmark/highlight files (in XML).</p>
		</fdd:description>
		<fdd:shortDescription>NISO Digital Talking Book Standard, ANSI/NISO Z39.86-2002, defines the format and content of the electronic file set that comprises a digital talking book (DTB) and establishes a limited set of requirements for DTB playback devices.</fdd:shortDescription>
		<fdd:productionPhase>This bundle of files is likely to be used primarily as a middle-state format, with dissemination to end-users managed through publishers or aggregators who provide in a form appropriate for viewers/players that enforce limitations on access and use consistent with terms imposed by copyright holders.</fdd:productionPhase>
		<fdd:relationships>
			<fdd:relationship>
				<fdd:typeOfRelationship>Contains</fdd:typeOfRelationship>
				<fdd:relatedTo>
					<fdd:id>fdd000054</fdd:id>
					<fdd:shortName>OEBPS_1_0</fdd:shortName>
					<fdd:titleName>OEBPS, Open Ebook Forum Publication Structure 1.0.1</fdd:titleName>
				</fdd:relatedTo>
			</fdd:relationship>
			<fdd:relationship>
				<fdd:typeOfRelationship>Defined via</fdd:typeOfRelationship>
				<fdd:relatedTo>
					<fdd:id>fdd000076</fdd:id>
					<fdd:shortName>XML_DTD</fdd:shortName>
					<fdd:titleName>XML Document Type Definition (DTD)</fdd:titleName>
				</fdd:relatedTo>
			</fdd:relationship>
			<fdd:relationship>
				<fdd:typeOfRelationship>May contain</fdd:typeOfRelationship>
				<fdd:relatedTo>
					<fdd:id>fdd000002</fdd:id>
					<fdd:shortName>WAVE_LPCM</fdd:shortName>
					<fdd:titleName>WAVE Audio File with LPCM Audio</fdd:titleName>
				</fdd:relatedTo>
			</fdd:relationship>
			<fdd:relationship>
				<fdd:typeOfRelationship>May contain</fdd:typeOfRelationship>
				<fdd:relatedTo>
					<fdd:id>fdd000012</fdd:id>
					<fdd:shortName>MP3_ENC</fdd:shortName>
					<fdd:titleName>MP3 Audio Encoding</fdd:titleName>
				</fdd:relatedTo>
			</fdd:relationship>
			<fdd:relationship>
				<fdd:typeOfRelationship>May contain</fdd:typeOfRelationship>
				<fdd:relatedTo>
					<fdd:id>fdd000114</fdd:id>
					<fdd:shortName>AAC_MP4</fdd:shortName>
					<fdd:titleName>Advanced Audio Coding (MPEG-4)</fdd:titleName>
				</fdd:relatedTo>
			</fdd:relationship>
			<fdd:relationship>
				<fdd:typeOfRelationship>Has modified version</fdd:typeOfRelationship>
				<fdd:relatedTo>
					<fdd:id>fdd000256</fdd:id>
					<fdd:shortName>DTB_2002_NLS</fdd:shortName>
					<fdd:titleName>Digital Talking Book, NLS extension for AMR-WB+ Speech Codec</fdd:titleName>
				</fdd:relatedTo>
				<fdd:comment>NLS is the National Library Service for the Blind and Physically Handicapped, a part of the Library of Congress.  The NLS variant of DTB_2002 permits a restricted set of features and uses an audio codec that is not allowed for in the base standard.</fdd:comment>
			</fdd:relationship>
			<fdd:relationship>
				<fdd:typeOfRelationship>Has later version</fdd:typeOfRelationship>
				<fdd:relatedTo>
					<fdd:id>fdd000275</fdd:id>
					<fdd:shortName>DTB_2005</fdd:shortName>
					<fdd:titleName>DTB (Digital Talking Book), 2005</fdd:titleName>
				</fdd:relatedTo>
			</fdd:relationship>
		</fdd:relationships>
	</fdd:identificationAndDescription>
	<fdd:localUse>
		<fdd:experience>The National Library Service for the Blind and Physically Handicapped (NLS), which is part of LC, has been actively involved in the development of this standard.  The unit employs an extended version, <fddLink id="fdd000256">DTB_2002_NLS</fddLink>.</fdd:experience>
		<fdd:preference>Preferred format for digital talking books.  A DTB_2002 or <fddLink id="fdd000256">DTB_2002_NLS</fddLink> incorporating the full text of a work is among the acceptable XML-based formats for textual works, assuming no encryption or DRM is applied.</fdd:preference>
	</fdd:localUse>
	<fdd:sustainabilityFactors>
		<fdd:disclosure>Open standard</fdd:disclosure>
		<fdd:documentation>
			<a href="http://www.niso.org/workrooms/daisy/Z39-86-2002.html">ANSI/NISO Z39.86-2002. Specifications for the Digital Talking Book</a>.  ISSN: 1041-5653
</fdd:documentation>
		<fdd:adoption>
			<p>The National Library Service for the Blind and Physically Handicapped (NLS) is using <fddLink id="fdd000256">DTB_2002_NLS</fddLink>, the extended version of the standard for the production of NLS talking books.  As of April 2009, none of the NLS talking books include full text and there are no plans to produce books with full text. </p>
			<p>Bookshare.Org, which provides full-text books to print-handicapped users, makes the full text (without audio) of books available in several formats, including the NISO DTB standard (aka DAISY 3). </p>
			<p>A forty-member panel representing educators, publishers, technology specialists, and advocacy groups, sponsored by Office of Special Education Programs at the U. S. Department of Education recommended, in a report released in July 2004, that a specific application (or profile) of the NISO DTB standard be adopted as version 1 of the National Instructional Materials Accessibility Standard (NIMAS).  The National Center on Accessible Instructional Materials provides a <a href="http://aem.cast.org/creating/national-instructional-materials-accessibility-standard-nimas.html">list of hardware and software supporting DTB and DAISY specifications.</a>
			</p>
		</fdd:adoption>
		<fdd:licensingAndPatents>None
		</fdd:licensingAndPatents>
		<fdd:transparency>See information on the encoding formats employed for the files that comprise a DTB file set: <fddLink id="fdd000075">XML</fddLink>, <fddLink id="fdd000011">LPCM</fddLink>, <fddLink id="fdd000012">MP3</fddLink>, <fddLink id="fdd000114">AAC_MP4</fddLink>. XML and LPCM both rate highly for transparency.</fdd:transparency>
		<fdd:selfDocumentation>The Package file can include Dublin Core metadata and an extended set of elements intended to record information about rights and the provenance and generation of the talking book from a source text.</fdd:selfDocumentation>
		<fdd:externalDependencies>None.  The format is designed to support effective use of special hardware and software players for the visually impaired, but does not require them.</fdd:externalDependencies>
		<fdd:techProtection>None in relation to the sets of files that comply with the ANSI/NISO Z39.86-2002 specification.  Digital Talking Books are likely to be distributed to end users via mechanisms that do impose technical protections.  Hence it is probable that LC will need to receive such files direct from publisher or aggregator by a special transmittal process rather than by harvesting as if an end user.</fdd:techProtection>
	</fdd:sustainabilityFactors>
	<fdd:qualityAndFunctionalityFactors>
		<fdd:soundQF>
			<fdd:normalSound>Good support.</fdd:normalSound>
			<fdd:fidelity>Not intended for audio quality beyond CD quality.  DTB players must support sample rates of 44.1, 22.05, and 11.025 kHz at a depth of 16 bits per sample. Compressed audio must be encoded such that the output sampling rate is restricted to one of the above three rates and uses a constant bit rate.  </fdd:fidelity>
			<fdd:channels>DTB Players are not required to support multiple channels, but must recognize stereo and render at least as monaural.</fdd:channels>
			<fdd:samples>Not investigated at this time.</fdd:samples>
			<fdd:beyondSound>Synchronization with text transcription.</fdd:beyondSound>
		</fdd:soundQF>
		<fdd:textQF>
			<fdd:normalText>Good support.</fdd:normalText>
			<fdd:structure>The logical structure of a document is an important part of a DTB with textual content.  See <a href="http://www.daisy.org/structure-guidelines/">DAISY Structure Guidelines</a>.</fdd:structure>
			<fdd:layout>This standard focuses on the textual content, the logical structure, and the synchronization of text with audio of the text being read. Layout is not of primary significance in rendering for the visually impaired.</fdd:layout>
			<fdd:mathDiag>Not supported</fdd:mathDiag>
			<fdd:beyondText>Supports embedding of audio, images, and synchronization of text with audio of the text being read.</fdd:beyondText>
		</fdd:textQF>
	</fdd:qualityAndFunctionalityFactors>
	<fdd:fileTypeSignifiers>
		<fdd:signifiersGroup>
			<fdd:filenameExtension>
				<fdd:sigValues>
					<fdd:sigValue>opf</fdd:sigValue>
				</fdd:sigValues>
				<fdd:note>For the required Package file. Documented in NISO standard.</fdd:note>
			</fdd:filenameExtension>
			<fdd:filenameExtension>
				<fdd:sigValues>
					<fdd:sigValue>xml</fdd:sigValue>
				</fdd:sigValues>
				<fdd:note>For textual content files. Documented in NISO standard.</fdd:note>
			</fdd:filenameExtension>
			<fdd:filenameExtension>
				<fdd:sigValues>
					<fdd:sigValue>ncx</fdd:sigValue>
				</fdd:sigValues>
				<fdd:note>For navigation control files. Documented in NISO standard.</fdd:note>
			</fdd:filenameExtension>
			<fdd:filenameExtension>
				<fdd:sigValues>
					<fdd:sigValue>aac</fdd:sigValue>
				</fdd:sigValues>
				<fdd:note>For AAC_MP4 audio files. Documented in NISO standard.</fdd:note>
			</fdd:filenameExtension>
			<fdd:filenameExtension>
				<fdd:sigValues>
					<fdd:sigValue>mp3</fdd:sigValue>
				</fdd:sigValues>
				<fdd:note>For MP3 audio files. Documented in NISO standard.</fdd:note>
			</fdd:filenameExtension>
			<fdd:filenameExtension>
				<fdd:sigValues>
					<fdd:sigValue>wav</fdd:sigValue>
				</fdd:sigValues>
				<fdd:note>For WAVE_LPCM audio files. Documented in NISO standard.</fdd:note>
			</fdd:filenameExtension>
		</fdd:signifiersGroup>
	</fdd:fileTypeSignifiers>
	<fdd:notes>
		<fdd:general>The standard supports any of the following classes of digital talking book:<ul>
				<li>Audio with Title element only: DTB without structure. This is the simplest class of DTB and is used for books where structure will not be applied. The XML textual content file may not be present, or if it is, contains only the title of the book, and other required notation. The book must be read linearly. Direct access to points within the DTB is not possible.</li>
				<li>Audio with NCX only (Navigation Control): DTB with structure. The XML textual content file, if present, contains only the structure of the book and may contain links to features such as narrated footnotes, etc. This is the most common form of DTB and is ideal for stand-alone players.</li>
				<li>Audio with NCX and partial text: DTB with structure and some additional text. The XML textual content file contains only the structure of the book and the text of components where keyword searching and direct access to the text would be beneficial, e.g., index, glossary, etc.</li>
				<li>Audio and full text: DTB with structure and complete text and audio. This form of a DTB is the most complex but provides the greatest level of access. The XML textual content file contains the structure and the full text of the book. The audio and the text are synchronized.</li>
				<li>Full text and some audio: DTB with structure, complete text and limited audio. The XML textual content file contains the structure and the text of the book. The audio files contain recordings of parts of the text. This type of DTB could be used for a dictionary where only pronunciations were provided in audio form.</li>
				<li>Text and no audio: E-text with structure. The XML textual content file contains the structure and text of the book. There are no audio files.</li>
			</ul>
		</fdd:general>
		<fdd:history>This format is also known as DAISY 3, being the third in a sequence of talking book formats.  From the point of view of long-term sustainability, the earlier DAISY formats are less likely to be appropriate for LC collections. The previous version was <a href="http://www.daisy.org/publications/specifications/daisy_202.html">Daisy 2.02</a>, which was based on XHTML rather than XML.</fdd:history>
	</fdd:notes>
	<fdd:formatSpecifications>
		<fdd:urls>
			<fdd:url>
				<fdd:urlReference>
					<link>http://www.niso.org/workrooms/daisy/Z39-86-2002.html</link>
					<tag>ANSI/NISO Z39.86-2002. Specifications for the Digital Talking Book</tag>
					<comment>From NISO as HTML. </comment>
				</fdd:urlReference>
			</fdd:url>
			<fdd:url>
				<fdd:urlReference>
					<link>http://www.loc.gov/nls/niso/dtd.htm</link>
					<tag>Specifications for the Digital Talking Book (ANSI/NISO Z39.86-2002), Use and Maintenance</tag>
					<comment>Versions of the specifications presented by the National Library Service for the Blind and Physically Handicapped (NLS)  </comment>
				</fdd:urlReference>
			</fdd:url>
			<fdd:url>
				<fdd:urlReference>
					<link>http://www.loc.gov/nls/z3986/v100/dtbook110doc.htm</link>
					<tag>Digital Talking Book Expanded Document Type Definition Documentation for Version V1.1.0</tag>
					<comment>HTML version of DTD for textual component of DTB.  </comment>
				</fdd:urlReference>
			</fdd:url>
		</fdd:urls>
		<fdd:citations>
			<fdd:citation>
				<fdd:specReference>ANSI/NISO Z39.86 - 2002 Specifications for the Digital Talking Book.  ISBN: 1-880124-54-8</fdd:specReference>
			</fdd:citation>
		</fdd:citations>
	</fdd:formatSpecifications>
	<fdd:usefulReferences>
		<fdd:urls>
			<fdd:url>
				<fdd:urlReference>
					<link>http://www.daisy.org/daisy-standard/</link>
					<tag>Daisy Consortium, maintenance agency for NISO Z39.86</tag>
				</fdd:urlReference>
			</fdd:url>
			<fdd:url>
				<fdd:urlReference>
					<link>http://www.loc.gov/nls/z3986/</link>
					<tag>Supporting Documentation for ANSI/NISO Z39.86, Specifications for the Digital Talking Book</tag>
				</fdd:urlReference>
			</fdd:url>
			<fdd:url>
				<fdd:urlReference>
					<link>http://www.daisy.org/publications/docs/theory_dtbook/theory_dtbook.html</link>
					<tag>Theory Behind the DTBook DTD</tag>
				</fdd:urlReference>
			</fdd:url>
			<fdd:url>
				<fdd:urlReference>
					<link>http://www.daisy.org/structure-guidelines/</link>
					<tag>DAISY Structure Guidelines</tag>
				</fdd:urlReference>
			</fdd:url>
			<fdd:url>
				<fdd:urlReference>
					<link>http://aem.cast.org/about/publications/2004/ncac-nimas-report-national-file-format.html#.WBIzk0ZWLec</link>
					<tag>National Instructional Materials Accessibility Standard Report -- Version 1.</tag>
					<comment>2004</comment>
				</fdd:urlReference>
			</fdd:url>
			<fdd:url>
				<fdd:urlReference>
					<link>http://aem.cast.org/creating/national-instructional-materials-accessibility-standard-nimas.html</link>
					<tag>Technologies for AIM (Accessible Instructional Materials) and NIMAS (National Instructional Materials Accessibility Standard)</tag>
				</fdd:urlReference>
			</fdd:url>
		</fdd:urls>
	</fdd:usefulReferences>
</fdd:FDD>
