<?xml version="1.0" encoding="UTF-8"?>
<fdd:FDD id="fdd000074" titleName="TIFF Bitmap with LZW Compression" shortName="TIFF_LZW" xmlns:xsi="http://www.w3.org/2001/XMLSchema-instance" xmlns:fdd="http://www.loc.gov/preservation/digital/formats/schemas/fdd/v1" xsi:schemaLocation="http://www.loc.gov/preservation/digital/formats/schemas/fdd/v1 http://www.loc.gov/preservation/digital/formats/schemas/fdd/v1/fdd-v1-1.xsd">
	<fdd:properties>
		<fdd:gdfrGenreSelection>
			<fdd:gdfrGenre>still-image</fdd:gdfrGenre>
		</fdd:gdfrGenreSelection>
		<fdd:formatCategories>
			<fdd:category>file-format</fdd:category>
			<fdd:category>encoding</fdd:category>
		</fdd:formatCategories>
		<fdd:gdfrComposition>unitary</fdd:gdfrComposition>
		<fdd:gdfrForm>binary</fdd:gdfrForm>
		<fdd:gdfrConstraint>unstructured</fdd:gdfrConstraint>
		<fdd:gdfrBasis>sampled</fdd:gdfrBasis>
		<fdd:updates>
			<fdd:date>2004-10-29</fdd:date>
		</fdd:updates>
		<fdd:draftStatus>Full</fdd:draftStatus>
	</fdd:properties>
	<fdd:identificationAndDescription>
		<fdd:fullName>TIFF Bitmap with LZW Compression</fdd:fullName>
		<fdd:keywords>
			<fdd:keyword>raster image formats</fdd:keyword>
		</fdd:keywords>
		<fdd:description>A tag-based file format for storing and interchanging raster images; in this subtype, TIFF wraps a bitmap compressed using <a href="fdd000135.shtml">LZW</a> (Lempel-Ziv-Welch Compression Encoding).</fdd:description>
		<fdd:shortDescription>A tag-based file format for storing and interchanging raster images; in this subtype, TIFF wraps a bitmap compressed using LZW (Lempel-Ziv-Welch Compression Encoding).</fdd:shortDescription>
		<fdd:productionPhase>Most often an initial-state or middle-state format; may serve as final-state format.</fdd:productionPhase>
		<fdd:relationships>
			<fdd:relationship>
				<fdd:typeOfRelationship>Subtype of</fdd:typeOfRelationship>
				<fdd:relatedTo>
					<fdd:id>fdd000022</fdd:id>
					<fdd:shortName>TIFF_6</fdd:shortName>
					<fdd:titleName>TIFF, Revision 6.0 and earlier</fdd:titleName>
				</fdd:relatedTo>
			</fdd:relationship>
			<fdd:relationship>
				<fdd:typeOfRelationship>Contains</fdd:typeOfRelationship>
				<fdd:relatedTo>
					<fdd:id>fdd000135</fdd:id>
					<fdd:shortName>LZW</fdd:shortName>
					<fdd:titleName>LZW Compression Encoding</fdd:titleName>
				</fdd:relatedTo>
			</fdd:relationship>
		</fdd:relationships>
	</fdd:identificationAndDescription>
	<fdd:localUse>
		<fdd:experience>See <fddLink id="fdd000022">TIFF_6</fddLink>
		</fdd:experience>
		<fdd:preference>TIFF is one of the preferred formats for bitmapped images, although <fddLink id="fdd000023">TIFF_UNC</fddLink> and <fddLink id="fdd000024">TIFF_G4</fddLink> are preferred to TIFF_LZW.</fdd:preference>
	</fdd:localUse>
	<fdd:sustainabilityFactors>
		<fdd:disclosure>See <fddLink id="fdd000022">TIFF_6</fddLink>
		</fdd:disclosure>
		<fdd:documentation>See <fddLink id="fdd000022">TIFF_6</fddLink>
		</fdd:documentation>
		<fdd:adoption>TIFF_LZW has seen some use in digital library projects but has not been as widely deployed as <fddLink id="fdd000023">TIFF_UNC</fddLink> and <fddLink id="fdd000024">TIFF_G4</fddLink>. 	For a typical example of recommendations, see the <a href="http://library.harvard.edu/preservation/digital-preservation_content-guidance.html">File Formats and Guidelines: Digital Preservation</a> from Harvard University Libraries (http://hul.harvard.edu/ois/digpres/guidance.html). TIFF_LZW is listed below TIFF_UNC and TIFF_G4 in the order of preference for deposit in the library&apos;s repository system.  In a study of four compressed image formats considered as alternatives to TIFF_UNC by the Koninklijke Bibliotheek (National Library of the Netherlands) in 2008, TIFF LZW ranked lowest.</fdd:adoption>
		<fdd:licensingAndPatents>See <fddLink id="fdd000135">LZW</fddLink>
		</fdd:licensingAndPatents>
		<fdd:transparency>See <fddLink id="fdd000135">LZW</fddLink>
		</fdd:transparency>
		<fdd:selfDocumentation>See <fddLink id="fdd000022">TIFF_6</fddLink>
		</fdd:selfDocumentation>
		<fdd:externalDependencies>None
		</fdd:externalDependencies>
		<fdd:techProtection>None
		</fdd:techProtection>
	</fdd:sustainabilityFactors>
	<fdd:qualityAndFunctionalityFactors>
		<fdd:stillImageQF>
			<fdd:normalImage>Good support.</fdd:normalImage>
			<fdd:clarity>See <fddLink id="fdd000022">TIFF_6</fddLink>.</fdd:clarity>
			<fdd:colorMaint>See <fddLink id="fdd000022">TIFF_6</fddLink>
			</fdd:colorMaint>
			<fdd:graphics>See <fddLink id="fdd000022">TIFF_6</fddLink>
			</fdd:graphics>
			<fdd:beyondImage>See <fddLink id="fdd000022">TIFF_6</fddLink>
			</fdd:beyondImage>
		</fdd:stillImageQF>
	</fdd:qualityAndFunctionalityFactors>
	<fdd:fileTypeSignifiers>
		<fdd:signifiersGroup>
			<fdd:filenameExtension>
				<fdd:sigValueNA>See related format.</fdd:sigValueNA>
				<fdd:note>
					<p>See <fddLink id="fdd000022">TIFF_6</fddLink>
					</p>
				</fdd:note>
			</fdd:filenameExtension>
			<fdd:internetMediaType>
				<fdd:sigValueNA>See related format.</fdd:sigValueNA>
				<fdd:note>
					<p>See <fddLink id="fdd000022">TIFF_6</fddLink>
					</p>
				</fdd:note>
			</fdd:internetMediaType>
			<fdd:magicNumbers>
				<fdd:sigValueNA>See related format.</fdd:sigValueNA>
				<fdd:note>
					<p>See <fddLink id="fdd000022">TIFF_6</fddLink>
					</p>
				</fdd:note>
			</fdd:magicNumbers>
		</fdd:signifiersGroup>
	</fdd:fileTypeSignifiers>
	<fdd:formatSpecifications>
		<fdd:urls>
			<fdd:url>
				<fdd:urlGroup>
					<fdd:intro>
						<p>See <fddLink id="fdd000022">TIFF_6</fddLink>
						</p>
					</fdd:intro>
				</fdd:urlGroup>
			</fdd:url>
		</fdd:urls>
	</fdd:formatSpecifications>
	<fdd:usefulReferences>
		<fdd:urls>
			<fdd:url>
				<fdd:urlReference>
					<link>http://library.harvard.edu/preservation/digital-preservation_content-guidance.html</link>
					<tag>File Formats and Guidelines</tag>
					<comment>From Harvard University Library.   Guidelines for deposit in the Digital Repository Service.</comment>
				</fdd:urlReference>
			</fdd:url>
			<fdd:url>
				<fdd:urlReference>
					<link>http://www.kb.nl/sites/default/files/docs/alternative_file_formats_for_storing_masters_2_1.pdf</link>
					<tag>Alternative File Formats for Storing Master Images of Digitisation Projects</tag>
					<comment>March, 2008. Study by the Koninklijke Bibliotheek (National Library of the Netherlands)</comment>
				</fdd:urlReference>
			</fdd:url>
			<fdd:url>
				<fdd:urlGroup>
					<fdd:intro>
						<p>See <fddLink id="fdd000022">TIFF_6</fddLink>
						</p>
					</fdd:intro>
				</fdd:urlGroup>
			</fdd:url>
		</fdd:urls>
	</fdd:usefulReferences>
</fdd:FDD>
