<?xml version="1.0" encoding="UTF-8"?>
<fdd:FDD id="fdd000330" titleName="NetCDF-3 (Network Common Data Form, version 3)" shortName="NetCDF-3" xmlns:xsi="http://www.w3.org/2001/XMLSchema-instance" xmlns:fdd="http://www.loc.gov/preservation/digital/formats/schemas/fdd/v1" xsi:schemaLocation="http://www.loc.gov/preservation/digital/formats/schemas/fdd/v1 http://www.loc.gov/preservation/digital/formats/schemas/fdd/v1/fdd-v1-1.xsd">
	<fdd:properties>
		<fdd:gdfrGenreSelection>
			<fdd:gdfrGenre>dataset</fdd:gdfrGenre>
		</fdd:gdfrGenreSelection>
		<fdd:formatCategories>
			<fdd:category>file-format</fdd:category>
		</fdd:formatCategories>
		<fdd:gdfrForm>binary</fdd:gdfrForm>
		<fdd:gdfrConstraint>structured</fdd:gdfrConstraint>
		<fdd:gdfrBasis>symbolic</fdd:gdfrBasis>
		<fdd:gdfrDomains>
			<fdd:gdfrDomain>
				<fdd:value>gis</fdd:value>
			</fdd:gdfrDomain>
		</fdd:gdfrDomains>
		<fdd:updates>
			<fdd:date>2015-01-29</fdd:date>
		</fdd:updates>
		<fdd:draftStatus>Full</fdd:draftStatus>
	</fdd:properties>
	<fdd:identificationAndDescription>
		<fdd:fullName>NetCDF-3 (Network Common Data Form, version 3)</fdd:fullName>
		<fdd:keywords>
			<fdd:keyword>numeric data formats</fdd:keyword>
			<fdd:keyword>scientific data formats</fdd:keyword>
		</fdd:keywords>
		<fdd:description>
			<p>NetCDF is a set of software libraries and self-describing, machine-independent data formats for array-oriented scientific data.  The first version of the format was developed in the late 1980s at the Unidata Program Center, with the objective of building a file format that would permit sharing of data among atmospheric scientists.  It has found wide use in other scientific communities, with different communities developing discipline-specific <a href="http://www.unidata.ucar.edu/software/netcdf/docs/conventions.html">conventions</a>.  The format was and is designed to be portable, platform-independent, scalable, and appendable.  See <a href="#notes">Notes</a> below for more detail on design objectives.</p>
			<p>As of January 2015, there are four variants of the format. The first two, known as Classic and 64-bit Offset, are nearly identical and together are often referred to as netCDF-3.  This format description is for netCDF-3.  The later formats, based on HDF5 will be described separately.  The classic format was the only format for netCDF data created between
1989 and 2004 by the reference software from Unidata.   It is still the
default format for new netCDF data files, and the form in which most
netCDF data is stored.  The intent is to maintain support for netCDF-3 indefinitely.</p>
			<p>The netCDF-3 format supports one flexible and widely applicable data model: annotated multidimensional arrays of typed elements.  The representation of these arrays uses a structure of dimensions, variables, and attributes.  A netCDF classic or 64-bit offset dataset is stored as a single file
comprising two parts:</p>
			<ul>
				<li>a header, containing all the information about dimensions, attributes,
and variables, but not the variable data</li>
				<li>a data part, comprising two subparts.  Firstly, a fixed-size data portion contains the data for
variables with predetermined fixed dimensions; data for each such variable is stored contiguously.  Last comes the variable-size
data portion, containing the data for any so-called <i>record</i> variables that share the single permitted unlimited
dimension; this data is stored as a variable number of fixed-size records, with each record storing the data for all record variables at one point in the dataset&apos;s multidimensional space.</li>
			</ul>
			<p>The encoding is based on the IETF standard XDR (External Data Representation), described in <a href="http://www.ietf.org/rfc/rfc4506.txt">RFC 4506</a>.  XDR uses a base unit of 4 bytes, with smaller data types padded to 4 bytes and variable length data types padded to a multiple of 4 bytes.  Floating point numbers are represented in IEEE 754 format.  An advantage of XDR is that it supports efficient location and reading of a subset without parsing preceding data.</p>
			<p>For visualization purposes, according to Jan Heijmans, in <a href="http://citeseerx.ist.psu.edu/viewdoc/download?doi=10.1.1.63.8349&amp;rep=rep1&amp;type=pdf">An Introduction to Distributed Visualization</a>, netCDF-3 is &quot;not as powerful as HDF, but it does offer all features that most applications will ever need.&quot;  He goes on to suggest that it is supported by more visualization software tools than HDF and is the most logical choice if a dataset is not too complicated.  Dataset size limitations in the Classic format led to the simple change for the 64-bit offset variant of netCDF-3.  Size constraints derive from several factors and are too complex to explain in this description.  On a platform without Large File Support (LFS), the file limit of the operating system (typically 2 Gbytes) is often the most significant constraint.  With LFS, the limitations depend on the nature of variables and the size of the data for individual variables.   See <a href="http://www.unidata.ucar.edu/software/netcdf/docs/netcdf/Classic-Limitations.html">NetCDF Classic Format Limitations</a> and <a href="http://www.unidata.ucar.edu/software/netcdf/docs/netcdf/64-bit-Offset-Limitations.html">NetCDF 64-bit Offset Format Limitations</a> from the netCDF Users Guide.  Functional shortcomings (significant in some circumstances but not all) of netCDF-3 that led to the development of netCDF-4 include the lack of support for parallel input/output, user-defined data types, or for compression.  NetCDF-4, which is based on <fddLink id="fdd000229">HDF5</fddLink>, also introduced a new grouping structure and several features to facilitate better self-description.</p>
		</fdd:description>
		<fdd:shortDescription>A platform-independent file format for storing scientific data, supporting a single flexible and widely applicable data model: annotated multidimensional arrays of typed elements.</fdd:shortDescription>
		<fdd:productionPhase>Generally used for middle- and final-state archiving. </fdd:productionPhase>
		<fdd:relationships>
			<fdd:relationship>
				<fdd:typeOfRelationship>Has later version</fdd:typeOfRelationship>
				<fdd:relatedTo>
					<fdd:id>fdd000332</fdd:id>
					<fdd:shortName>NetCDF-4</fdd:shortName>
					<fdd:titleName>Network Common Data Form, Version 4</fdd:titleName>
				</fdd:relatedTo>
				<fdd:comment>The netCDF software libraries support both versions 3 and 4.  However, the stored data formats are very different.  NetCDF-4 is stored as <fddLink id="fdd000229">HDF5</fddLink>.</fdd:comment>
			</fdd:relationship>
		</fdd:relationships>
	</fdd:identificationAndDescription>
	<fdd:localUse>
		<fdd:experience>None</fdd:experience>
		<fdd:preference>None</fdd:preference>
	</fdd:localUse>
	<fdd:sustainabilityFactors>
		<fdd:disclosure>
			<p>Fully and openly documented.  NetCDF was developed by and is maintained and documented by the Unidata Program Center, a consortial program within UCAR (University Corporation for Atmospheric Research).</p>
		</fdd:disclosure>
		<fdd:documentation>
			<p>Software can be downloaded from <a href="http://www.unidata.ucar.edu/downloads/netcdf/index.jsp">http://www.unidata.ucar.edu/downloads/netcdf/index.jsp</a>.  Documentation is at <a href="http://www.unidata.ucar.edu/software/netcdf/docs/">http://www.unidata.ucar.edu/software/netcdf/docs/</a>.</p>
			<p>The format (in Classic and 64-bit offset variants) has been recognized and re-published as a standard by both NASA&apos;s Earth Science Data Systems [<a href="https://earthdata.nasa.gov/standards/netcdf-classic">https://earthdata.nasa.gov/standards/netcdf-classic</a>] and by the Open Geospatial Consortium (OGC)[<a href="http://www.opengeospatial.org/standards/netcdf">OGC 10-090 and 10-092</a>]. The organization and wording of these standards is different but the governing BNF description for the format is the same.</p>
		</fdd:documentation>
		<fdd:adoption>
			<p>NetCDF-3 is widely used in atmospheric and earth sciences.  See <a href="http://www.unidata.ucar.edu/software/netcdf/usage.html">Where is NetCDF used?</a> from Unidata.  One indication of its popularity is the number of communities that have developed <a href="http://www.unidata.ucar.edu/software/netcdf/docs/conventions.html">conventions</a> for metadata and variable names.  The Climate and Forecast (CF) conventions are the most fully developed and were approved as an OGC standard in February 2013.  They incorporate many conventions that are applicable to other geospatial data domains.</p>
			<p>As noted under Documentation above, NetCDF-3 has been formally adopted as a standard by OGC and NASA's Earth Science Data Systems.  The Federal Geographic Data Committee includes netCDF on its <a href="http://www.fgdc.gov/standards/fgdc-endorsed-external-standards/index_html">list of FGDC Endorsed External Standards</a>.  See a <a href="http://www.unidata.ucar.edu/software/netcdf/docs/standards.html">timeline of standards body endorsements</a> from Unidata.</p>
			<p>NetCDF-3 is supported by significant tools for analysis and visualization, including the commercial products IDL, MATLAB, and ESRI&apos;s ArcGIS, and the open-source VTK (Visualization Toolkit). Other analysis applications that support netCDF include: FERRET, GrADS, IDV, NCL, NCO, ncview, Panoply, and R.  Conversion toolkits for geospatial formats, such as the open source <a href="http://www.gdal.org/frmt_netcdf.html">GDAL</a> and commercial <a href="http://www.safe.com/fme/format-search/network-common-data-form-netcdf/index.php">FME</a> (from Safe Software) also support netCDF-3.  Unidata maintains a <a href="http://www.unidata.ucar.edu/software/netcdf/software.html">list of software supporting netCDF</a>.</p>
			<p>NetCDF-3 Classic is used as a master format for a number of collaborative projects.  For example, the CMIP5 Coupled Model Intercomparison Project has standardized on netCDF-3 Classic, with one output variable per file, and using the netCDF <a href="http://cfconventions.org/">CF (Climate and Forecast) metadata conventions</a> in a specific way.  This large collection of data is the basis for a study by the Intergovernmental Panel on Climate Change.  The Alfred Wegener Institutue for Polar and Marine Research has developed a module <a href="http://aforge.awi.de/gf/project/jhove2">JANEME</a> for <a href="http://www.jhove2.org/">JHOVE2</a> to characterize netCDF files and extract metadata into both a Dublin Core template and a profile of ISO 19115 adopted by the Collaborative Climate Community Data and Processing Grid (C3grid).</p>
		</fdd:adoption>
		<fdd:licensingAndPatents>
			<p>No concerns.</p>
		</fdd:licensingAndPatents>
		<fdd:transparency>
			<p>NetCDF-3 is a binary format that requires the netCDF software libraries for the data to be accessed and manipulated.  However, the ncdump utility that is distributed with the software libraries converts the entire contents of a netCDF-3 file to an ASCII form.</p>
		</fdd:transparency>
		<fdd:selfDocumentation>
			<p>NetCDF-3 offers the capability to apply attributes to a file as a whole or any individual variable.  There is no explicit support  for embedding structured metadata using a particular schema or syntax.  However, <a href="http://www.unidata.ucar.edu/software/netcdf/docs/conventions.html">conventions</a> developed by a community enable the use of standard names for physical quantities and metadata elements.  There is a recommendation that datasets identify which conventions they adhere to through a global <i>Conventions</i> attribute.  There is also a recommendation for dataset description attributes to use to support discovery through digital libraries, etc. See <a href="http://www.unidata.ucar.edu/software/thredds/current/netcdf-java/formats/DataDiscoveryAttConvention.html">2005 version of recommendation at Unidata</a> and <a href="http://wiki.esipfed.org/index.php/Attribute_Convention_for_Data_Discovery">updated recommendation from ESIP</a>.  A global attribute <i>Metadata_Conventions</i> is recommended to identify use of this attribute convention.</p>
			<p>Of particular note among conventions are the Climate and Forecast (CF) conventions, which include a substantial <a href="http://cfconventions.org/standard-names.html">table of standard names</a> and definitions for physical quantities commonly represented by data, with associated recommendations on units.  This actively maintained vocabulary covers many sub-disciplines of meteorology and climatology and also includes standard names and recommendations for physical quantities relevant to other geospatial contexts.</p>
		</fdd:selfDocumentation>
		<fdd:externalDependencies>None beyond access to netCDF-aware software.</fdd:externalDependencies>
		<fdd:techProtection>None.</fdd:techProtection>
	</fdd:sustainabilityFactors>
	<fdd:qualityAndFunctionalityFactors>
		<fdd:datasetQF>
			<fdd:normalDataset>
				<p>The representation of self-describing arrays uses a structure of dimensions, variables, and attributes.  A variable can hold a multidimensional array of data values of the same type.</p>
				<p>Numeric data in multidimensional arrays can be of any of the following number types: 8, 16, and 32-bit signed integers, and 32 and 64-bit floating point values.  Character (string) data of indefinite length is also supported.</p>
			</fdd:normalDataset>
			<fdd:accessSoftware>
				<p>An integral component of netCDF is a software library that provides an API (in Fortran, C, C++, Java, and other languages) to read and write files in the netCDF-3 format.</p>
			</fdd:accessSoftware>
			<fdd:dataDocumentation>
				<p>NetCDF-3 offers the capability to apply attributes to a file as a whole or any individual variable.  There is no explicit support  for embedding structured metadata using a particular schema or syntax.  However, particular communities use <a href="http://www.unidata.ucar.edu/software/netcdf/docs/conventions.html">conventions</a> for naming variables and using attributes.</p>
			</fdd:dataDocumentation>
			<fdd:beyondDataset>
				<p>Multidimensional arrays can have one unlimited (appendable) dimension.</p>
			</fdd:beyondDataset>
		</fdd:datasetQF>
		<fdd:gisQF>
			<fdd:normalGIS>
				<p>NetCDF-3 is not a geospatial format per se.  However, it is widely used for geospatial data.  In order to serve as a format for geospatial data that can be shared and used in different contexts, the description of the coordinate reference systems and projections employed must be recorded in a recognizable and unambiguous way.  Two related sets of community developed conventions are widely used for this purpose and if a dataset follows those conventions and contains an explicit identification of the conventions followed, its data can be imported into a GIS system and combined with data in other formats for geospatial analysis.</p>
				<ul>
					<li>
The <a href="http://ferret.wrc.noaa.gov/noaa_coop/coop_cdf_profile.html">COARDS conventions</a> (at  http://ferret.wrc.noaa.gov/noaa_coop/coop_cdf_profile.html) were developed under the sponsorship of NOAA&apos;s Cooperative Ocean/Atmosphere Research Data Service in the mid 1990s to specify a standard way to document and organize longitude, latitude, vertical coordinate variables, and time or date, and how to relate other variables to that four-dimensional structure.</li>
					<li>The Climate and Forecast <a href="http://cfconventions.org/">CF conventions</a> (at http://cfconventions.org/) generalize and extend the COARDS conventions.  The CF conventions, of which the first version was published in 2003, define metadata elements that provide a definitive description of what the data in each variable represents, and the spatial and temporal properties of the data. A design objective for the CF conventions is that a dataset that complies with the more constrained COARDS conventions should also comply with the CF conventions, which allow additional ways to express positions and time.
</li>
				</ul>
			</fdd:normalGIS>
			<fdd:metadataGIS>
				<p>There is no single or recommended way to embed metadata in a specific serialization or schema in netCDF-3 files.  Since XML consists of strings, XML can be embedded in netCDF files by means of string variables or attributes; however, there is no officially recommended approach.  Unidata makes available a service (ncISO) as part of its THREDDS Data Server that outputs metadata from a netCDF file in a form compliant with ISO 19115 (Geographic Information -- Metadata).</p>
			</fdd:metadataGIS>
			<fdd:grids>The combination of the netCDF data model and the application of the CF conventions can provide explicit and flexible support for grid-based analysis.  The conventions make recommendations for grid definition and mappings that allow for grids that are not based simply on latitude and longitude.</fdd:grids>
			<fdd:beyondGIS>See Dataset Quality and Functionality factors above.</fdd:beyondGIS>
		</fdd:gisQF>
	</fdd:qualityAndFunctionalityFactors>
	<fdd:fileTypeSignifiers>
		<fdd:signifiersGroup>
			<fdd:filenameExtension>
				<fdd:sigValues>
					<fdd:sigValue>nc</fdd:sigValue>
				</fdd:sigValues>
				<fdd:note>From <a href="http://www.unidata.ucar.edu/software/netcdf/docs/faq.html#filename">NetCDF FAQ</a>.  The former use of .cdf as an extension was deprecated in 1994.</fdd:note>
			</fdd:filenameExtension>
			<fdd:internetMediaType>
				<fdd:sigValues>
					<fdd:sigValue>application/x-netcdf</fdd:sigValue>
				</fdd:sigValues>
				<fdd:note>From <a href="http://filext.com/">The File Extension Source</a>.</fdd:note>
			</fdd:internetMediaType>
			<fdd:magicNumbers>
				<fdd:sigValues>
					<fdd:sigValue>Hex: 43 44 46 01</fdd:sigValue>
					<fdd:sigValue>ASCII: CDF \x01</fdd:sigValue>
				</fdd:sigValues>
				<fdd:note>For classic format.  From <a href="http://www.unidata.ucar.edu/software/netcdf/docs/netcdf/Classic-Format-Spec.html">NetCDF Classic Format: The Format in Detail</a>.</fdd:note>
			</fdd:magicNumbers>
			<fdd:magicNumbers>
				<fdd:sigValues>
					<fdd:sigValue>Hex: 43 44 46 02</fdd:sigValue>
					<fdd:sigValue>ASCII: CDF \x02</fdd:sigValue>
				</fdd:sigValues>
				<fdd:note>For 64-bit offset format.  From <a href="http://www.unidata.ucar.edu/software/netcdf/docs/netcdf/Classic-Format-Spec.html">NetCDF Classic Format: The Format in Detail</a>.</fdd:note>
			</fdd:magicNumbers>
		</fdd:signifiersGroup>
	</fdd:fileTypeSignifiers>
	<fdd:notes>
		<fdd:general>
			<p>The stated objectives for the netCDF format are that it be:</p>
			<ul>
				<li>
					<i>Self-Describing</i>. A netCDF file includes information about the data
it contains.</li>
				<li>
					<i>Portable</i>. A netCDF file can be accessed by computers with
different ways of storing integers, characters, and floating-point
numbers.</li>
				<li>
					<i>Scalable</i>. A small subset of a large dataset may be accessed efficiently.</li>
				<li>
					<i>Appendable</i>. Data may be appended to a properly structured netCDF
file without copying the dataset or redefining its structure.</li>
				<li>
					<i>Sharable</i>. One writer and multiple readers may simultaneously
access the same netCDF file.</li>
				<li>
					<i>Archivable</i>. Access to all earlier forms of netCDF data will be
supported by current and future versions of the software.</li>
			</ul>
		</fdd:general>
		<fdd:history>
			<p>As of January 2012, there are four variants of the NetCDF binary data format.</p>
			<ul>
				<li>the classic format, used since 1989</li>
				<li>the 64-bit offset format, introduced in 2004 to support larger variables</li>
				<li>the netCDF-4 format, introduced in 2008 to support more powerful forms of data representation, based on HDF5</li>
				<li>the netCDF-4 classic model format, also introduced in 2008, based on HDF5, but without the data modeling extensions</li>
			</ul>
		</fdd:history>
	</fdd:notes>
	<fdd:formatSpecifications>
		<fdd:urls>
			<fdd:url>
				<fdd:urlReference>
					<link>http://www.unidata.ucar.edu/software/netcdf/docs/</link>
					<tag>NetCDF documentation</tag>
					<comment>As of January 2012, the latest version of the software library for NetCDF is 4.1.3.  This includes software libraries to support use of either netCDF-3 or netCDF-4 files. </comment>
				</fdd:urlReference>
			</fdd:url>
			<fdd:url>
				<fdd:urlGroup>
					<fdd:intro>Both netCDF-3 format variants (Classic and 64-bit offset) have been adopted and republished as standards by the Open Geospatial Consortium and by NASA&apos;s Earth Science Data System.  The documents are structured and worded differently, but the governing BNF specification is the same.</fdd:intro>
					<fdd:urlList>
						<fdd:urlReference>
							<link>http://www.opengeospatial.org/standards/netcdf</link>
							<tag>OGC Network Common Data Form (NetCDF) standards suite</tag>
						</fdd:urlReference>
						<fdd:urlReference>
							<link>https://earthdata.nasa.gov/standards/netcdf-classic</link>
							<tag>EOSDIS Standards and References: NetCDF Classic and 64-bit Offset File Formats</tag>
							<comment>EOSDIS is NASA&apos;s Earth Observation System Data and Information Systems unit.  The standard is numbered ESDS-RFC-011.</comment>
						</fdd:urlReference>
					</fdd:urlList>
				</fdd:urlGroup>
			</fdd:url>
		</fdd:urls>
	</fdd:formatSpecifications>
	<fdd:usefulReferences>
		<fdd:urls>
			<fdd:url>
				<fdd:urlReference>
					<link>http://www.unidata.ucar.edu/software/netcdf/</link>
					<tag>NetCDF home page</tag>
					<comment> At Unidata.  Includes links for software downloads.</comment>
				</fdd:urlReference>
			</fdd:url>
			<fdd:url>
				<fdd:urlReference>
					<link>http://www.unidata.ucar.edu/software/netcdf/docs/netcdf/index.html</link>
					<tag>NetCDF Users Guide</tag>
				</fdd:urlReference>
			</fdd:url>
			<fdd:url>
				<fdd:urlReference>
					<link>http://www.unidata.ucar.edu/software/netcdf/docs/faq.html</link>
					<tag>NetCDF FAQ</tag>
				</fdd:urlReference>
			</fdd:url>
			<fdd:url>
				<fdd:urlReference>
					<link>http://ferret.wrc.noaa.gov/noaa_coop/coop_cdf_profile.html</link>
					<tag>COARDS netCDF conventions</tag>
					<comment>Developed under the sponsorship of NOAA&apos;s Cooperative Ocean/Atmosphere Research Data Service in the mid 1990s</comment>
				</fdd:urlReference>
			</fdd:url>
			<fdd:url>
				<fdd:urlReference>
					<link>http://cfconventions.org/</link>
					<tag>CF (Climate and Forecast) netCDF conventions</tag>
					<comment>Under active management.</comment>
				</fdd:urlReference>
			</fdd:url>
			<fdd:url>
				<fdd:urlReference>
					<link>http://portal.opengeospatial.org/files/?artifact_id=43733</link>
					<tag>CF-netCDF Core and Extensions Primer</tag>
					<comment>As standardized via OGC 10-091r3.  2011</comment>
				</fdd:urlReference>
			</fdd:url>
			<fdd:url>
				<fdd:urlReference>
					<link>ftp://ftp.uni-duisburg.de/FlightGear/Devel/An_Introduction_to_Distributed_Visualization.pdf</link>
					<tag>An Introduction to Distributed Visualization</tag>
					<comment>By Jan Heijmans.  2002.  Section 4.2 compares HDF4, CDF, NetCDF.</comment>
				</fdd:urlReference>
			</fdd:url>
			<fdd:url>
				<fdd:urlReference>
					<link>http://cmip-pcmdi.llnl.gov/cmip5/data_description.html</link>
					<tag>CMIP5 Coupled Model Intercomparison Project: Data Description</tag>
				</fdd:urlReference>
			</fdd:url>
			<fdd:url>
				<fdd:urlReference>
					<link>http://en.wikipedia.org/wiki/NetCDF</link>
					<tag>NetCDF from Wikipedia</tag>
				</fdd:urlReference>
			</fdd:url>
			<fdd:url>
				<fdd:urlReference>
					<link>http://wiki.esipfed.org/index.php/Attribute_Convention_for_Data_Discovery</link>
					<tag>Attribute Convention for Data Discovery (ACDD) 1-3</tag>
					<comment>Builds on NetCDF User Guide recommendations and the NetCDF Climate and Forecast Metadata Conventions.</comment>
				</fdd:urlReference>
			</fdd:url>
			<fdd:url>
				<fdd:urlReference>
					<link>http://apps.nationalarchives.gov.uk/pronom/fmt/282</link>
					<tag>PRONOM entry for NetCDF-3 Classic</tag>
					<comment>PUID is fmt/282</comment>
				</fdd:urlReference>
			</fdd:url>
			<fdd:url>
				<fdd:urlReference>
					<link>http://apps.nationalarchives.gov.uk/pronom/fmt/283</link>
					<tag>PRONOM entry for NetCDF-3 64-bit</tag>
					<comment>PUID is fmt/283</comment>
				</fdd:urlReference>
			</fdd:url>
		</fdd:urls>
		<fdd:citations>
			<fdd:citation>
				<fdd:bookReference>
					<bookRefDetail rel="au">May, John M.</bookRefDetail>
					<bookRefDetail rel="btitle">Parallel I/O for High-Performance Computing</bookRefDetail>. San Francisco, CA.: Morgan Kaufmann, <bookRefDetail rel="date">2001</bookRefDetail>.  Section 6.1, Data Models, discusses netCDF, HDF, and HDF5.</fdd:bookReference>
			</fdd:citation>
		</fdd:citations>
	</fdd:usefulReferences>
</fdd:FDD>
