<?xml version="1.0" encoding="UTF-8"?>
<fdd:FDD id="fdd000051" titleName="RealAudio, Version 10" shortName="RealAudio_10" xmlns:xsi="http://www.w3.org/2001/XMLSchema-instance" xmlns:fdd="http://www.loc.gov/preservation/digital/formats/schemas/fdd/v1" xsi:schemaLocation="http://www.loc.gov/preservation/digital/formats/schemas/fdd/v1 http://www.loc.gov/preservation/digital/formats/schemas/fdd/v1/fdd-v1-1.xsd">
	<fdd:properties>
		<fdd:gdfrGenreSelection>
			<fdd:gdfrGenre>sound</fdd:gdfrGenre>
		</fdd:gdfrGenreSelection>
		<fdd:formatCategories>
			<fdd:category>encoding</fdd:category>
			<fdd:category>file-format</fdd:category>
		</fdd:formatCategories>
		<fdd:gdfrForm>binary</fdd:gdfrForm>
		<fdd:gdfrBasis>sampled</fdd:gdfrBasis>
		<fdd:updates>
			<fdd:date>2011-03-14</fdd:date>
		</fdd:updates>
		<fdd:draftStatus>Full</fdd:draftStatus>
	</fdd:properties>
	<fdd:identificationAndDescription>
		<fdd:fullName>RealAudio, Version 10</fdd:fullName>
		<fdd:keywords>
			<fdd:keyword>streaming audio formats</fdd:keyword>
		</fdd:keywords>
		<fdd:description>Proprietary file format for streaming audio.  Provides for four different codecs; see Relationships to Other Formats, below.</fdd:description>
		<fdd:shortDescription>proprietary file format for streaming audio. </fdd:shortDescription>
		<fdd:productionPhase>Generally a final-state (end-user delivery) format.</fdd:productionPhase>
		<fdd:relationships>
			<fdd:relationship>
				<fdd:typeOfRelationship>Has subtype</fdd:typeOfRelationship>
				<fdd:relatedTo>
					<fdd:id>fdd000055</fdd:id>
					<fdd:shortName>RealAudio_RA</fdd:shortName>
					<fdd:titleName>RealAudio, RealAudio Codec</fdd:titleName>
				</fdd:relatedTo>
			</fdd:relationship>
			<fdd:relationship>
				<fdd:typeOfRelationship>Has subtype</fdd:typeOfRelationship>
				<fdd:relatedTo>
					<fdd:id>fdd000056</fdd:id>
					<fdd:shortName>RealAudio_AAC</fdd:shortName>
					<fdd:titleName>RealAudio, AAC Codec
</fdd:titleName>
				</fdd:relatedTo>
			</fdd:relationship>
			<fdd:relationship>
				<fdd:typeOfRelationship>Has subtype</fdd:typeOfRelationship>
				<fdd:relatedTo>
					<fdd:id>fdd000057</fdd:id>
					<fdd:shortName>RealAudio_LL</fdd:shortName>
					<fdd:titleName>RealAudio, Lossless Codec</fdd:titleName>
				</fdd:relatedTo>
			</fdd:relationship>
			<fdd:relationship>
				<fdd:typeOfRelationship>Has subtype</fdd:typeOfRelationship>
				<fdd:relatedTo>
					<fdd:id>fdd000058</fdd:id>
					<fdd:shortName>RealAudio_MC</fdd:shortName>
					<fdd:titleName>RealAudio, Multichannel Codec</fdd:titleName>
				</fdd:relatedTo>
			</fdd:relationship>
			<fdd:relationship>
				<fdd:typeOfRelationship>May contain</fdd:typeOfRelationship>
				<fdd:comment>RealAudio codec, not separately documented</fdd:comment>
			</fdd:relationship>
			<fdd:relationship>
				<fdd:typeOfRelationship>May contain</fdd:typeOfRelationship>
				<fdd:relatedTo>
					<fdd:id>fdd000036</fdd:id>
					<fdd:shortName>AAC</fdd:shortName>
					<fdd:titleName>Advanced Audio Coding (MPEG-2)</fdd:titleName>
				</fdd:relatedTo>
				<fdd:comment>(codec)</fdd:comment>
			</fdd:relationship>
			<fdd:relationship>
				<fdd:typeOfRelationship>May contain</fdd:typeOfRelationship>
				<fdd:comment>RealAudio lossless codec, not separately documented</fdd:comment>
			</fdd:relationship>
			<fdd:relationship>
				<fdd:typeOfRelationship>May contain</fdd:typeOfRelationship>
				<fdd:comment>RealAudio multichannel codec, not separately documented</fdd:comment>
			</fdd:relationship>
		</fdd:relationships>
	</fdd:identificationAndDescription>
	<fdd:localUse>
		<fdd:experience>RealAudio, including versions earlier than 10, is used as a streaming format for most sound recordings presented in American Memory, with a target data rate oriented to users with dial-up modems.</fdd:experience>
		<fdd:preference>Considerations of quality and sustainability mean that <fddLink id="fdd000002">WAVE_LPCM</fddLink> is preferred over RealAudio; considerations of sustainability mean that <fddLink id="fdd000012">MP3</fddLink> is preferred.  Although no Library preference for media-independent surround sound has been established at this writing, formats including <fddLink id="fdd000037">MPEG-4</fddLink> with AAC audio encoding and <fddLink id="fdd000027">WMA</fddLink> (Windows Media Audio) may be preferred to <fddLink id="fdd000058">RealAudio_MC</fddLink> (multichannel codec).</fdd:preference>
	</fdd:localUse>
	<fdd:sustainabilityFactors>
		<fdd:disclosure>
			Proprietary format with little public documentation, although licenses for certain classes of developers may provide access to source code.
		</fdd:disclosure>
		<fdd:documentation>Limited documentation</fdd:documentation>
		<fdd:adoption>Widely adopted for streaming web content and other online applications, starting in the mid-1990s.		As of March 2012, the <a href="http://en.wikipedia.org/wiki/RealAudio">Wikipedia page for RealAudio</a> notes that although used widely by radio stations for streaming audio in the past, use has become less common in recent years.  In particular, the BBC dropped use from its primary website in 2009, and from the BBC World Service in 2011.</fdd:adoption>
		<fdd:licensingAndPatents>Licensing for RealAudio and RealVideo, and for related production and delivery tools, is described at <a href="https://helixcommunity.org/content/licenses">https://helixcommunity.org/content/licenses</a>, an entity of RealNetworks, Inc.  Licensing includes open source and research and development arrangements that provide access to the source code for the codecs.</fdd:licensingAndPatents>
		<fdd:transparency>Depends upon algorithms and tools to read; will require sophistication and documentation to build tools.
		</fdd:transparency>
		<fdd:selfDocumentation>Embedded bibliographic or descriptive metadata is included in online examples, e.g., title, artist, genre.  This writer could not find documentation as of April 2004; RealAudio may share metadata structure with <fddLink id="fdd000050">RealVideo</fddLink>.</fdd:selfDocumentation>
		<fdd:externalDependencies>
			Playback of surround sound requires multiple loudspeakers.
		</fdd:externalDependencies>
		<fdd:techProtection>RealAudio likely to share technical protection devices with <fddLink id="fdd000050">RealVideo</fddLink>.</fdd:techProtection>
	</fdd:sustainabilityFactors>
	<fdd:qualityAndFunctionalityFactors>
		<fdd:movingImageQF>
			<fdd:normalVideo>Good support.</fdd:normalVideo>
			<fdd:beyondVideo>A sequence of Web pages can be synchronized for display with the playback of streaming media in a RealMedia player when HTML-page URLs are embedded in a RealMedia clip.</fdd:beyondVideo>
		</fdd:movingImageQF>
	</fdd:qualityAndFunctionalityFactors>
	<fdd:fileTypeSignifiers>
		<fdd:signifiersGroup>
			<fdd:filenameExtension>
				<fdd:sigValues>
					<fdd:sigValue>rm</fdd:sigValue>
				</fdd:sigValues>
				<fdd:note>For RealMedia file.  See <a href="http://homerecording.com/realaudio.html">HomeRecording.com</a> for discussion of audio-only .rm vs .ra files.</fdd:note>
			</fdd:filenameExtension>
			<fdd:filenameExtension>
				<fdd:sigValues>
					<fdd:sigValue>ra</fdd:sigValue>
				</fdd:sigValues>
				<fdd:note>Note that streaming applications require an associated <i>ram</i> (RealMedia Metafile) file.</fdd:note>
			</fdd:filenameExtension>
			<fdd:internetMediaType>
				<fdd:sigValues>
					<fdd:sigValue>application/vnd.rn-realmedia</fdd:sigValue>
				</fdd:sigValues>
				<fdd:note>From <a href="http://service.real.com/help/faq/rp8/configrp8win.html">RealNetworks web page</a>; this MIME type was associated with extension <i>rm</i>.  No examples found in <a href="http://www.iana.org/assignments/media-types/">IANA MIME Media Types</a>.</fdd:note>
			</fdd:internetMediaType>
			<fdd:internetMediaType>
				<fdd:sigValues>
					<fdd:sigValue>audio/vnd.rn-realaudio</fdd:sigValue>
				</fdd:sigValues>
				<fdd:note>From <a href="http://service.real.com/help/faq/rp8/configrp8win.html">RealNetworks web page</a>; this MIME type was associated with extension <i>ra</i> and <i>ram</i>.  No examples found in <a href="http://www.iana.org/assignments/media-types/">IANA MIME Media Types</a>.</fdd:note>
			</fdd:internetMediaType>
			<fdd:magicNumbers>
				<fdd:sigValues>
					<fdd:sigValue>Hex: 2E 52 4D 46</fdd:sigValue>
					<fdd:sigValue>ASCII: .RMF</fdd:sigValue>
				</fdd:sigValues>
				<fdd:note>From <a href="http://www.garykessler.net/library/file_sigs.html">Gary Kessler's File Signatures Table</a>.</fdd:note>
			</fdd:magicNumbers>
			<fdd:magicNumbers>
				<fdd:sigValues>
					<fdd:sigValue>Hex: 2E 52 4D 46 00 00 00 12 00</fdd:sigValue>
					<fdd:sigValue>ASCII: .RMF</fdd:sigValue>
				</fdd:sigValues>
				<fdd:note>From <a href="http://filext.com/">The File Extension Source</a>.</fdd:note>
			</fdd:magicNumbers>
		</fdd:signifiersGroup>
	</fdd:fileTypeSignifiers>
	<fdd:formatSpecifications>
		<fdd:urls>
			<fdd:url>
				<fdd:urlGroup>
					<fdd:intro>No formal specification is available.  See <a href="#useful">Useful References</a> below for sources that provide some technical information.</fdd:intro>
				</fdd:urlGroup>
			</fdd:url>
		</fdd:urls>
	</fdd:formatSpecifications>
	<fdd:usefulReferences>
		<fdd:urls>
			<fdd:url>
				<fdd:urlReference>
					<link>http://en.wikipedia.org/wiki/RealAudio</link>
					<tag>RealAudio page from Wikipedia</tag>
				</fdd:urlReference>
			</fdd:url>
			<fdd:url>
				<fdd:urlReference>
					<link>http://web.archive.org/web/20080828212318/http://docs.real.com/docs/rn/datasheet/RA_10_Datasheet_S203.pdf</link>
					<tag>RealAudio10</tag>
					<comment>Promotional description of RealAudio 10 from RealNetworks, Inc.  No longer online at Real.  Link is to Wayback machine at Internet Archive.</comment>
				</fdd:urlReference>
			</fdd:url>
			<fdd:url>
				<fdd:urlReference>
					<link>http://web.archive.org/web/20121214121227/http://www.realnetworks.com/helix/streaming-media-manuals/</link>
					<tag>Resource Library for Helix</tag>
					<comment>Helix was the professional product line from Real Networks for producing and delivering streaming video.  The Helix product line is no longer sold.  The library (no longer online) provided access to product manuals, including an archive for non-current product versions.  Link is now via Wayback machine at Internet Archive.</comment>
				</fdd:urlReference>
			</fdd:url>
			<fdd:url>
				<fdd:urlReference>
					<link>http://service.real.com/help/library/guides/helixproducer/htmfiles/app_code.htm</link>
					<tag>RealAudio Codec Reference (Appendix A of Helix Producer User&apos;s Guide)</tag>
					<comment>Discussion of codecs for RealAudio, dated 2002, apparently for version 8.  Some of this information may be valid for RealAudio codecs.</comment>
				</fdd:urlReference>
			</fdd:url>
			<fdd:url>
				<fdd:urlReference>
					<link>http://service.real.com/help/faq/rp8/configrp8win.html</link>
					<tag>Page from RealPlayer 8 FAQ</tag>
					<comment>Lists (incidentally) Internet Media (MIME) Types.</comment>
				</fdd:urlReference>
			</fdd:url>
			<fdd:url>
				<fdd:urlReference>
					<link>http://www.iana.org/assignments/media-types/</link>
					<tag>IANA MIME Media Types</tag>
					<comment>Official IANA page; RealMedia not listed.</comment>
				</fdd:urlReference>
			</fdd:url>
			<fdd:url>
				<fdd:urlReference>
					<link>http://homerecording.com/realaudio.html</link>
					<tag>RealAudio from HomeRecording.com</tag>
				</fdd:urlReference>
			</fdd:url>
			<fdd:url>
				<fdd:urlReference>
					<link>http://www.garykessler.net/library/file_sigs.html</link>
					<tag>Gary Kessler's File Signatures Table</tag>
					<comment>Source for magic numbers.</comment>
				</fdd:urlReference>
			</fdd:url>
			<fdd:url>
				<fdd:urlReference>
					<link>http://filext.com/</link>
					<tag>The File Extension Source</tag>
					<comment>For file extensions and magic numbers.</comment>
				</fdd:urlReference>
			</fdd:url>
		</fdd:urls>
	</fdd:usefulReferences>
</fdd:FDD>
