<?xml version="1.0" encoding="UTF-8"?>
<fdd:FDD id="fdd000350" titleName="PDF/UA-1, PDF Enhancement for Accessibility, Use of ISO 32000-1" shortName="PDF/UA-1" xmlns:xsi="http://www.w3.org/2001/XMLSchema-instance" xmlns:fdd="http://www.loc.gov/preservation/digital/formats/schemas/fdd/v1" xsi:schemaLocation="http://www.loc.gov/preservation/digital/formats/schemas/fdd/v1 http://www.loc.gov/preservation/digital/formats/schemas/fdd/v1/fdd-v1-1.xsd">
	<fdd:properties>
		<fdd:gdfrGenreSelection>
			<fdd:gdfrGenre>text</fdd:gdfrGenre>
		</fdd:gdfrGenreSelection>
		<fdd:formatCategories>
			<fdd:category>file-format</fdd:category>
			<fdd:category>encoding</fdd:category>
		</fdd:formatCategories>
		<fdd:gdfrComposition>unitary</fdd:gdfrComposition>
		<fdd:gdfrForm>binary</fdd:gdfrForm>
		<fdd:gdfrConstraint>structured</fdd:gdfrConstraint>
		<fdd:gdfrBasis>symbolic</fdd:gdfrBasis>
		<fdd:updates>
			<fdd:date>2016-12-15</fdd:date>
		</fdd:updates>
		<fdd:draftStatus>Full</fdd:draftStatus>
	</fdd:properties>
	<fdd:identificationAndDescription>
		<fdd:fullName>ISO 14289-1. Document management applications - Electronic document file format enhancement for accessibility - Part 1: Use of ISO 32000-1</fdd:fullName>
		<fdd:keywords>
			<fdd:keyword>Portable Document Format (PDF)</fdd:keyword>
			<fdd:keyword>universal accessibility</fdd:keyword>
			<fdd:keyword>document formats</fdd:keyword>
		</fdd:keywords>
		<fdd:description>
			<p>A PDF compliant with the ISO 14289-1 (aka PDF/UA) specification is a constrained form of Adobe PDF (as defined in ISO 32000-1) intended to ensure accessibility and support for assistive technology used by a person with a disability.  The UA acronym stands for Universal Accessibility; however, this phrase does not occur in ISO 14289-1.</p>
			<p>Requirements for PDF/UA compliance are consistent with the <a href="http://www.w3.org/TR/WCAG20/">Web Content Accessibility Guidelines (WCAG) 2.0</a>, a W3C Recommendation from 11 December 2008.  Among the constraints on a PDF for PDF/UA compliance are the following:</p>
			<ul>
				<li>All real content shall be tagged. Artifacts shall not be tagged.</li>
				<li>Content shall be marked in the structure tree with semantically appropriate tags in a logical reading order.  The standard imposes detailed usage requirements for headings, tables, and lists to support navigation through assistive technology.</li>
				<li>All structure types in use shall be standard or mapped to standard.</li>
				<li>Graphics objects (images) that are real content shall be given a Figure tag that includes alternative or replacement text; captions accompanying figures should be tagged as captions.</li>
				<li>Information shall not be conveyed by contrast, colour, format or layout, unless the content is tagged to reflect all intended meaning.</li>
				<li>All information conveyed with sound should also be available without sound.</li>
				<li>Fonts must be embedded.</li>
				<li>Dynamic XFA forms are not permitted.  Static XFA forms may be used.</li>
			</ul>
		</fdd:description>
		<fdd:shortDescription>A constrained form of Adobe PDF version 1.7 (as defined in ISO 32000-1) intended to ensure accessibility and compatibility with assistive technology used by a person with a disability. </fdd:shortDescription>
		<fdd:productionPhase>A final-state format for delivery to end users.  A document compliant with PDF/UA, if not encrypted, is suitable for long-term preservation.</fdd:productionPhase>
		<fdd:relationships>
			<fdd:relationship>
				<fdd:typeOfRelationship>Subtype of</fdd:typeOfRelationship>
				<fdd:relatedTo>
					<fdd:id>fdd000030</fdd:id>
					<fdd:shortName>PDF</fdd:shortName>
					<fdd:titleName>Portable Document Format</fdd:titleName>
				</fdd:relatedTo>
			</fdd:relationship>
			<fdd:relationship>
				<fdd:typeOfRelationship>Subtype of</fdd:typeOfRelationship>
				<fdd:relatedTo>
					<fdd:id>fdd000277</fdd:id>
					<fdd:shortName>PDF_1_7</fdd:shortName>
					<fdd:titleName>PDF, Version 1.7  (ISO 32000-1:2008)</fdd:titleName>
				</fdd:relatedTo>
			</fdd:relationship>
			<fdd:relationship>
				<fdd:typeOfRelationship>Affinity to</fdd:typeOfRelationship>
				<fdd:relatedTo>
					<fdd:id>fdd000320</fdd:id>
					<fdd:shortName>PDF/A-2a</fdd:shortName>
					<fdd:titleName>PDF for Long-term Preservation, Use of ISO 32000-1 (PDF 1.7), Level A Conformance</fdd:titleName>
				</fdd:relatedTo>
				<fdd:comment>In an October 2010 presentation on PDF/UA, members of the PDF/UA Working Group stated that PDF/UA &quot;implies eligibility for PDF/A Conformance Level &apos;a&apos;.&quot;  However, the published PDF/UA standard does not prohibit encryption, which PDF/A does.</fdd:comment>
			</fdd:relationship>
		</fdd:relationships>
	</fdd:identificationAndDescription>
	<fdd:localUse>
		<fdd:experience>None.</fdd:experience>
		<fdd:preference>Since an unencrypted PDF document compliant with PDF/UA may also comply with requirements for PDF/A, files that conform to PDF/UA in addition to PDF/A are considered a preferred format for page-oriented content by the Library of Congress.  See <fddLink id="fdd000318">PDF/A</fddLink>.
<p>The Library of Congress Recommended Formats Statement (RFS) includes PDF/UA as a preferred format for <a href="https://www.loc.gov/preservation/resources/rfs/textmus.html">textual works in digital form</a>, <a href="https://www.loc.gov/preservation/resources/rfs/textmus.html">electronic serials</a>, <a href="https://www.loc.gov/preservation/resources/rfs/textmus.html">digital musical compositions</a>, and
<a href="https://www.loc.gov/preservation/resources/rfs/audio.htm">accompanying image/text files for digital audio</a>. The RFS also includes PDF/UA as an acceptable format for <a href="https://www.loc.gov/preservation/resources/rfs/stillimg.html">other graphic images - digital</a>. </p>
		</fdd:preference>
	</fdd:localUse>
	<fdd:sustainabilityFactors>
		<fdd:disclosure>
			<p>Open standard, published by ISO in July 2012.  Developed by the working group ISO/TC 171 SC2, Document Imaging Applications, Application Issues, for which <a href="http://www.aiim.org/">AIIM</a> (The Association for Information and Image Management) acts as secretariat.</p>
		</fdd:disclosure>
		<fdd:documentation>
			<p>
				<a href="http://www.iso.org/iso/iso_catalogue/catalogue_tc/catalogue_detail.htm?csnumber=64599">ISO 14289-1:2014. 	Document management applications -- Electronic document file format enhancement for accessibility -- Part 1: Use of ISO 32000-1 (PDF/UA-1)</a>. The standard cannot be used without <a href="http://www.iso.org/iso/iso_catalogue/catalogue_tc/catalogue_detail.htm?csnumber=51502">ISO 32000-1. Document management -- Portable document format -- Part 1: PDF 1.7</a>, which it uses as a normative reference.
		Also required for understanding of the standard is <a href="http://www.w3.org/TR/WCAG20/">Web Content Accessibility Guidelines (WCAG) 2.0</a>, a W3C Recommendation from 11 December 2008. </p>
		</fdd:documentation>
		<fdd:adoption>
			<p>As of July 2012, PDF/UA is a new standard.  Several developers of PDF Readers have committed to providing support, including Adobe, and the open-source <a href="http://www.nvaccess.org/">NVDA</a> Non-Visual Desktop Access screen reader.</p>
			<p>The extent to which current authoring tools support the creation of PDF/UA documents is unclear as of July 2012.  Authoring tools such as word-processors will have to be upgraded (through new versions or add-on modules) to guide users to create compliant documents.  In May 2012, an <a href="http://blogs.adobe.com/accessibility/2012/05/wcag-2-0-and-pdfua.html">Adobe statement</a> stated, &quot;Adobe fully supports PDF/UA and intends to use and promote it in our PDF authoring tools.&quot;</p>
			<p>In practice, few PDFs created from scanned pages will comply with PDF/UA requirements, because text derived by optical character recognition must be corrected and tagged according to the document&apos;s logical structure.</p>
		</fdd:adoption>
		<fdd:licensingAndPatents>See <fddLink id="fdd000030">PDF</fddLink>.</fdd:licensingAndPatents>
		<fdd:transparency>
			<p>Depends upon compliant software tools to read. Building tools requires sophistication. PDF/UA allows encryption but requires a particular bit in the P key to be set, in order to permit access by assistive technology.</p>
		</fdd:transparency>
		<fdd:selfDocumentation>
			<p>Support for embedding any form of metadata for a document is good.  Metadata in a PDF compliant with PDF/UA must be stored as XMP.</p>
		</fdd:selfDocumentation>
		<fdd:externalDependencies>
			<p>All necessary fonts must be embedded. </p>
		</fdd:externalDependencies>
		<fdd:techProtection>
			<p>PDF/UA allows encryption.  PDF/UA requires a particular bit in the P key to be set, in order to permit access to encrypted content by assistive technology.</p>
		</fdd:techProtection>
	</fdd:sustainabilityFactors>
	<fdd:qualityAndFunctionalityFactors>
		<fdd:textQF>
			<fdd:normalText>Good support.  Text characters in a PDF/UA must be mapped to UNICODE and the text must be accessible in logical order.  The natural languages used in a document must be declared.  To satisfy the requirements of PDF/UA, PDFs created from scanned pages require association of the text.  Text derived by OCR must be corrected and tagged to represent the document structure.</fdd:normalText>
			<fdd:structure>Many of the constraints on ISO 32000-1 imposed in ISO 14289-1 relate to mandatory inclusion and appropriate use of structural tags.</fdd:structure>
			<fdd:layout>
				<p>PDF is designed to represent the layout of page-oriented documents.  However, accessibility requirements may result in a PDF/UA document that is not an exact match in layout to a source document to which it corresponds.</p>
			</fdd:layout>
			<fdd:mathDiag>
				<p>TBD.  An image representing a formula must be supplemented with text.</p>
			</fdd:mathDiag>
			<fdd:beyondText>
				<p>PDF/UA is designed to be usable through assistive technology.  A PDF/UA document should include a document outline that matches the reading order and level of navigational targets, such as headings.  Bookmarks and annotations can be embedded.</p>
			</fdd:beyondText>
		</fdd:textQF>
	</fdd:qualityAndFunctionalityFactors>
	<fdd:fileTypeSignifiers>
		<fdd:signifiersGroup>
			<fdd:filenameExtension>
				<fdd:sigValues>
					<fdd:sigValue>pdf</fdd:sigValue>
				</fdd:sigValues>
				<fdd:note>The standard does not indicate that a different extension should be used to distinguish PDF from PDF/UA.</fdd:note>
			</fdd:filenameExtension>
			<fdd:internetMediaType>
				<fdd:sigValueNA>See related format.</fdd:sigValueNA>
				<fdd:note>See <fddLink id="fdd000030">PDF</fddLink>.</fdd:note>
			</fdd:internetMediaType>
			<fdd:magicNumbers>
				<fdd:sigValueNA>See related format.</fdd:sigValueNA>
				<fdd:note>See <fddLink id="fdd000318">PDF/A</fddLink>.</fdd:note>
			</fdd:magicNumbers>
			<fdd:other>
				<fdd:tag>Indicator for profile, level, version, etc.</fdd:tag>
				<fdd:values>
					<fdd:sigValueNA>See note.</fdd:sigValueNA>
					<fdd:note>The standard specifies that the PDF/UA version and conformance of a file shall be specified using the PDF/UA Identification extension schema defined in the standard.  This schema has one mandatory element: pdfuaid:part (integer).  A PDF/UA-1 file should have the integer value 1 for pdfuaid:part.</fdd:note>
				</fdd:values>
			</fdd:other>
			<fdd:other>
				<fdd:tag>File signature</fdd:tag>
				<fdd:values>
					<fdd:sigValueNA>See related format.</fdd:sigValueNA>
					<fdd:note>See <fddLink id="fdd000030">PDF</fddLink>.</fdd:note>
				</fdd:values>
			</fdd:other>
			<fdd:other>
				<fdd:tag>Pronom PUID</fdd:tag>
				<fdd:values>
					<fdd:sigValues>
						<fdd:sigValue>See note</fdd:sigValue>
					</fdd:sigValues>
					<fdd:note>No PUID as of Feb 2017.</fdd:note>
				</fdd:values>
			</fdd:other>
			<fdd:other>
				<fdd:tag>Wikidata Title ID</fdd:tag>
				<fdd:values>
					<fdd:sigValues>
						<fdd:sigValue>See note</fdd:sigValue>
					</fdd:sigValues>
					<fdd:note>Q1606111 refers to PDF/UA.
					</fdd:note>
				</fdd:values>
			</fdd:other>
		</fdd:signifiersGroup>
	</fdd:fileTypeSignifiers>
	<fdd:notes>
		<fdd:general>
			<p>The creation of PDF/UA files will impose requirements on authors to create well-structured documents using tags that indicate the logical structure of a document, not only its style.  For example, headings must be tagged as such with explicit indication of the heading level (e.g. H1, H2), rather than implied using font characteristics.  Retrospective conversion of existing PDFs or existing word-processing documents to PDF/UA compliance will not be straightforward or easy to automate.</p>
		</fdd:general>
		<fdd:history>
			<p>A <a href="http://pdf.editme.com/pdfua">working group on PDF/UA</a> was formed by AIIM and Adobe in 2004. The acceptance of PDF as ISO 32000 in 2008 and the publication by WC3 of the second version of its Web Content Accessibility Guidelines led the group to rewrite much of the document, with explicit references to those documents.  In 2009, PDF/UA was accepted as a standardization work item by ISO.   PDF/UA was approved and published as ISO 14289-1 in 2012.</p>
			<p>A new edition, described as a minor update, was published in December 2014.  According to <a href="http://www.pdfa.org/news/pdfua-12014-now-published/">an announcement of PDF/UA-1:2014</a>,  the final text of ISO 14289-1:2014 was converted to conform to PDF/UA and &quot;ISO will use the PDF/UA-conforming ISO standard as a basis for enhancing its own document production processes towards PDF/UA conformance.&quot;</p>
		</fdd:history>
	</fdd:notes>
	<fdd:formatSpecifications>
		<fdd:urls>
			<fdd:url>
				<fdd:urlReference>
					<link>http://www.iso.org/iso/iso_catalogue/catalogue_tc/catalogue_detail.htm?csnumber=64599</link>
					<tag>ISO 14289-1:2014. Document management applications -- Electronic document file format enhancement for accessibility - Part 1: Use of ISO 32000-1 (PDF/UA)</tag>
					<comment>A minor update to ISO 14289-1:2012.</comment>
				</fdd:urlReference>
			</fdd:url>
			<fdd:url>
				<fdd:urlReference>
					<link>http://www.iso.org/iso/iso_catalogue/catalogue_tc/catalogue_detail.htm?csnumber=51502</link>
					<tag>ISO 32000-1. Document management -- Portable document format -- Part 1: PDF 1.7</tag>
				</fdd:urlReference>
			</fdd:url>
		</fdd:urls>
	</fdd:formatSpecifications>
	<fdd:usefulReferences>
		<fdd:urls>
			<fdd:url>
				<fdd:urlReference>
					<link>http://www.w3.org/TR/WCAG20/</link>
					<tag>Web Content Accessibility Guidelines (WCAG) 2.0</tag>
					<comment>W3C Recommendation, 11 December 2008.  PDF/UA is intended to be consistent with these guidelines.</comment>
				</fdd:urlReference>
			</fdd:url>
			<fdd:url>
				<fdd:urlReference>
					<link>http://www.w3.org/WAI/intro/wcag.php</link>
					<tag>Web Content Accessibility Guidelines (WCAG) Overview
</tag>
				</fdd:urlReference>
			</fdd:url>
			<fdd:url>
				<fdd:urlReference>
					<link>http://pdf.editme.com/pdfua</link>
					<tag>PDF/UA Working Group website at AIIM.</tag>
				</fdd:urlReference>
			</fdd:url>
			<fdd:url>
				<fdd:urlReference>
					<link>http://www.aiim.org/Research-and-Publications/standards/committees/PDFUA/WCAG20-Mapping</link>
					<tag>Achieving WCAG 2.0 with PDF/UA</tag>
					<comment>From AIIM.  Published in August 2012.</comment>
				</fdd:urlReference>
			</fdd:url>
			<fdd:url>
				<fdd:urlReference>
					<link>http://www.aiim.org/Research-and-Publications/standards/committees/PDFUA/Technical-Implementation-Guide</link>
					<tag>PDF/UA-1 Technical Implementation Guide: Understanding ISO 14289-1 (PDF/UA-1)</tag>
					<comment>From AIIM.  Illuminates and provides examples for the terse PDF/UA-1 standard.  Designed for reading alongside the standard. </comment>
				</fdd:urlReference>
			</fdd:url>
			<fdd:url>
				<fdd:urlReference>
					<link>http://blogs.adobe.com/accessibility/2012/05/wcag-2-0-and-pdfua.html</link>
					<tag>WCAG 2.0 and PDF/UA</tag>
					<comment>May 2012 posting on Adobe Accessibility blog.</comment>
				</fdd:urlReference>
			</fdd:url>
			<fdd:url>
				<fdd:urlReference>
					<link>http://blogs.adobe.com/accessibility/category/pdf</link>
					<tag>Adobe blog postings related to accessibility and PDF.</tag>
				</fdd:urlReference>
			</fdd:url>
			<fdd:url>
				<fdd:urlReference>
					<link>http://www.w3.org/WAI/GL/WCAG20-TECHS/pdf.html</link>
					<tag>PDF Techniques for WCAG 2.0</tag>
				</fdd:urlReference>
			</fdd:url>
			<fdd:url>
				<fdd:urlReference>
					<link>http://www.appligent.com/files/section508-pdf-center-documentation/ET04_PDFUA_The_Standard_for_Accessible_PDF.pdf</link>
					<tag>Introducing ISO 14289, PDF/UA (Universal Accessibility)</tag>
					<comment>Presentation from October, 2010</comment>
				</fdd:urlReference>
			</fdd:url>
			<fdd:url>
				<fdd:urlReference>
					<link>http://www.commonlook.com/what-is-pdfua</link>
					<tag>What is PDF/UA? 5 reasons why it matters.</tag>
				</fdd:urlReference>
			</fdd:url>
			<fdd:url>
				<fdd:urlReference>
					<link>http://www.commonlook.com/WCAG-20-and-PDF-UA-Your-Questions-Answered</link>
					<tag>WCAG 2.0 and PDF/UA - Your Questions Answered
</tag>
				</fdd:urlReference>
			</fdd:url>
			<fdd:url>
				<fdd:urlReference>
					<link>http://www.commonlook.com/2012-01-pdfua-testimony-us-access-board</link>
					<tag>Testimony by NetCentric President to the US Access Board concerning the Refresh to Section 508
</tag>
				</fdd:urlReference>
			</fdd:url>
			<fdd:url>
				<fdd:urlReference>
					<link>http://www.commonlook.com/HTML-vs-Word-vs-PDF-accessibility-strengths-and-weaknesses</link>
					<tag>Accessibility comparison -- HTML vs. OOXML (MS Word) vs. PDF vs. PDF/UA</tag>
					<comment>From CommonLook, tools for accessibility from NetCentric Technologies.</comment>
				</fdd:urlReference>
			</fdd:url>
			<fdd:url>
				<fdd:urlReference>
					<link>http://www.pdfa.org/news/pdfua-12014-now-published/</link>
					<tag>PDF/UA-1:2014 now published</tag>
					<comment>Blog post from December 22, 2014.  Lists the most substantive changes in the minor update.</comment>
				</fdd:urlReference>
			</fdd:url>
		</fdd:urls>
	</fdd:usefulReferences>
</fdd:FDD>
