<?xml version="1.0" encoding="UTF-8"?>
<fdd:FDD id="fdd000277" titleName="PDF, Version 1.7  (ISO 32000-1:2008)" shortName="PDF_1_7" xmlns:xsi="http://www.w3.org/2001/XMLSchema-instance" xmlns:fdd="http://www.loc.gov/preservation/digital/formats/schemas/fdd/v1" xsi:schemaLocation="http://www.loc.gov/preservation/digital/formats/schemas/fdd/v1 http://www.loc.gov/preservation/digital/formats/schemas/fdd/v1/fdd-v1-2.xsd">
	<fdd:properties>
		<fdd:gdfrGenreSelection>
			<fdd:gdfrGenreAndSubgenres>
				<fdd:gdfrGenre>text</fdd:gdfrGenre>
				<fdd:gdfrSubgenres>
					<fdd:gdfrSubgenre>still-image</fdd:gdfrSubgenre>
				</fdd:gdfrSubgenres>
			</fdd:gdfrGenreAndSubgenres>
		</fdd:gdfrGenreSelection>
		<fdd:formatCategories>
			<fdd:category>file-format</fdd:category>
		</fdd:formatCategories>
		<fdd:gdfrComposition>unitary</fdd:gdfrComposition>
		<fdd:gdfrForm>binary</fdd:gdfrForm>
		<fdd:gdfrConstraint>structured</fdd:gdfrConstraint>
		<fdd:updates>
			<fdd:date>2019-03-01</fdd:date>
		</fdd:updates>
		<fdd:draftStatus>Full</fdd:draftStatus>
	</fdd:properties>
	<fdd:identificationAndDescription>
		<fdd:fullName>PDF (Portable Document Format), version 1.7, Base level (ISO 32000-1:2008)</fdd:fullName>
		<fdd:keywords>
			<fdd:keyword>Portable Document Format (PDF)</fdd:keyword>
			<fdd:keyword>document formats</fdd:keyword>
		</fdd:keywords>
		<fdd:description>
			<p>PDF (Portable Document Format), developed by Adobe Systems Incorporated, is described by Adobe as a general document representation language. PDF represents formatted, page-oriented documents. These documents may be structured or simple. They may contain text, images, graphics, and other multimedia content, such as video and audio. There is support for annotations, metadata, hypertext links, and bookmarks.</p>
			<p>The original version 1.7 of the PDF format was released November 2006 and associated with Acrobat and Adobe Reader 8.0.  Version 1.7 was published as ISO 32000-1 in July 2008.</p>
			<p>Among other new features, this version of PDF introduces an extensibility mechanism based on an <i>Extensions Dictionary</i>.  This mechanism was used by Adobe to introduce new features, but is also available for other vendors or developers to use to establish published extensions.  Adobe stated that it would maintain a publicly available registry of vendors to be used to identify extensions at <i>http://adobe.com/go/ISO32000Registry</i>.  As of early 2019, the URL provided only a registration form; as of October 2020, the URL is a broken link.
 A PDF Name List is now available at <a href="https://github.com/adobe/pdf-names-list">https://github.com/adobe/pdf-names-list</a>.</p>
		</fdd:description>
		<fdd:shortDescription>Developed by Adobe Systems Incorporated. Approved as ISO 32000-1:2008.  A general document representation language. PDF represents formatted, page-oriented documents. Adobe documentation for version 1.7 is dated November 2006, and associated with Acrobat and Adobe Reader 8.</fdd:shortDescription>
		<fdd:productionPhase>In general, a final-state format for delivery to end users.</fdd:productionPhase>
		<fdd:relationships>
			<fdd:relationship>
				<fdd:typeOfRelationship>Subtype of</fdd:typeOfRelationship>
				<fdd:relatedTo>
					<fdd:id>fdd000030</fdd:id>
					<fdd:shortName>PDF_family</fdd:shortName>
					<fdd:titleName>Portable Document Format</fdd:titleName>
				</fdd:relatedTo>
			</fdd:relationship>
			<fdd:relationship>
				<fdd:typeOfRelationship>Has subtype</fdd:typeOfRelationship>
				<fdd:relatedTo>
					<fdd:id>fdd000620</fdd:id>
					<fdd:shortName>PDF_Portfolio</fdd:shortName>
					<fdd:titleName>PDF Portfolio</fdd:titleName>
				</fdd:relatedTo>
				<fdd:comment>PDF v1.7 defines PDF Portfolios as &quot;portable collections.&quot;</fdd:comment>
			</fdd:relationship>
			<fdd:relationship>
				<fdd:typeOfRelationship>Has earlier version</fdd:typeOfRelationship>
				<fdd:relatedTo>
					<fdd:id>fdd000276</fdd:id>
					<fdd:shortName>PDF_1_6</fdd:shortName>
					<fdd:titleName>PDF, Version 1.6</fdd:titleName>
				</fdd:relatedTo>
			</fdd:relationship>
			<fdd:relationship>
				<fdd:typeOfRelationship>Has extension</fdd:typeOfRelationship>
				<fdd:relatedTo>
					<fdd:id>fdd000313</fdd:id>
					<fdd:shortName>PDF_1_7_ext03</fdd:shortName>
					<fdd:titleName>PDF, Version 1.7, ExtensionLevel 3</fdd:titleName>
				</fdd:relatedTo>
			</fdd:relationship>
		</fdd:relationships>
	</fdd:identificationAndDescription>
	<fdd:localUse>
		<fdd:experience>See <fddLink id="fdd000030">PDF_family</fddLink>.</fdd:experience>
		<fdd:preference>See <fddLink id="fdd000030">PDF_family</fddLink>.</fdd:preference>
	</fdd:localUse>
	<fdd:sustainabilityFactors>
		<fdd:disclosure>Approved as international standard, ISO 32000-1:2008.</fdd:disclosure>
		<fdd:documentation>
			<p>ISO 32000-1:2008. Document management -- Portable document format -- Part 1: PDF 1.7.  Confirmed in 2018.</p>
			<p>Adobe makes available an ISO-approved copy of the standard at <a href="https://opensource.adobe.com/dc-acrobat-sdk-docs/standards/pdfstandards/pdf/PDF32000_2008.pdf">https://opensource.adobe.com/dc-acrobat-sdk-docs/standards/pdfstandards/pdf/PDF32000_2008.pdf</a>.</p>
		</fdd:documentation>
		<fdd:adoption>Widely adopted.  However, in 2019, many PDF creation tools still create files that identify themselves as conforming to earlier versions of PDF.</fdd:adoption>
		<fdd:licensingAndPatents>
			<p>From the text of ISO 32000-1:2008, &quot;The International Organization for Standardization draws attention to the fact that it is claimed that compliance with this document may involve the use of patents concerning the creation, modification, display and processing of PDF files which are owned by the following parties:
Adobe Systems Incorporated, 345 Park Avenue, San Jose, California, 95110-2704, USA. 
ISO takes no position concerning the evidence, validity and scope of these patent rights.
The holders of these patent rights has assured the ISO that they are willing to negotiate licenses under reasonable and non-discriminatory terms and conditions with applicants throughout the world. In this respect, the statements of the holders of these patent rights are registered with ISO. Information may be obtained from those parties listed above.&quot;</p>
			<p>In association with the adoption of PDF, version 1.7 as an ISO standard (ISO 32000-1:2008), Adobe issued a <a href="https://www.adobe.com/pdf/pdfs/ISO32000-1PublicPatentLicense.pdf">Public Patent License</a>, granting "every individual and organization in the world the royalty-free right, under all Essential
Claims that Adobe owns, to make, have made, use, sell, import and distribute Compliant
Implementations." </p>
			<p>See <fddLink id="fdd000030">PDF_family</fddLink> for more information from Adobe about royalty-free use of Adobe patents.</p>
		</fdd:licensingAndPatents>
		<fdd:transparency>See <fddLink id="fdd000030">PDF_family</fddLink>.</fdd:transparency>
		<fdd:selfDocumentation>Version 1.4 and later of PDF can include XMP metadata packages.  XMP is Adobe's framework for including arbitrary blocks of metadata, using a representation in RDF.</fdd:selfDocumentation>
		<fdd:externalDependencies>
			<p>See <fddLink id="fdd000030">PDF_family</fddLink>. </p>
			<p>Starting with version 1.7,  PDF document files may use extensions developed by organizations other than Adobe.  Documents employing these extensions to the baseline specification may not be fully functional in commonly available PDF viewers, such as Adobe Reader.  See <a href="https://github.com/adobe/pdf-registry">PDF Name List</a> on github; the four-character names in the registry may be used to identify proprietary extensions or as prefixes associated with digital signatures.  Adobe uses the prefix &quot;ADBE.&quot;</p>
		</fdd:externalDependencies>
		<fdd:techProtection>See <fddLink id="fdd000030">PDF</fddLink>.</fdd:techProtection>
	</fdd:sustainabilityFactors>
	<fdd:qualityAndFunctionalityFactors>
		<fdd:textQF>
			<fdd:normalText>See <fddLink id="fdd000030">PDF_family</fddLink>.</fdd:normalText>
			<fdd:structure>See <fddLink id="fdd000030">PDF_family</fddLink>.</fdd:structure>
			<fdd:layout>See <fddLink id="fdd000030">PDF_family</fddLink>.</fdd:layout>
			<fdd:mathDiag>See <fddLink id="fdd000030">PDF_family</fddLink>.</fdd:mathDiag>
			<fdd:beyondText>See <fddLink id="fdd000030">PDF_family</fddLink>.</fdd:beyondText>
		</fdd:textQF>
	</fdd:qualityAndFunctionalityFactors>
	<fdd:fileTypeSignifiers>
		<fdd:signifiersGroup>
			<fdd:filenameExtension>
				<fdd:sigValues>
					<fdd:sigValue>pdf</fdd:sigValue>
				</fdd:sigValues>
				<fdd:note>See <fddLink id="fdd000030">PDF_family</fddLink>.</fdd:note>
			</fdd:filenameExtension>
			<fdd:internetMediaType>
				<fdd:sigValues>
					<fdd:sigValue>application/pdf</fdd:sigValue>
				</fdd:sigValues>
				<fdd:note>Media type <a href="https://www.rfc-editor.org/rfc/rfc8118.html">registered with IANA</a>. See also  <fddLink id="fdd000030">PDF_family</fddLink>.</fdd:note>
			</fdd:internetMediaType>
			<fdd:magicNumbers>
				<fdd:sigValues>
					<fdd:sigValue>Hex: 25 50 44 46 2D 31 2E 37</fdd:sigValue>
					<fdd:sigValue>ASCII: %PDF-1.7</fdd:sigValue>
				</fdd:sigValues>
				<fdd:note>From PRONOM.  However, the magic number value in the header (%PDF-1.7) declaring the PDF version with which the file complies can be overridden elsewhere in the file.  See <a href="#notes">Note</a> below for more detail on determining which chronological version a PDF document declares itself to comply with.</fdd:note>
			</fdd:magicNumbers>
			<fdd:other>
				<fdd:tag>Pronom PUID</fdd:tag>
				<fdd:values>
					<fdd:sigValues>
						<fdd:sigValue>fmt/276</fdd:sigValue>
					</fdd:sigValues>
					<fdd:note>See <a href="https://www.nationalarchives.gov.uk/PRONOM/fmt/276">https://www.nationalarchives.gov.uk/PRONOM/fmt/276</a> for PDF 1.7.</fdd:note>
				</fdd:values>
			</fdd:other>
			<fdd:other>
				<fdd:tag>Wikidata Title ID</fdd:tag>
				<fdd:values>
					<fdd:sigValues>
						<fdd:sigValue>Q26085317</fdd:sigValue>
					</fdd:sigValues>
					<fdd:note>See <a href="https://www.wikidata.org/wiki/Q26085317">https://www.wikidata.org/wiki/Q26085317</a> for PDF 1.7.</fdd:note>
				</fdd:values>
			</fdd:other>
		</fdd:signifiersGroup>
	</fdd:fileTypeSignifiers>
	<fdd:notes>
		<fdd:general>
			<p>
				<b>Identification of chronological versions of PDF</b> can be given in two places in a PDF file.  All PDF files should have a version identified in the header with the 5 characters <i>%PDF–</i> followed by a version number.  For PDF files conforming to <a href="https://www.iso.org/standard/51502.html">ISO 32000-1:2008</a> or earlier specifications (i.e. prior to <a href="https://www.iso.org/standard/63534.html">ISO 32000-2:2017</a>), the version number has the form 1.N, where N is a digit between 0 and 7.  For example, PDF 1.7 is identified by <i>%PDF–1.7</i>.  However, beginning with PDF 1.4, a conforming PDF writer may use the Version entry in the document Catalog to override the version specified in the header. The location of the Catalog within the file is indicated in the Root entry of the file trailer/footer.  This override feature was introduced to facilitate the incremental updating of a PDF by simply adding to the end of the file.  As a result, it is necessary to locate the Catalog within the file to get the correct version number.  Unless the PDF is &quot;linearized,&quot; in which case the Catalog is up front, this will require reading the trailer and then using the reference there to locate the Catalog, which will typically be compressed. This has practical implications because format identification tools, including DROID, typically look for particular characters at the beginning of a file (i.e., in the header), to permit identification with minimal effort.  DROID can look for characters at the end of the file, but is not able to follow an indirect reference or decompress file contents.  When the version number is not the same in the header and the Catalog, there is potential for format identification errors.</p>
			<p>The <a href="https://jhove.openpreservation.org/modules/pdf/">JHOVE PDF module</a> does take account of the situation, stating that for PDF 1.0 - 1.6, &quot;The PDF version is determined by the data specified in the PDF header and the Version key of the document catalog dictionary.  In the event that these two values do not match, the Version key is taken as the authoritative value.&quot;</p>
			<p>
				<b>Extension mechanism for PDF format</b>: PDF 1.7 introduced an extension mechanism based on an Extensions Dictionary.  Adobe used this mechanism to specify features introduced with Acrobat 9.0 (June 2008) and 9.1 (June 2009).  See <fddLink id="fdd000313">PDF_1_7_ext03</fddLink> and <fddLink id="fdd000314">PDF_1_7_ext05</fddLink>.  Vendors developing extensions were expected to choose 4-character identifiers and be listed in a registry.  Adobe uses the identifier <i>ADBE</i>.   As of early 2019, <i>http://adobe.com/go/ISO32000Registry</i> (the proposed registry location) did not lead to a registry, but to a PDF with a form for submitting applications; as of October 2020, the URL was a broken link.  Meanwhile, a PDF Name List is available as a spreadsheet on github at <a href="https://github.com/adobe/pdf-names-list">https://github.com/adobe/pdf-names-list</a>.  The plan for a registry was one of a small set of functional differences between Adobe&apos;s original specification for PDF 1.7 and the final ISO 32000-1:2008.  For more detail about the mechanism for extending the PDF standard, see 7.12.2 Developer Extensions Dictionary and Annex E in <a href="http://www.adobe.com/content/dam/Adobe/en/devnet/acrobat/pdfs/PDF32000_2008.pdf">ISO 32000-1:2018</a>.</p>
			<p>
				<b>Recommended practice to facilitate recognition of a PDF document as a binary file</b>: Both Adobe&apos;s PDF Reference for version 1.7 and ISO 32000-1:2008 recommend that &quot;If a PDF file contains binary data, as most do ..., it is recommended that the header line be immediately followed by a comment line containing at least four binary characters—that is, characters whose codes are 128 or greater. This ensures proper behavior of file transfer applications that inspect data near the beginning of a file to determine whether to treat the file’s contents as text or as binary.&quot;  This practice is required in PDF documents conforming to any version of <fddLink id="fdd000318">PDF/A</fddLink>.</p>
		</fdd:general>
		<fdd:history>
			<p>PDF 1.7 was released in November 2006 in association with version 8 of Acrobat and Adobe Reader.  In January 2007, Adobe announced the intention to pursue standardization through TC 171/SC 2 of ISO.  This process led to publication as ISO 32000-1 in July 2008.  There are substantial editorial differences between the two specification documents, particularly in the order of material.  Small functional differences may reflect asynchrony between the Adobe product development cycle and the ISO standardization process, but Adobe describes the specifications as &quot;matching.&quot;</p>
			<p>To quote from ISO 32000-1:2008, &quot;The first version of PDF was designated PDF 1.0 and was specified by Adobe Systems Incorporated in the PDF Reference 1.0 document published by Adobe and Addison Wesley. Since then, PDF has gone through seven revisions designated as: PDF 1.1, PDF 1.2, PDF 1.3, PDF 1.4, PDF 1.5, PDF 1.6 and PDF 1.7. All non-deprecated features defined in a previous PDF version were also included in the subsequent PDF version. Since ISO 32000-1 is a PDF version matching PDF 1.7, it is also suitable for interpretation of files made to conform with any of the PDF specifications 1.0 through 1.7. Throughout this specification in order to indicate at which point in the sequence of versions a feature was introduced, a notation with a PDF version number in parenthesis (e.g., (PDF 1.3)) is used. Thus if a feature is labelled with (PDF 1.3) it means that PDF 1.0, PDF 1.1 and PDF 1.2 were not specified to support this feature whereas all versions of PDF 1.3 and greater were defined to support it.&quot;</p>
		</fdd:history>
	</fdd:notes>
	<fdd:formatSpecifications>
		<fdd:urls>
			<fdd:url>
				<fdd:urlGroup>
					<fdd:intro>Adobe Systems Incorporated provides access both to its original PDF Reference 1.7 and the variant document that was approved as ISO 32000-1:2008.  The latter was re-organized and re-formatted in line with ISO guidelines.  The number of functional differences are assumed to be small, since Adobe describes the specifications as &quot;matching.&quot;</fdd:intro>
					<fdd:urlList>
						<fdd:urlReference>
							<link>https://opensource.adobe.com/dc-acrobat-sdk-docs/standards/pdfstandards/pdf/PDF32000_2008.pdf</link>
							<tag>Document management — Portable document format — Part 1: PDF 1.7</tag>
							<comment>As distributed by Adobe after adoption as ISO 32000-1:2008, with permission of ISO.</comment>
						</fdd:urlReference>
					</fdd:urlList>
				</fdd:urlGroup>
			</fdd:url>
			<fdd:url>
				<fdd:urlReference>
					<link>http://www.adobe.com/devnet/pdf/pdf_reference_archive.html</link>
					<tag>Adobe archive of PDF specifications</tag>
				</fdd:urlReference>
			</fdd:url>
		</fdd:urls>
		<fdd:citations>
			<fdd:citation>
				<fdd:specReference>
					<specRefDetail rel="snum">ISO 32000-1</specRefDetail>:<specRefDetail rel="date">2008</specRefDetail>. <specRefDetail rel="stitle">Document management -- Portable document format -- Part 1: PDF 1.7</specRefDetail>.  <a href="https://www.iso.org/standard/51502.html">Available for purchase from ISO</a>
				</fdd:specReference>
			</fdd:citation>
		</fdd:citations>
	</fdd:formatSpecifications>
	<fdd:usefulReferences>
		<fdd:urls>
			<fdd:url>
				<fdd:urlReference>
					<link>https://en.wikipedia.org/wiki/PDF</link>
					<tag>Wikipedia entry for PDF</tag>
				</fdd:urlReference>
			</fdd:url>
			<fdd:url>
				<fdd:urlReference>
					<link>https://en.wikipedia.org/wiki/History_of_the_Portable_Document_Format_(PDF)</link>
					<tag>Wikipedia entry for History of the Portable Document Format</tag>
				</fdd:urlReference>
			</fdd:url>
			<fdd:url>
				<fdd:urlReference>
					<link>https://github.com/adobe/pdf-names-list</link>
					<tag>PDF Name List on github</tag>
					<comment>Spreadsheet contains all developer prefixes that have been registered since 2008.  For legal reasons, Adobe maintains the list of registrations that occured prior to the publication of ISO 32000-1:2008.</comment>
				</fdd:urlReference>
			</fdd:url>
			<fdd:url>
				<fdd:urlReference>
					<link>https://reference.pdfa.org/iso/32000/</link>
					<tag>Adobe documents referenced from ISO 32000-2:2017</tag>
					<comment>Many of the documents made available here are also normative references for ISO 32000-1.</comment>
				</fdd:urlReference>
			</fdd:url>
			<fdd:url>
				<fdd:urlReference>
					<link>http://www.nationalarchives.gov.uk/PRONOM/fmt/276</link>
					<tag>PRONOM entry for fmt/276</tag>
					<comment>Information in PRONOM on PDF 1.7 (ISO 32000-1).  PUID: fmt/276.</comment>
				</fdd:urlReference>
			</fdd:url>
			<fdd:url>
				<fdd:urlReference>
					<link>https://www.wikidata.org/wiki/Q26085317</link>
					<tag>Wikidata entry for Q26085317</tag>
					<comment>Information in WikiData about PDF 1.7 (ISO 32000-1).  WikiData Title ID: Q26085317</comment>
				</fdd:urlReference>
			</fdd:url>
			<fdd:url>
				<fdd:urlGroup>
					<fdd:intro>See also <fddLink id="fdd000030">PDF_family</fddLink>.</fdd:intro>
				</fdd:urlGroup>
			</fdd:url>
		</fdd:urls>
	</fdd:usefulReferences>
</fdd:FDD>
