<?xml version="1.0" encoding="UTF-8"?>
<fdd:FDD id="fdd000279" titleName="GeoTIFF, Revision 1.0" shortName="GeoTIFF_1_0" xmlns:xsi="http://www.w3.org/2001/XMLSchema-instance" xmlns:fdd="http://www.loc.gov/preservation/digital/formats/schemas/fdd/v1" xsi:schemaLocation="http://www.loc.gov/preservation/digital/formats/schemas/fdd/v1 http://www.loc.gov/preservation/digital/formats/schemas/fdd/v1/fdd-v1-1.xsd">
	<fdd:properties>
		<fdd:gdfrGenreSelection>
			<fdd:gdfrGenre>still-image</fdd:gdfrGenre>
		</fdd:gdfrGenreSelection>
		<fdd:formatCategories>
			<fdd:category>file-format</fdd:category>
		</fdd:formatCategories>
		<fdd:gdfrComposition>container-wrapper</fdd:gdfrComposition>
		<fdd:gdfrForm>binary</fdd:gdfrForm>
		<fdd:gdfrConstraint>unstructured</fdd:gdfrConstraint>
		<fdd:gdfrBasis>sampled</fdd:gdfrBasis>
		<fdd:gdfrDomains>
			<fdd:gdfrDomain>
				<fdd:value>gis</fdd:value>
			</fdd:gdfrDomain>
		</fdd:gdfrDomains>
		<fdd:updates>
			<fdd:date>2011-09-28</fdd:date>
		</fdd:updates>
		<fdd:draftStatus>Full</fdd:draftStatus>
	</fdd:properties>
	<fdd:identificationAndDescription>
		<fdd:fullName>GeoTIFF, Revision 1.0</fdd:fullName>
		<fdd:keywords>
			<fdd:keyword>raster image formats</fdd:keyword>
			<fdd:keyword>georeferenced image formats</fdd:keyword>
			<fdd:keyword>geospatial data formats</fdd:keyword>
		</fdd:keywords>
		<fdd:description>
			<p>GeoTIFF is format extension for storing georeference and geocoding information in a TIFF 6.0 compliant raster file  by tying a raster image to a known model space or map projection.  
A GeoTIFF file is a TIFF 6.0 [<fddLink id="fdd000022">TIFF_6</fddLink>] file, and inherits the file structure as described in the corresponding portion of the TIFF spec. The GeoTIFF format uses a defined set of TIFF tags to describe cartographic information associated with TIFF imagery that originates from satellite imaging systems, scanned aerial photography, scanned maps, digital elevation models, or as a result of geographic analyses.</p>
			<p>GeoTIFF can store a broad range of georeferencing information, catering to geographic as well as projected coordinate systems needs. Supported projections include UTM, US State Plane and National Grids, as well as the underlying projection types such as Transverse Mercator, Lambert Conformal Conic, etc.  GeoTIFF uses a &quot;MetaTag&quot; (GeoKey) approach to encode dozens of information elements into just 6 tags, taking advantage of TIFF platform-independent data format representation to avoid cross-platform interchange difficulties.</p>  GeoTIFF uses numerical codes to describe projection types, coordinate systems, datums, ellipsoids, etc. In the Format Specification
Revision 1.0, see <a href="http://web.archive.org/web/20160407200913/http://www.remotesensing.org/geotiff/spec/geotiff2.4.html#2.4">Section 2.4. GeoTIFF File and Key Structure</a>  and the <a href="http://web.archive.org/web/20160407200550/http://www.remotesensing.org/geotiff/spec/geotiff6.html#6">Appendices</a> for Tag ID, KeyID and numerical code details. 
<p>Like TIFF format, GeoTIFF uses 32-bit offsets, thus limiting its extent to 4 gigabytes. The needs of GIS, large format scanners, medical imaging and other fields have prompted development of the variant BigTIFF format, which transcends the 4 GB TIFF limit using 64-bit offsets thereby supporting files up to 18,000 petabytes in size.</p>
		</fdd:description>
		<fdd:shortDescription>GeoTIFF refers to TIFF files which have geographic (or cartographic) data embedded as tags within the TIFF file. The geographic data can then be used to position the image in the correct location and geometry on the screen of a geographic information display. </fdd:shortDescription>
		<fdd:productionPhase/>
		<fdd:relationships>
			<fdd:relationship>
				<fdd:typeOfRelationship>Subtype of</fdd:typeOfRelationship>
				<fdd:relatedTo>
					<fdd:id>fdd000022</fdd:id>
					<fdd:shortName>TIFF_6</fdd:shortName>
					<fdd:titleName>TIFF, Revision 6.0 </fdd:titleName>
				</fdd:relatedTo>
				<fdd:comment/>
			</fdd:relationship>
			<fdd:relationship>
				<fdd:typeOfRelationship>Has extension</fdd:typeOfRelationship>
				<fdd:relatedTo>
					<fdd:id>fdd000328</fdd:id>
					<fdd:shortName>BigTIFF</fdd:shortName>
					<fdd:titleName>BigTIFF</fdd:titleName>
				</fdd:relatedTo>
			</fdd:relationship>
		</fdd:relationships>
	</fdd:identificationAndDescription>
	<fdd:localUse>
		<fdd:experience>The Library of Congress has acquired cartographic images in GeoTIFF format for its collections, for example, the <a href="http://lccn.loc.gov/2002628089">National Land Cover Dataset for 1992</a>, acquired on CDs.</fdd:experience>
		<fdd:preference>For works acquired for its collections, the list of <a href="http://www.loc.gov/preservation/resources/rfs/stillimg.html">Library of Congress Recommended Formats Statement for Still Image works</a>, as of February 2017, indicates that GeoTIFF is the preferred format for cartographic raster images.</fdd:preference>
	</fdd:localUse>
	<fdd:sustainabilityFactors>
		<fdd:disclosure>GeoTIFF is an open, fully documented extension to Aldus-Adobe&apos;s public domain Tagged-Image File Format (TIFF), Revision 6.0</fdd:disclosure>
		<fdd:documentation>Ritter, Niles and Mike Ruth, GeoTIFF Working Group.  <a href="http://web.archive.org/web/20160817040211/http://www.remotesensing.org/geotiff/spec/geotiffhome.html">GeoTIFF Format Specification: GeoTIFF Revision 1.0,  December 28, 2000.</a> Note that the &quot;specification version&quot; is given as 1.8.2.  As of late 2016, the official specification is a copy stored at the Internet Archive.</fdd:documentation>
		<fdd:adoption>
			<p>GeoTIFF represents an effort by over 160 different remote sensing, GIS, cartographic, and surveying related companies and organizations to establish a TIFF based interchange format for georeferenced raster imagery.</p>
			<p>GIS/Image processing packages which support GeoTIFF include:
USGS&apos;s dlgv32, ESRI ARC/INFO,
ESRI ArcExplorer,  ESRI ArcView,  ERDAS IMAGINE,
PCI’s EASI/PACE, MAP INFO, GLobal Mapper, and Python Imaging Library.</p>
			<p>USGS offers Digital Orthoquadrangle (<fddLink id="fdd000290">DOQ</fddLink>) in GeoTIFF.</p>
			<p>Spatial Data Transfer Standard (SDTS) allows a GeoTIFF image to be included with other files. </p>
			<p>USGS National Map Seamless Server products in GeoTIFF format include: National Elevation Dataset (NED), National Land Cover Data (NLCD) data, 
Shuttle Radar Topography Mission (SRTM) data, Digital Orthophoto Quarter Quadrangle (DOQQ) data,
Moderate Resolution Imaging Spectroradiometer  (MODIS)  Direct Broadcast (DB) US Normalized Difference Vegetation Index (NDVI) data, Land Processes Distributed Active Archive Center (LP DAAC) MODIS All Bands, and Landsat Mosaic Satellite imagery. </p>
			<p>NASA&apos;s Oak Ridge National Laboratory Distributed Active Archive Center (ORNL DAAC) suggests GeoTIFF as a preferred image file format for archiving in its <a href="http://daac.ornl.gov/PI/BestPractices-2010.pdf">Best Practices for Preparing Environmental Data Sets to Share and Archive</a>
			</p>
			<p>A handout from the National Map indicates that the commercial version of <a href="http://www.bluemarblegeo.com/products/global-mapper.php">Global Mapper</a> software can convert the US Topo Quadrangle <fddLink id="fdd000312">GeoPDF_2_2</fddLink> files to GeoTIFF.  All GeoPDF layers are flattened into a single raster image, with vector layers rasterized and combined with other raster layers.  The resulting file can be printed, viewed online, or used as a background image within a GIS system.</p>
		</fdd:adoption>
		<fdd:licensingAndPatents>Portions of the GeoTIFF specification are copyrighted by Niles Ritter and Mike Ruth. Permission to copy without fee all or part of the specification material is granted provided that the copies are not made or distributed for direct or commercial advantage and the GeoTIFF specific copyright notice appears (see <a href="http://web.archive.org/web/20160407200607/http://www.remotesensing.org/geotiff/spec/geotiffhome.html">specification copyright notice</a>).
 TIFF is a registered trademark of Aldus Corp., now owned by Adobe. </fdd:licensingAndPatents>
		<fdd:transparency>See <fddLink id="fdd000022">TIFF_6</fddLink>
		</fdd:transparency>
		<fdd:selfDocumentation>See <fddLink id="fdd000022">TIFF_6</fddLink>.  All GeoTIFF specific information is encoded in several additional reserved TIFF tags, and contains no private Image File Directories (IFD&apos;s), binary structures or other private information invisible to standard TIFF readers.   See also  <a href="http://www.digitalpreservation.gov/formats/content/tiff_tags.shtml">Tags for TIFF and Related Specifications.</a>
		</fdd:selfDocumentation>
		<fdd:externalDependencies>Requires a TIFF reader that is able to parse the “Geokey” MetaTag values (mentioned in Description), as well as to reliably execute two general requirements of the TIFF standard: to manage byte order (big and little endian) and to support for all documented TIFF 6.0 tag data-types, and in particular requires the IEEE double-precision floating point &quot;DOUBLE&quot; type tag. </fdd:externalDependencies>
		<fdd:techProtection/>
	</fdd:sustainabilityFactors>
	<fdd:qualityAndFunctionalityFactors>
		<fdd:stillImageQF>
			<fdd:normalImage>Good support.  All GeoTIFF specific information is encoded in several additional reserved TIFF tags, and contains no private Image File Directories (IFD&apos;s), binary structures or other private information invisible to standard TIFF readers. In systems that don&apos;t read geography, but do read TIFF image format, a GeoTIFF image should look and behave like any other TIFF image.</fdd:normalImage>
			<fdd:clarity>
				<p>Excellent support for images with very high spatial resolution. The standard is flexible as to color space and bit depth.  In practice, 8-bit grayscale and 24-bit RGB color are common; some activities create files with greater than 8 bits per channel (color or greyscale). </p>
			</fdd:clarity>
			<fdd:colorMaint>See <fddLink id="fdd000022">TIFF_6</fddLink>
			</fdd:colorMaint>
			<fdd:beyondImage/>
		</fdd:stillImageQF>
		<fdd:gisQF>
			<fdd:normalGIS>
				<p>The role of a GeoTIFF in normal GIS use is often as a visual base layer. The GeoTIFF format provides enough information that the software can automatically place an image without requirement of any user intervention, such as typing in coordinates, digitizing points, or other labor intensive and technical actions.</p>
				<p>Most GeoTIFF-savvy systems look at the geographic information and use it without any requirement that the user know the content of the geographic tags. One aim of GeoTIFF is to reduce the need of users to be geographic experts in order to load a map-projected image or scanned map.</p>
				<p>GeoTIFF provides a robust framework for specifying a broad class of existing projected coordinate systems.</p>
				<p>GeoTIFF requires support for all documented TIFF 6.0 tag data-types, and in particular requires the IEEE double-precision floating point "DOUBLE" type tag. Most of the parameters for georeferencing will not have sufficient accuracy with single-precision IEEE, nor with RATIONAL format storage.</p>
			</fdd:normalGIS>
			<fdd:metadataGIS>GeoTIFF uses a small set of reserved TIFF tags to store a broad range of georeferencing information, including: coordinate systems, datums, ellipsoids, and projections. <p>Projections include UTM, US State Plane and National Grids, as well as the underlying projection types such as Transverse Mercator, Lambert Conformal Conic, etc.</p>
				<p>The projection, datums and ellipsoid codes are derived from the <a href="http://epsg-registry.org/">EPSG list</a> compiled by the Petrotechnical Open Software Corporation (POSC), and mechanisms for adding further international projections, datums and ellipsoids has been established.</p>
			</fdd:metadataGIS>
			<fdd:grids>GeoTIFF images can be transformed and displayed as pixel based GRIDs. </fdd:grids>
			<fdd:beyondGIS>
				<p>GeoTIFF is fully extensible, permitting internal, private or proprietary information storage.  </p>
				<p>As with TIFF, in GeoTIFF private &quot;GeoKeys&quot; and codes may be used, starting with 32768 and above. Unlike the TIFF spec, however, in GeoTIFF these private key-spaces will not be reserved, and are only to be used for private, internal purposes since the GeoTIFF standard arose from the need to avoid multiple proprietary encoding systems, use of private keycode implementations is discouraged. </p>
			</fdd:beyondGIS>
		</fdd:gisQF>
	</fdd:qualityAndFunctionalityFactors>
	<fdd:fileTypeSignifiers>
		<fdd:signifiersGroup>
			<fdd:filenameExtension>
				<fdd:sigValues>
					<fdd:sigValue>tif</fdd:sigValue>
					<fdd:sigValue>tiff</fdd:sigValue>
					<fdd:sigValue>gtiff</fdd:sigValue>
				</fdd:sigValues>
				<fdd:note>All sample file examples in official archive at <a href="http://download.osgeo.org/geotiff/samples/">http://download.osgeo.org/geotiff/samples/</a> have .tif as extension.</fdd:note>
			</fdd:filenameExtension>
			<fdd:internetMediaType>
				<fdd:sigValues>
					<fdd:sigValue>image/tiff</fdd:sigValue>
				</fdd:sigValues>
				<fdd:note>See also <fddLink id="fdd000022">TIFF_6</fddLink>
				</fdd:note>
			</fdd:internetMediaType>
			<fdd:other>
				<fdd:tag>Pronom PUID</fdd:tag>
				<fdd:values>
					<fdd:sigValues>
						<fdd:sigValue>fmt/155</fdd:sigValue>
					</fdd:sigValues>
					<fdd:note>See <a href="http://www.nationalarchives.gov.uk/pronom/fmt/155">http://www.nationalarchives.gov.uk/pronom/fmt/155</a>.</fdd:note>
				</fdd:values>
			</fdd:other>
			<fdd:other>
				<fdd:tag>Wikidata Title ID</fdd:tag>
				<fdd:values>
					<fdd:sigValues>
						<fdd:sigValue>Q1502796</fdd:sigValue>
					</fdd:sigValues>
					<fdd:note>See <a href="https://www.wikidata.org/wiki/Q1502796">https://www.wikidata.org/wiki/Q1502796</a>.
					</fdd:note>
				</fdd:values>
			</fdd:other>
		</fdd:signifiersGroup>
	</fdd:fileTypeSignifiers>
	<fdd:notes>
		<fdd:general>
			<p>GeoTIFF projection, datums and ellipsoid codes are derived from the <a href="http://epsg-registry.org/">European Petroleum Survey Group (EPSG) list</a> compiled by the Petrotechnical Open Software Corporation (POSC), and mechanisms for adding further international projections, datums and ellipsoids have been established. </p>
			<p>The GeoTIFF information content is designed to be compatible with the data decomposition approach used by the National Spatial Data Infrastructure (NSDI) of the U.S. Federal Geographic Data Committee (FGDC).</p>
			<p>The GeoTIFF specification requires that TIFF-compliant readers honor the &apos;byte-order&apos; indicator: this means that 4-byte integers from files created on opposite order machines must be swapped in software, and that 8-byte DOUBLE&apos;s must be 8-byte swapped.</p>
			<p>GeoTIFF requires reliable support for the TIFF 6.0 &quot;DOUBLE&quot; data-type tag, pertaining to IEEE double-precision floating point data.  Most of the parameters for georeferencing will not have sufficient accuracy with single-precision IEEE, nor with RATIONAL format storage. The only other alternative for storing high-precision values would be to encode as ASCII, but this does not conform to TIFF recommendations for data encoding. </p>
		</fdd:general>
		<fdd:history>
			<p>In late 2016, the use of the remotesensing.org domain for the GeoTIFF specification and supporting documentation was terminated.  The primary GeoTIFF website as of early 2017 is <a href="http://geotiff.osgeo.org">http://geotiff.osgeo.org</a>, which redirects to <a href="https://trac.osgeo.org/geotiff/">https://trac.osgeo.org/geotiff/</a>.</p>
			<p>Discussion at NASA has led to some <a href="https://trac.osgeo.org/geotiff/wiki/RefiningGeoTIFF">suggestions for refinements to the GeoTIFF specification</a>.  The compilers of this resource have not determined how actively these suggestions are being pursued. <a href="../contact_format.shtml">Comments welcome</a>. </p>
		</fdd:history>
	</fdd:notes>
	<fdd:formatSpecifications>
		<fdd:urls>
			<fdd:url>
				<fdd:urlReference>
					<link>http://web.archive.org/web/20160403164508/http://www.remotesensing.org/geotiff/spec/geotiffhome.html</link>
					<tag>GeoTIFF Revision 1.0</tag>
					<comment>Document states &quot;Specification Version: 1.8.2,&quot; Last Modified: 28 December, 2000.  Note that as of early 2017, the official GeoTIFF specification is in the Internet Archive. </comment>
				</fdd:urlReference>
			</fdd:url>
			<fdd:url>
				<fdd:urlReference>
					<link>http://partners.adobe.com/public/developer/tiff/index.html</link>
					<tag>Adobe&apos;s TIFF page for developers.  Provides link to TIFF 6.0 specification.</tag>
				</fdd:urlReference>
			</fdd:url>
		</fdd:urls>
	</fdd:formatSpecifications>
	<fdd:usefulReferences>
		<fdd:urls>
			<fdd:url>
				<fdd:urlReference>
					<link>http://trac.osgeo.org/geotiff/</link>
					<tag>Primary GeoTIFF web site</tag>
					<comment>With information on GeoTIFF software maintenance and issue tracking.</comment>
				</fdd:urlReference>
			</fdd:url>
			<fdd:url>
				<fdd:urlGroup>
					<fdd:intro>GeoTIFF tools typically build on TIFF software tools, particularly on the LibTIFF software library.  LibTIFF used to be available from remotesensing.org, but as of late 2016 is available from two alternate sites.</fdd:intro>
					<fdd:urlList>
						<fdd:urlReference>
							<link>http://www.simplesystems.org/libtiff/</link>
							<tag>LibTIFF home page #1</tag>
						</fdd:urlReference>
						<fdd:urlReference>
							<link>http://libtiff.maptools.org/</link>
							<tag>LibTIFF Home page #2</tag>
							<comment>TIFF Software Library and Utilities.</comment>
						</fdd:urlReference>
					</fdd:urlList>
				</fdd:urlGroup>
			</fdd:url>
			<fdd:url>
				<fdd:urlReference>
					<link>https://www.geospatialworld.net/article/geotiff-a-standard-image-file-format-for-gis-applications/</link>
					<tag>GeoTIFF - A standard image file format for GIS applications</tag>
					<comment>By Sk. Sazid Mahammad and R. Ramakrishnan.  Originally published in Map India in 2003.</comment>
				</fdd:urlReference>
			</fdd:url>
			<fdd:url>
				<fdd:urlReference>
					<link>http://www.nationalarchives.gov.uk/pronom/fmt/155</link>
					<tag>PRONOM entry for GeoTIFF </tag>
					<comment>Pronom Identifier (PUID) is fmt/155.</comment>
				</fdd:urlReference>
			</fdd:url>
			<fdd:url>
				<fdd:urlReference>
					<link>http://web.archive.org/web/20160817040211/http://www.remotesensing.org/geotiff/faq.html</link>
					<tag>GeoTIFF FAQ </tag>
					<comment>As of January 2015, Version 2.4, last updated February 2011.  The link on the primary GeoTIFF site is now to a copy in the Internet Archive.</comment>
				</fdd:urlReference>
			</fdd:url>
			<fdd:url>
				<fdd:urlReference>
					<link>http://epsg-registry.org/</link>
					<tag>EPSG Codes from Geodetic Parameter Registry</tag>
					<comment>EPSG Geodetic Parameter Dataset is maintained by the Geodesy Subcommittee of the Geomatics Committee of the International Association of Oil and Gas Producers. </comment>
				</fdd:urlReference>
			</fdd:url>
			<fdd:url>
				<fdd:urlReference>
					<link>http://www.iogp.org/pubs/373-07-1.pdf</link>
					<tag>EPSG Guide</tag>
					<comment>Guidance Note Number 7, part 1: Using the EPSG Geodetic Parameter Dataset.
</comment>
				</fdd:urlReference>
			</fdd:url>
			<fdd:url>
				<fdd:urlReference>
					<link>http://daac.ornl.gov/PI/pi_info.shtml</link>
					<tag>Data Provider Information</tag>
					<comment>From NASA&apos;s Oak Ridge National Laboratory Distributed Active Archive Center (ORNL DAAC).  GeoTIFF is among recommended image formats.</comment>
				</fdd:urlReference>
			</fdd:url>
			<fdd:url>
				<fdd:urlReference>
					<link>http://nationalmap.gov/ustopo/Import_US_Topo_Instructions.pdf</link>
					<tag>Can I import a US Topo into my geographic information system (GIS)?</tag>
					<comment>From the National Map, in relation to US Topo Quadrangles.  One method is to convert to GeoTIFF </comment>
				</fdd:urlReference>
			</fdd:url>
			<fdd:url>
				<fdd:urlReference>
					<link>http://www.bluemarblegeo.com/products/global-mapper-dlvg32.php</link>
					<tag>USGS Digital Data Viewer: dlgv32 Pro</tag>
					<comment>A limited version of the Global Mapper software from Blue Marble Geographics.</comment>
				</fdd:urlReference>
			</fdd:url>
			<fdd:url>
				<fdd:urlReference>
					<link>http://apps.nationalarchives.gov.uk/pronom/fmt/155</link>
					<tag>PRONOM entry for fmt/155</tag>
					<comment>Information in PRONOM from UK National Archives about GeoTIFF. PUID: fmt/155.</comment>
				</fdd:urlReference>
			</fdd:url>
			<fdd:url>
				<fdd:urlReference>
					<link>https://www.wikidata.org/wiki/Q1502796</link>
					<tag>WikiData entry for Q1502796</tag>
					<comment>Information in WikiData about GeoTIFF. WikiData Title ID: Q1502796.</comment>
				</fdd:urlReference>
			</fdd:url>
		</fdd:urls>
	</fdd:usefulReferences>
</fdd:FDD>
