<?xml version="1.0" encoding="UTF-8"?>
<fdd:FDD id="fdd000109" titleName="Vorbis Audio Codec, Version I" shortName="Vorbis_I" xmlns:xsi="http://www.w3.org/2001/XMLSchema-instance" xmlns:fdd="http://www.digitalpreservation.gov/formats/schemas/fdd/v1" xsi:schemaLocation="http://www.digitalpreservation.gov/formats/schemas/fdd/v1 http://www.digitalpreservation.gov/formats/schemas/fdd/v1/fdd-v1-0.xsd">
	<fdd:properties>
		<fdd:gdfrGenreSelection>
			<fdd:gdfrGenre>sound</fdd:gdfrGenre>
		</fdd:gdfrGenreSelection>
		<fdd:formatCategories>
			<fdd:category>encoding</fdd:category>
		</fdd:formatCategories>
		<fdd:gdfrComposition>unitary</fdd:gdfrComposition>
		<fdd:gdfrForm>binary</fdd:gdfrForm>
		<fdd:gdfrBasis>sampled</fdd:gdfrBasis>
		<fdd:updates>
			<fdd:date>2010-06-30</fdd:date>
		</fdd:updates>
		<fdd:draftStatus>Full</fdd:draftStatus>
	</fdd:properties>
	<fdd:identificationAndDescription>
		<fdd:fullName>Vorbis Audio Codec, Version I</fdd:fullName>
		<fdd:keywords>
			<fdd:keyword>audio formats</fdd:keyword>
		</fdd:keywords>
		<fdd:description>Bitstream encoding format designed for efficient distribution of waveform sound over moderate bandwidth connections; may be used at higher data rates for better fidelity. From an open source project. The Vorbis <a href="http://www.xiph.org/vorbis/doc/Vorbis_I_spec.pdf">specification states</a>: " . . . a general purpose perceptual audio CODEC intended to allow maximum encoder flexibility, thus allowing it to scale competitively over an exceptionally wide range of bitrates."</fdd:description>
		<fdd:shortDescription>Format Description for Vorbis -- Bitstream encoding format designed for efficient distribution of waveform sound over moderate bandwidth connections; may be used at higher data rates for better fidelity.  From an open source project.</fdd:shortDescription>
		<fdd:productionPhase>Generally used for final-state, end-user delivery.</fdd:productionPhase>
		<fdd:relationships>
			<fdd:relationship>
				<fdd:typeOfRelationship>Used by</fdd:typeOfRelationship>
				<fdd:relatedTo>
					<fdd:id>fdd000117</fdd:id>
					<fdd:shortName>Ogg_Vorbis</fdd:shortName>
					<fdd:titleName>Ogg Vorbis Audio Format</fdd:titleName>
				</fdd:relatedTo>
			</fdd:relationship>
		</fdd:relationships>
	</fdd:identificationAndDescription>
	<fdd:localUse>
		<fdd:experience>None.</fdd:experience>
		<fdd:preference>See <fddLink id="fdd000117">Ogg_Vorbis</fddLink>.</fdd:preference>
	</fdd:localUse>
	<fdd:sustainabilityFactors>
		<fdd:disclosure>Fully documented. Developed by the <a href="http://xiph.org/">Xiph.Org</a> Foundation, a non-profit organization.</fdd:disclosure>
		<fdd:documentation>
			<a href="http://www.xiph.org/vorbis/doc/Vorbis_I_spec.pdf">Vorbis I specification</a>. This version is dated February 3, 2010.</fdd:documentation>
		<fdd:adoption>Applications include <a href="http://wiki.xiph.org/VorbisStreams">streaming broadcasts</a> ("oggcasts") and <a href="http://wiki.xiph.org/GamesThatUseVorbis">computer games</a>.  See also <fddLink id="fdd000026">Ogg</fddLink> and <fddLink id="fdd000117">Ogg_Vorbis</fddLink>
		</fdd:adoption>
		<fdd:licensingAndPatents>None.</fdd:licensingAndPatents>
		<fdd:transparency>	For "file" metadata, see <fddLink id="fdd000026">Ogg</fddLink>.  Technical metadata is included in the Vorbis stream, as described in <a href="http://tools.ietf.org/html/rfc5215">RFC 5215</a>, <i>RTP Payload Format for Vorbis Encoded Audio</i> (2008)."
</fdd:transparency>
		<fdd:selfDocumentation>For "file" metadata, see <fddLink id="fdd000026">Ogg</fddLink>.  Technical metadata is included in the Vorbis stream.  This is described in the RTP Payload Format for Vorbis Encoded Audio.  As of June, 2010, the August 2008 draft can be found at http://tools.ietf.org/html/rfc5215.  Since this Web page may not be updated promptly, the link this IETF document is has not been embedded here.</fdd:selfDocumentation>
		<fdd:externalDependencies>Surround sound requires appropriate amplifier and loudspeakers or headphone.</fdd:externalDependencies>
		<fdd:techProtection>None known to the compilers of this document.</fdd:techProtection>
	</fdd:sustainabilityFactors>
	<fdd:qualityAndFunctionalityFactors>
		<fdd:soundQF>
			<fdd:normalSound>Good support.</fdd:normalSound>
			<fdd:fidelity>From the <a href="http://www.xiph.org/vorbis/doc/Vorbis_I_spec.pdf">specification</a>: "At the high
quality/bitrate end of the scale (CD or DAT rate stereo, 16/24 bits) it is in the same league as MPEG-2 and MPC. Similarly, the 1.0 encoder can encode high-quality CD and DAT rate stereo at below
48kbps without resampling to a lower rate. Vorbis is also intended for lower and higher sample rates
(from 8kHz telephony to 192kHz digital masters). . . ."</fdd:fidelity>
			<fdd:channels>From the <a href="http://www.xiph.org/vorbis/doc/Vorbis_I_spec.pdf">specification</a>: Supports "a range of channel representations (monaural,
polyphonic, stereo, quadraphonic, 5.1, ambisonic, or up to 255 discrete channels)."</fdd:channels>
			<fdd:samples>Not supported.</fdd:samples>
			<fdd:beyondSound>Not fully investigated for this page; may be streamed as raw data under RTP (Realtime Transport Protocol).</fdd:beyondSound>
		</fdd:soundQF>
	</fdd:qualityAndFunctionalityFactors>
	<fdd:fileTypeSignifiers>
		<fdd:signifiersGroup>
			<fdd:filenameExtension>
				<fdd:sigValueNA>Not applicable.</fdd:sigValueNA>
			</fdd:filenameExtension>
			<fdd:internetMediaType>
				<fdd:sigValueNA>Not applicable.</fdd:sigValueNA>
			</fdd:internetMediaType>
			<fdd:magicNumbers>
				<fdd:sigValueNA>Not applicable.</fdd:sigValueNA>
			</fdd:magicNumbers>
		</fdd:signifiersGroup>
	</fdd:fileTypeSignifiers>
	<fdd:formatSpecifications>
		<fdd:urls>
			<fdd:url>
				<fdd:urlReference>
					<link>http://www.xiph.org/vorbis/doc/Vorbis_I_spec.pdf</link>
					<tag>Vorbis I specification (2010)</tag>
					<comment/>
				</fdd:urlReference>
			</fdd:url>
		</fdd:urls>
	</fdd:formatSpecifications>
	<fdd:usefulReferences>
		<fdd:urls>
			<fdd:url>
				<fdd:urlReference>
					<link>http://www.ietf.org/rfc/rfc5215.txt</link>
					<tag>RTP Payload Format for Vorbis Encoded Audio</tag>
					<comment>From registration with IANA.</comment>
				</fdd:urlReference>
			</fdd:url>
		</fdd:urls>
	</fdd:usefulReferences>
</fdd:FDD>
