<?xml version="1.0" encoding="UTF-8"?>
<fdd:FDD id="fdd000555" titleName="National Instructional Material Accessibility Standard (NIMAS)" shortName="NIMAS" xmlns:xsi="http://www.w3.org/2001/XMLSchema-instance" xmlns:fdd="http://www.loc.gov/preservation/digital/formats/schemas/fdd/v1" xsi:schemaLocation="http://www.loc.gov/preservation/digital/formats/schemas/fdd/v1 http://www.loc.gov/preservation/digital/formats/schemas/fdd/v1/fdd-v1-2.xsd">
	<fdd:properties>
		<fdd:gdfrGenreSelection>
			<fdd:gdfrGenre>text</fdd:gdfrGenre>
		</fdd:gdfrGenreSelection>
		<fdd:formatCategories>
			<fdd:category>file-format</fdd:category>
			<fdd:category>encoding</fdd:category>
		</fdd:formatCategories>
		<fdd:gdfrComposition>container-bundle</fdd:gdfrComposition>
		<fdd:gdfrForm>text</fdd:gdfrForm>
		<fdd:gdfrConstraint>structured</fdd:gdfrConstraint>
		<fdd:gdfrBasis>symbolic</fdd:gdfrBasis>
		<fdd:updates>
			<fdd:date>2022-12-14</fdd:date>
		</fdd:updates>
		<fdd:draftStatus>Full</fdd:draftStatus>
	</fdd:properties>
	<fdd:identificationAndDescription>
		<fdd:fullName>National Instructional Material Accessibility Standard (NIMAS)</fdd:fullName>
		<fdd:keywords>
			<fdd:keyword>accessibility</fdd:keyword>
			<fdd:keyword>accessibile formats</fdd:keyword>
			<fdd:keyword>bundling format</fdd:keyword>
		</fdd:keywords>
		<fdd:description>
			<p>The National Instructional Materials Accessibility Standard (NIMAS) is the packaging mechanism for delivery of print instructional materials in accessible formats to blind or other persons with print disabilities in elementary and secondary schools. Pronounced <a href="https://en.wikipedia.org/wiki/National_Instructional_Materials_Accessibility_Standard">NYE-mas</a>, NIMAS is standardized via <a href="https://sites.ed.gov/idea/regs/b/appendix-c">Appendix C of Part B</a> of the U.S. Department of Education’s <a href="https://sites.ed.gov/idea/">Individuals with Disabilities Education Act (IDEA) of 2004</a>. Under section 674(e)(4) of the Act, the NIMAS applies to print instructional materials published after July 19, 2006. An accessible format, in this context, is <a href="https://sites.ed.gov/idea/idea-files/questions-and-answers-on-the-national-instructional-materials-accessibility-standard-nimas-aug-9-2021/">defined</a> as &quot;a copy of a work in an alternative manner or form that gives eligible students access to the work, including to permit the person to have access as feasibly and comfortably as a person without visual impairment or other print disability... Accessible formats produced from NIMAS may include braille, large print, digital audio, and a range of accessible digital text formats.&quot; The 2018 <a href="https://aem.cast.org/nimas-nimac/nimas-terms-marrakesh">Marrakesh Treaty Implementation Act (MTIA)</a> was incorporated into <a href="https://www.copyright.gov/legislation/2018_marrakesh_faqs.pdf">section 121 of the U.S. Copyright Law</a> (also known as the Chafee Amendment) to amend several of terms and provided new definitions, but left the fundamental activity the same. See <a href="#notes">History</a> for more information.</p>
			<p>
				<b>Structure of NIMAS</b>
			</p>
			<p>
				<a href="https://sites.ed.gov/idea/regs/b/appendix-c">IDEA Act, Part B, Appendix C</a> states that "NIMAS-conformant content must be valid to the NIMAS 1.1 [see ANSI/NISO Z39.86 2005 or subsequent revisions]. In addition, files are required to use the tags from the Baseline Element Set when such tags are appropriate. Publishers are encouraged to augment the required Baseline Element Set with tags from the Optional Element Set (elements not included in the Standard) as applicable. For the purposes of NIMAS, appropriate usage of elements, both baseline and optional, is defined by the <a href="http://www.daisy.org/z3986/">DAISY Structure Guidelines</a>. Files that do not follow these guidelines in the selection and application of tags are not conformant to this Standard." Both optional elements and appropriate structure guidelines may be located within <a href="https://web.archive.org/web/20110805190514/http://www.niso.org/workrooms/daisy/Z39-86-2002.html">Z39.86-2002</a>, link via Internet Archive, (see also <fddLink id="fdd000053">Digital Talking Book 2002</fddLink>) and <a href="http://www.daisy.org/z3986/2005/">Z39.86-2005</a> which has an updated 2012 revision <a href="https://daisy.org/activities/standards/daisy/daisy-3/z39-86-2005-r2012-specifications-for-the-digital-talking-book/">Z39.86-2005 </a> (see also <fddLink id="fdd000275">Digital Talking Book 2005</fddLink>).</p>
			<p>NIMAS defines a set of files with the Baseline Element Set specifying the minimum requirement that must be delivered to fulfill the NIMAS. This set comprises:</p>
			<ul>
				<li>XML file compliant with <fddLink id="fdd000275">ANSI/NISO Z39.86-2005</fddLink> (see <a href="#notes">History</a> for more information) content file. NIMAS declares a set of required and optional elements from the NISO/Daisy specification including: document-level tags (dtbook: root element with the metadata in head and the contents itself in book; head: contains meta information about the book but no actual content of the book itself; book: encapsulates the actual content of the document, which is divided into additional tags frontmatter, bodymatter, and rearmatter;  meta: indicates metadata about the book.) Additional sets of required elements are specified for Structure and Hierarchy, Block Elements, Inline Elements; Tables and Images. The full set of required elements from NISO Z39.86 is listed on the <a href="https://sites.ed.gov/idea/regs/b/appendix-c">NIMAS site (Appendix C of Part B)</a>. In addition to these required elements, the specification states that "publishers are encouraged to apply markup beyond the baseline (required) elements. The complete DTBook Element Set reflects the tags necessary to create the six types of Digital Talking Books and Braille output. Because of the present necessity to subdivide the creation of alternate format materials into distinct phases, the Panel determined that baseline elements would be provided by publishers, and optional elements would be added to the NIMAS-conformant files by third party conversion entities." </li>
				<li>valid XML <fddLink id="fdd000171">OEBPS (Open Ebook Forum Publication Structure) 1.2</fddLink> compliant package file. Must meet the following additional standards:
<ul>
						<li>For <b>Dublin Core</b> elements: 
dc:Title; dc:Creator (if applicable); dc:Publisher; dc:Date (Date of NIMAS-compliant file creation—yyyy-mm-dd); dc:Format (=“NIMAS 1.0” for ANSI/NISO Z39.86-2002 or "NIMAS 1.1" ANSI/NISO Z39.86-2005); dc:Identifier (a unique identifier for the NIMAS-compliant digital publication); dc:Language (one instance, or multiple in the case of a foreign language textbook, etc.); dc:Rights; dc:Source (ISBN of print version of textbook).</li>
						<li>For <b>x-metadata</b>: nimas-SourceEdition (the edition of the print textbook); nimas-SourceDate (date of publication of the print textbook). Additional elements for facilitating recordkeeping, storage and file retrieval as well as for intended audience level were proposed but it&apos;s not clear if they are mandatory.  An essential part of the package file is the mandatory manifest that lists of all files contained in the
NIMAS file set, except for the OPF file itself.</li>
					</ul>
				</li>
				<li>
					<fddLink id="fdd000030">PDF</fddLink> of the title page as well as whichever page(s) contain(s) ISBN and copyright information. Note that NIMAS does not define a specific profile or version of PDF.</li>
				<li>a full set of the contents&apos; images. The <a href="https://sites.ed.gov/idea/regs/b/appendix-c">specification</a> further states that &quot;All of the images included within a work must be provided in a folder and placeholders entered in the relevant XML document indicating their location (all images must be included). The preferred image type is <fddLink id="fdd000515">SVG</fddLink>, next is either <fddLink id="fdd000153">PNG</fddLink> or JPG format. Images should be rendered in the same size/proportion as their originals at 300 dpi. Images should be named with relative path filenames in XML files.&quot;</li>
			</ul>
			<p>According to <a href="https://aem.cast.org/binaries/content/assets/common/publications/aem/creating-nimas-files-2021.pdf">Creating NIMAS Files</a> from the National Center on Accessible Educational Materials (2021), &quot;all
NIMAS fileset components must be provided in a ZIP file. The naming convention for the NIMAS
ZIP file is the Identifier.&quot;  Each fileset component is listed in the manifest with its specific IANA media type (formerly known as MIME types) and follow the guidelines of <a href="https://daisy.org/activities/standards/daisy/daisy-3/z39-86-2005-r2012-specifications-for-the-digital-talking-book/">Z39.86-2005 (section 3.3)</a>. See <a href="#fileTypeSignifiers">Identifiers</a> for specific details.</p>
			<p>
				<b>Uses of NIMAS</b>
			</p>
			<p>
				<a href="https://www.nd.gov/dpi/national-instructional-materials-accessibility-standard-nimas">IDEA 2004 mandated universal adoption of NIMAS because its flexibility</a> and its adoption has significant impacts including that it: &quot;facilitates the development of a national database of instructional materials; maximizes the availability and effectiveness of student-ready versions of instructional materials used in K-12 curricula;
improves content quality because publishers provide the digital files; embeds easily into existing systems that serve students; and supports copyright indemnification for publishers and schools.&quot; </p>
			<p>The <a href="https://www.nimac.us/about-nimac/">National Instructional Materials Access Center (NIMAC)</a> is the main distributor for NIMAS-compliant content: &quot;NIMAC is a federally-funded, searchable online repository of source files for K-12 instructional materials. [NIMAC] receives files in the XML-based NIMAS (National Instructional Materials Accessibility Standard) format, and states use these materials in the production of accessible formats such as braille, large print, and digital text. The NIMAC currently has over 70,000 files from more than 160 publishers.&quot; <a href="https://sites.ed.gov/idea/idea-files/questions-and-answers-on-the-national-instructional-materials-accessibility-standard-nimas-aug-9-2021/">State educational agencies (SEAs)</a>, local educational agencies (LEAs), and other interested parties agree to direct publishers to provide NIMAS files to the NIMAC as a part of their adoption contracts or purchase agreements when acquiring student instructional materials. SEAs also agree to designate authorized users who will have access to the NIMAC repository on behalf of students in their state. These authorized users can search the NIMAC repository and directly download the NIMAS files they need or assign these files within the system to registered accessible media producers, to convert into accessible formats for use by eligible students in elementary and secondary schools.</p>
		</fdd:description>
		<fdd:shortDescription>The National Instructional Materials Accessibility Standard (NIMAS) is the packaging mechanism for delivery of print instructional materials in accessible formats to blind or other persons with print disabilities in elementary and secondary schools. </fdd:shortDescription>
		<fdd:productionPhase>Middle State to Final State. NIMAS file sets are source files and are designed to be converted into accessible formats by accessible media producers, using specialized software for this purpose, before distribution to students. NIMAS files are used in the production of a range of accessible formats, including braille, large print, digital audio, and a variety of accessible digital text formats, including DAISY and EPUB.</fdd:productionPhase>
		<fdd:relationships>
			<fdd:relationship>
				<fdd:typeOfRelationship>Defined via</fdd:typeOfRelationship>
				<fdd:relatedTo>
					<fdd:id>fdd000354</fdd:id>
					<fdd:shortName>ZIP_PK</fdd:shortName>
					<fdd:titleName>ZIP File Format (PKWARE)</fdd:titleName>
				</fdd:relatedTo>
				<fdd:comment>NIMAS fileset components must be provided in a ZIP file but NIMAS does not define a specific subtype for ZIP.</fdd:comment>
			</fdd:relationship>
			<fdd:relationship>
				<fdd:typeOfRelationship>Must have component</fdd:typeOfRelationship>
				<fdd:relatedTo>
					<fdd:id>fdd000275</fdd:id>
					<fdd:shortName>DTB_2005</fdd:shortName>
					<fdd:titleName>	Digital Talking Book. ANSI/NISO Z39.86-2005</fdd:titleName>
				</fdd:relatedTo>
			</fdd:relationship>
			<fdd:relationship>
				<fdd:typeOfRelationship>Must have component</fdd:typeOfRelationship>
				<fdd:relatedTo>
					<fdd:id>fdd000171</fdd:id>
					<fdd:shortName>OEBPS_1_2</fdd:shortName>
					<fdd:titleName>OEBPS, Open eBook Forum Publication Structure 1.2</fdd:titleName>
				</fdd:relatedTo>
			</fdd:relationship>
			<fdd:relationship>
				<fdd:typeOfRelationship>Must have component</fdd:typeOfRelationship>
				<fdd:relatedTo>
					<fdd:id>fdd000030</fdd:id>
					<fdd:shortName>PDF_family</fdd:shortName>
					<fdd:titleName>PDF (Portable Document Format) Family</fdd:titleName>
				</fdd:relatedTo>
				<fdd:comment>NIMAS does not define a profile or version of PDF but PDFs of the title page and Copyright information are required.</fdd:comment>
			</fdd:relationship>
			<fdd:relationship>
				<fdd:typeOfRelationship>May have component</fdd:typeOfRelationship>
				<fdd:relatedTo>
					<fdd:id>fdd000515</fdd:id>
					<fdd:shortName>SVG_family</fdd:shortName>
					<fdd:titleName>Scalable Vector Graphics (SVG) File Format Family</fdd:titleName>
				</fdd:relatedTo>
				<fdd:comment>SVG is the preferred format for images within the NIMAS package but NIMAS does not define a version of SVG.</fdd:comment>
			</fdd:relationship>
			<fdd:relationship>
				<fdd:typeOfRelationship>May have component</fdd:typeOfRelationship>
				<fdd:relatedTo>
					<fdd:id>fdd000153</fdd:id>
					<fdd:shortName>PNG</fdd:shortName>
					<fdd:titleName>PNG, Portable Network Graphics</fdd:titleName>
				</fdd:relatedTo>
				<fdd:comment>After SVG, PNG and JPG are equally preferred for images.</fdd:comment>
			</fdd:relationship>
			<fdd:relationship>
				<fdd:typeOfRelationship>May have component</fdd:typeOfRelationship>
				<fdd:relatedTo>
					<fdd:id>fdd000017</fdd:id>
					<fdd:shortName>JPEG</fdd:shortName>
					<fdd:titleName>JPEG Image Encoding Family</fdd:titleName>
				</fdd:relatedTo>
				<fdd:comment>After SVG, PNG and JPG are equally preferred for images. NIMAS does not define a profile or version preference for JPEG.</fdd:comment>
			</fdd:relationship>
		</fdd:relationships>
	</fdd:identificationAndDescription>
	<fdd:localUse>
		<fdd:experience>The Library does not have NIMAS content in its collections but, through the <a href="https://www.loc.gov/nls/">National Library Service for the Blind and Print Disabled</a> or NLS, it defines the eligibility for access to NIMAS content. See <a href="#notes">History</a> for more information. </fdd:experience>
		<fdd:preference>See the Recommended Formats Statement for the Library of Congress format preferences for <a href="https://www.loc.gov/preservation/resources/rfs/text.html">textual works</a>. </fdd:preference>
	</fdd:localUse>
	<fdd:sustainabilityFactors>
		<fdd:disclosure>Full disclosure with non-proprietary, open standard for the required XML component files: <fddLink id="fdd000275">Digital Talking Book. ANSI/NISO Z39.86-2005</fddLink> for the content file and <fddLink id="fdd000171">OEBPS (Open Ebook Forum Publication Structure) 1.2</fddLink> for the package file. <fddLink id="fdd000030">PDF Family</fddLink> is fully documented with the maintenance of almost all PDF specifications has been under the auspices of working groups of ISO TC 171 SC 2. The <fddLink id="fdd000354">ZIP File Format (PKWARE)</fddLink> submission file is format specification is proprietary, but the most recent version has always been openly disclosed as the .ZIP Application Note with a file name of APPNOTE.TXT.</fdd:disclosure>
		<fdd:documentation>Fully documented. The <a href="https://sites.ed.gov/idea/regs/b/appendix-c">Baseline Element Set</a> defines the minimum requirement that must be delivered to fulfill the NIMAS including compliance with <fddLink id="fdd000275">Digital Talking Book. ANSI/NISO Z39.86-2005</fddLink> for the content file and <fddLink id="fdd000171">OEBPS (Open Ebook Forum Publication Structure) 1.2</fddLink>
		</fdd:documentation>
		<fdd:adoption>
			<p>
				<a href="https://www.nimac.us/">NIMAC</a> is the distributor for NIMAS-compliant content to authorized user groups. It includes "70,000 K-12 NIMAS files for use in the production of accessible formats for students with disabilities." Under IDEA, in order for students to be eligible for NIMAS-derived materials, they must: (1) be receiving special education services under IDEA and (2) meet the qualification criteria of the NLS statute.</p>The National Center on Accessible Educational Materials provides a <a href="https://aem.cast.org/nimas-nimac/nimac-state-coordinators">NIMAC State Coordinators</a> list as well as other <a href="https://www.nimac.us/contact-nimac/">contact points</a> for NIMAS-related projects. Additional places to obtain NIMAS content include <a href="https://www.aph.org/">American Printing House (APH)</a> and <a href="https://www.bookshare.org/cms/">Bookshare</a>.
	<a href="https://www.nimac.us/publishers-conversion-houses/">NIMAC</a> clarifies that &quot;under IDEA 2004, publishers of K-12 instructional materials are required to produce and submit NIMAS files to the NIMAC when customers include this requirement in the language of their print book purchase agreements and adoption contracts.&quot;	<p>There is no cost to use the NIMAC or to obtain NIMAS files through the NIMAC. However, there may be a cost to the SEA or LEA for having an accessible format produced and that will vary depending on the required format and the organization producing the format. Some NIMAS-sourced accessible formats are available at no cost to the SEA or LEA, while production of other formats or by other organizations may involve a cost. </p>
		</fdd:adoption>
		<fdd:licensingAndPatents>
			<p>No licensing issues related to the component file set. However, access to NIMAS content via NIMAC is limited by law. <a href="https://www.loc.gov/nls/about/organization/laws-regulations/copyright-law-amendment-1996-pl-104-197/">US Copyright law 17 U.S.C. § 121(d)(3)</a> defines the parameters for an <i>eligible person</i> as one who, "regardless of any other disability — (A) is blind; (B) has a visual impairment or perceptual or reading disability that cannot be improved to give visual function substantially equivalent to that of a person who has no such impairment or disability and so is unable to read printed works to substantially the same degree as a person without an impairment or disability; or (C) is otherwise unable, through physical disability, to hold or manipulate a book or to focus or move the eyes to the extent that would be normally acceptable for reading." <a href="https://sites.ed.gov/idea/idea-files/questions-and-answers-on-the-national-instructional-materials-accessibility-standard-nimas-aug-9-2021/">NIMAC</a> further states that "only eligible students in elementary schools and secondary schools, under section 674(e)(2) and (3) of the IDEA, may receive accessible formats produced from NIMAS files from the NIMAC. In addition to being eligible under copyright law, students must be identified as eligible and served under the IDEA in order to receive NIMAS-sourced accessible formats. Students whose parents elect for them not to have an Individualized Education Program are not served under IDEA, and thus are not eligible to receive accessible formats produced from NIMAS files." </p>
			<p>In addition, <a href="https://aem.cast.org/nimas-nimac/nimas-sea-lea">Section 306 of IDEA 2004</a>, which amends the Copyright Act, provides publishers with the right to transfer electronic materials to the NIMAC as long as they possess the print rights to such materials. This protection is to ensure the delivery of materials for which electronic rights may not have been obtained or are simply not available. This protection does not apply to files delivered directly to SEAs and LEAs by publishers for the purpose of creating accessible formats for qualifying students.</p>
		</fdd:licensingAndPatents>
		<fdd:transparency>See <fddLink id="fdd000275">Digital Talking Book. ANSI/NISO Z39.86-2005</fddLink>, <fddLink id="fdd000171">OEBPS (Open Ebook Forum Publication Structure) 1.2</fddLink>, <fddLink id="fdd000030">PDF Family</fddLink>, <fddLink id="fdd000354">ZIP File Format (PKWARE)</fddLink>
		</fdd:transparency>
		<fdd:selfDocumentation>Well supported embedded metadata in the NIMAS Baseline Element Set standard including Dublin Core elements. </fdd:selfDocumentation>
		<fdd:externalDependencies>NIMAS itself is <a href="https://www.nimac.us/about-nimac/">not intended for distribution</a> directly to students – generally, it requires conversion to become a fully-accessible textbook equivalent for students with print disabilities. Access to NIMAS content is regulated through NIMAC which validates, reviews, and catalogs files using the NIMAC online system. Authorized Users and Accessible Media Producers (AMPs) download files and produce accessible instructional materials (AIM). Accessible formats are distributed to students via state systems for AIM delivery and organizations like APH and Bookshare.
NIMAS requires conversion before use by students. AMPs use a variety of commercial and proprietary software to produce accessible formats using NIMAS source files.
</fdd:externalDependencies>
		<fdd:techProtection>The NIMAC provides a <a href="https://www.nimac.us/wp-content/uploads/2021/01/NIMAC-Validation-Wizard-Instructions.pptx">Validation Wizard</a> (PPT slide deck download) as a stand-alone Windows program that provides DTD validation for NIMAS file sets. It also ensures that the XML is well-formed and that all referenced images are present in the images folder. NIMAC requires that all NIMAS files be validated using the tool before they are submitted to the NIMAC. The tool is available as a free download from the NIMAC system to all publishers and conversion vendors. </fdd:techProtection>
	</fdd:sustainabilityFactors>
	<fdd:qualityAndFunctionalityFactors>
		<fdd:textQF>
			<fdd:normalText>Good Support. 
<p>As described in the October 2008 <a href="https://digitalprairie.ok.gov/digital/collection/stgovpub/id/9408/">Technical Assistance Document</a> from the Oklahoma State Department of Education, &quot;NIMAS establishes a uniform electronic (or digital) format for textbooks and related materials called a source file. On its own, this source file (which is coded in Extensible Markup Language [XML]) is not sufficient for direct use; however, the source file is the means by which specialized, accessible formats are created-Braille, audio or digital text, and large print. These accessible formats can then be used by those who are blind or otherwise print-disabled.&quot; See also <fddLink id="fdd000275">ANSI/NISO Z39.86-2005</fddLink> and <fddLink id="fdd000171">OEBPS (Open Ebook Forum Publication Structure) 1.2</fddLink>.</p>
			</fdd:normalText>
			<fdd:structure>Well supported through the logical structure of the <a href="http://www.daisy.org/z3986/">DAISY Structure Guidelines for DTB 2005</a>. </fdd:structure>
			<fdd:layout>As a source file format, NIMAS is not intended to be distributed directly to students, but rather the files are used to create formats such as braille, large print, DAISY text, DAISY audio, and other digital formats. NIMAC users are generally organizations that produce and distribute accessible formats produced from NIMAS, as opposed to individual students, teachers, or schools.</fdd:layout>
			<fdd:mathDiag>
				<p>Good support. The <a href="https://aem.cast.org/nimas-nimac/nimas-mathml">MathML</a> in DAISY Structure Guidelines provides guidance on the correct application of MathML to the XML element set in DTBook, a key component of the ANSI/NISO Z39.86 Standard to which DAISY and NIMAS conform. The MathML in DAISY Structure Guidelines details best practices in the application of MathML in the mark-up of instructional materials of the type commonly found in elementary, secondary, and post-secondary educational curricula.</p>
				<p>The DAISY specification does indicate that the latest specifications of MathML should be used and the most recent version is <a href="https://www.w3.org/TR/MathML3/">MathML 3</a> from 2014.</p>
				<p>To include MathML in a NIMAS fileset: in the XML source file the DTBook DTD must be updated to include both the MathML module and the actual math content encoded in MathML.</p>
			</fdd:mathDiag>
			<fdd:beyondText>None. </fdd:beyondText>
		</fdd:textQF>
	</fdd:qualityAndFunctionalityFactors>
	<fdd:fileTypeSignifiers>
		<fdd:signifiersGroup>
			<fdd:filenameExtension>
				<fdd:sigValues>
					<fdd:sigValue>xml</fdd:sigValue>
				</fdd:sigValues>
				<fdd:note>NIMAS component files are provided in a ZIP file. See <a href="https://aem.cast.org/binaries/content/assets/common/publications/aem/creating-nimas-files-2021.pdf">Creating NIMAS Files</a> from the National Center on Accessible Educational Materials (2021).</fdd:note>
			</fdd:filenameExtension>
			<fdd:filenameExtension>
				<fdd:sigValues>
					<fdd:sigValue>xml</fdd:sigValue>
				</fdd:sigValues>
				<fdd:note>For the XML content files as described within the manifest in the package file. See <fddLink id="fdd000275">Digital Talking Book 2005</fddLink>.</fdd:note>
			</fdd:filenameExtension>
			<fdd:filenameExtension>
				<fdd:sigValues>
					<fdd:sigValue>opf</fdd:sigValue>
				</fdd:sigValues>
				<fdd:note>For package file. See <fddLink id="fdd000171">OEBPS, Open eBook Forum Publication Structure 1.2</fddLink>
				</fdd:note>
			</fdd:filenameExtension>
			<fdd:filenameExtension>
				<fdd:sigValues>
					<fdd:sigValue>pdf</fdd:sigValue>
				</fdd:sigValues>
				<fdd:note>For the PDF of the title page and ISBN pages as described within the manifest in the package file. See <fddLink id="fdd000030">PDF Family</fddLink>. NIMAS does not declare a profile or version.</fdd:note>
			</fdd:filenameExtension>
			<fdd:filenameExtension>
				<fdd:sigValues>
					<fdd:sigValue>svg</fdd:sigValue>
				</fdd:sigValues>
				<fdd:note>For image content. See <fddLink id="fdd000515">SVG Family</fddLink>
				</fdd:note>
			</fdd:filenameExtension>
			<fdd:filenameExtension>
				<fdd:sigValues>
					<fdd:sigValue>jpg</fdd:sigValue>
				</fdd:sigValues>
				<fdd:note>See <fddLink id="fdd000017">JPEG Image Encoding Family</fddLink>. NIMAS does not declare a profile or version.</fdd:note>
			</fdd:filenameExtension>
			<fdd:filenameExtension>
				<fdd:sigValues>
					<fdd:sigValue>png</fdd:sigValue>
				</fdd:sigValues>
				<fdd:note>See <fddLink id="fdd000153">PNG (Portable Network Graphics)</fddLink>
				</fdd:note>
			</fdd:filenameExtension>
			<fdd:internetMediaType>
				<fdd:sigValues>
					<fdd:sigValue>application/x-dtbook+xml</fdd:sigValue>
				</fdd:sigValues>
				<fdd:note>For the XML content files as described within the manifest in the package file. Example: [item id=&quot;xmlexemplar&quot; href=&quot;contentfilename.xml&quot; media-type=&quot;application/xdtbook+xml&quot;/]. See <a href="https://aem.cast.org/binaries/content/assets/common/publications/aem/creating-nimas-files-2021.pdf">Creating NIMAS Files</a> from the National Center on Accessible Educational Materials (2021).
				</fdd:note>
			</fdd:internetMediaType>
			<fdd:internetMediaType>
				<fdd:sigValues>
					<fdd:sigValue>application/pdf</fdd:sigValue>
				</fdd:sigValues>
				<fdd:note>For the PDF of the title page and ISBN pages as described within the manifest in the package file. Example: [item id=&quot;copyrightpagepdf&quot; href=&quot;copyrightpage.pdf&quot; mediatype=&quot;application/pdf&quot;/]. See <a href="https://aem.cast.org/binaries/content/assets/common/publications/aem/creating-nimas-files-2021.pdf">Creating NIMAS Files</a> from the National Center on Accessible Educational Materials (2021).</fdd:note>
			</fdd:internetMediaType>
			<fdd:internetMediaType>
				<fdd:sigValues>
					<fdd:sigValue>image/svg+xml</fdd:sigValue>
					<fdd:sigValue>image/png</fdd:sigValue>
					<fdd:sigValue>image/jpeg</fdd:sigValue>
				</fdd:sigValues>
				<fdd:note>For image components as described within the manifest in the package file. See <a href="https://aem.cast.org/binaries/content/assets/common/publications/aem/creating-nimas-files-2021.pdf">Creating NIMAS Files</a> from the National Center on Accessible Educational Materials (2021).
	</fdd:note>
			</fdd:internetMediaType>
			<fdd:other>
				<fdd:tag>Pronom PUID</fdd:tag>
				<fdd:values>
					<fdd:sigValueNA>See note.</fdd:sigValueNA>
					<fdd:note>PRONOM has no corresponding entry as of December 2022.</fdd:note>
				</fdd:values>
			</fdd:other>
			<fdd:other>
				<fdd:tag>Wikidata Title ID</fdd:tag>
				<fdd:values>
					<fdd:sigValueNA>See note.</fdd:sigValueNA>
					<fdd:note>Wikidata has no corresponding entry as of December 2022.</fdd:note>
				</fdd:values>
			</fdd:other>
		</fdd:signifiersGroup>
	</fdd:fileTypeSignifiers>
	<fdd:notes>
		<fdd:general>
			<a href="https://sites.ed.gov/idea/regs/b/appendix-c">NIMAS</a> has the option to add modular extensions over time: &quot;The most current DAISY/NISO standard, formally the ANSI/NISO Z39.86, Specifications for the Digital Talking Book defines a comprehensive system for creating Digital Talking Books. A part of this standard is DTBook, an XML vocabulary that provides a core set of elements needed to produce most types of books. However, DTBook is not intended to be an exhaustive vocabulary for all types of books... Mathematics, video support, testing, workbooks, music, dictionaries, chemistry, and searching are some of the extensions that have been discussed.&quot; <a href="http://www.daisy.org/z3986/modular/modular.html">Guidelines for Modular Extensions</a> published by DAISY include guiding principles such as forward compatibility, work to support standards harmonization, avoid using specifications that have royalty attached to them, specifications developed under the DAISY Consortium are in the public domain and have no patents or royalty associated with them, and more. </fdd:general>
		<fdd:history>
			<p>The 2018 <a href="https://aem.cast.org/nimas-nimac/nimas-terms-marrakesh">Marrakesh Treaty Implementation Act (MTIA),</a> incorporated into <a href="https://www.copyright.gov/legislation/2018_marrakesh_faqs.pdf">section 121 of the U.S. Copyright Law,</a> updated several definitions and terms of the IDEA and therefore, the NIMAS. In summary, the MTIA:</p>
			<ul>
				<li>"Expanded the types of works allowed to be copied from nondramatic literary works to all literary works, plus musical works fixed in the form of text or notation; </li>
				<li>Changed the term &apos;specialized formats,&apos; the definition of which was limited to specific technologies, to &apos;accessible formats,&apos; which is defined more broadly as an 'alternative manner or format' that allows an eligible person to have access to a work that is equivalent to a person without a disability and includes related illustrations integrated with the text or notation.</li>
				<li>Updated the beneficiaries of section 121, which were originally termed &apos;blind or other persons with disabilities,&apos; to &apos;eligible person.&apos;&quot;</li>
			</ul>
			<p>For the disability criterion of NIMAS eligibility, IDEA 2004 points to the <a href="https://www.loc.gov/nls/about/organization/laws-regulations/copyright-law-amendment-1996-pl-104-197/">US Copyright law 17 U.S.C. § 121(d)(3)</a> which specifies the free national library program of reading materials for print-disabled individuals administered by the <a href="https://www.loc.gov/nls/">National Library Service for the Blind and Print Disabled</a>, better known as NLS, at the Library of Congress. As explained in <a href="https://www.uwyo.edu/wind/_files/docs/nimas/nimac_nls_updates_2021-508.pdf">NIMAS Eligibility Update: Marrakesh and the New NLS Guidelines</a> from 2021, the MTIA has a ripple effect for other rules and statutes: MTIA caused Changes to US Copyright Law
(Section 121 or Chafee Amedment); Copyright Changes required Updated NLS Guidelines; Updated NLS Guidelines forced Updated NIMAS eligibility criteria (and NIMAC
agreements!). </p>
			<p>The Library of Congress published the 2021 <a href="https://www.federalregister.gov/documents/2021/02/12/2021-02837/loans-of-library-materials-for-blind-and-other-print-disabled-persons">Code of Federal Regulation 36 CFR 701</a> Loans of Library Materials for Blind and Other Print-Disabled Persons which among other things, included the following list of professionals who may certify a student as eligible to receive NIMAS-derived materials: "Eligibility must be certified by one of the following: doctor of medicine, doctor of osteopathy, ophthalmologist, optometrist, psychologist, registered nurse, therapist, and professional staff of hospitals, institutions, and public or welfare agencies (such as an educator, a social worker, case worker, counselor, rehabilitation teacher, certified reading specialist, school psychologist, superintendent, or librarian)." MTIA removes the requirement for certification by a medical doctor for those with reading disabilities. Instead, these individuals may now be certified by the same persons who are authorized to certify other print-disabled individuals for participation in the program.</p>
		</fdd:history>
	</fdd:notes>
	<fdd:formatSpecifications>
		<fdd:urls>
			<fdd:url>
				<fdd:urlReference>
					<link>https://sites.ed.gov/idea/regs/b/appendix-c</link>
					<tag>Specification for NIMAS, under Individuals with Disabilities Education Improvement Act of 2004, Appendix C to Part 300</tag>
				</fdd:urlReference>
			</fdd:url>
			<fdd:url>
				<fdd:urlReference>
					<link>http://www.daisy.org/z3986/</link>
					<tag>Daisy ANSI/NISO Z39.86 specification and information</tag>
				</fdd:urlReference>
			</fdd:url>
			<fdd:url>
				<fdd:urlReference>
					<link>http://www.daisy.org/z3986/2005/</link>
					<tag>Daisy ANSI/NISO Z39.86-2005 specification and information</tag>
				</fdd:urlReference>
			</fdd:url>
			<fdd:url>
				<fdd:urlReference>
					<link>https://daisy.org/activities/standards/daisy/daisy-3/z39-86-2005-r2012-specifications-for-the-digital-talking-book/</link>
					<tag>ANSI/NISO Z39.86-2005 (R2012)
Revision of ANSI/NISO Z39.86-2002: Specifications for the Digital Talking Book</tag>
				</fdd:urlReference>
			</fdd:url>
		</fdd:urls>
	</fdd:formatSpecifications>
	<fdd:usefulReferences>
		<fdd:urls>
			<fdd:url>
				<fdd:urlGroup>
					<fdd:intro>IDEA related content</fdd:intro>
					<fdd:urlList>
						<fdd:urlReference>
							<link>https://sites.ed.gov/idea/</link>
							<tag>U.S. Department of Education’s Individuals with Disabilities Education Act (IDEA) </tag>
						</fdd:urlReference>
						<fdd:urlReference>
							<link>https://sites.ed.gov/idea/idea-files/questions-and-answers-on-the-national-instructional-materials-accessibility-standard-nimas-aug-9-2021/</link>
							<tag>Questions and Answers on the National Instructional Materials Accessibility Standard (NIMAS) </tag>
						</fdd:urlReference>
					</fdd:urlList>
				</fdd:urlGroup>
			</fdd:url>
			<fdd:url>
				<fdd:urlGroup>
					<fdd:intro>NIMAC related resources</fdd:intro>
					<fdd:urlList>
						<fdd:urlReference>
							<link>https://www.nimac.us/</link>
							<tag>National Instructional
Materials Access Center homepage</tag>
						</fdd:urlReference>
						<fdd:urlReference>
							<link>https://www.nimac.us/contact-nimac/</link>
							<tag>Contact the NIMAC</tag>
						</fdd:urlReference>
						<fdd:urlReference>
							<link>https://www.nimac.us/publishers-conversion-houses/</link>
							<tag>Publishers and Conversion Houses</tag>
						</fdd:urlReference>
						<fdd:urlReference>
							<link>https://www.nimac.us/about-nimac/</link>
							<tag>About NIMAC</tag>
						</fdd:urlReference>
						<fdd:urlReference>
							<link>https://www.nimac.us/wp-content/uploads/2021/01/NIMAC-Validation-Wizard-Instructions.pptx</link>
							<tag>NIMAC Validation Wizard (ppt download)</tag>
						</fdd:urlReference>
						<fdd:urlReference>
							<link>https://aem.cast.org/nimas-nimac/nimac-state-coordinators</link>
							<tag>NIMAC State Coordinators</tag>
						</fdd:urlReference>
						<fdd:urlReference>
							<link>https://aem.cast.org/nimas-nimac/nimas-sea-lea</link>
							<tag>NIMAS for SEAs and LEAs</tag>
						</fdd:urlReference>
						<fdd:urlReference>
							<link>https://aem.cast.org/nimas-nimac/nimas-mathml</link>
							<tag>MathML in NIMAS</tag>
						</fdd:urlReference>
					</fdd:urlList>
				</fdd:urlGroup>
			</fdd:url>
			<fdd:url>
				<fdd:urlReference>
					<link>https://en.wikipedia.org/wiki/National_Instructional_Materials_Accessibility_Standard</link>
					<tag>Wikipedia entry on NIMAS</tag>
				</fdd:urlReference>
			</fdd:url>
			<fdd:url>
				<fdd:urlReference>
					<link>https://aem.cast.org/nimas-nimac/nimac-state-coordinators</link>
					<tag>NIMAC State Coordinators</tag>
				</fdd:urlReference>
			</fdd:url>
			<fdd:url>
				<fdd:urlReference>
					<link>https://digitalprairie.ok.gov/digital/collection/stgovpub/id/9408/</link>
					<tag>October 2008 &lt;a href=&quot;https://digitalprairie.ok.gov/digital/collection/stgoTechnical Assistance Document from the Oklahoma State Department of Education</tag>
				</fdd:urlReference>
			</fdd:url>
			<fdd:url>
				<fdd:urlReference>
					<link>https://www.w3.org/TR/MathML3/</link>
					<tag>W3C Mathematical Markup Language (MathML) Version 3.0 2nd Edition</tag>
				</fdd:urlReference>
			</fdd:url>
			<fdd:url>
				<fdd:urlReference>
					<link>https://www.loc.gov/nls/about/organization/laws-regulations/copyright-law-amendment-1996-pl-104-197/</link>
					<tag>NLS: 
The Chafee Amendment: 17 U.S.C. 121 &amp; 121A</tag>
				</fdd:urlReference>
			</fdd:url>
			<fdd:url>
				<fdd:urlReference>
					<link>https://www.copyright.gov/legislation/2018_marrakesh_faqs.pdf</link>
					<tag>US Copyright Office: Understanding The Marrakesh Treaty Implementation Act (August 2020)</tag>
				</fdd:urlReference>
			</fdd:url>
			<fdd:url>
				<fdd:urlReference>
					<link>https://www.federalregister.gov/documents/2021/02/12/2021-02837/loans-of-library-materials-for-blind-and-other-print-disabled-persons </link>
					<tag>Federal Register: Loans of Library Materials for Blind and Other Print-Disabled Persons. 36 CFR 701.</tag>
				</fdd:urlReference>
			</fdd:url>
			<fdd:url>
				<fdd:urlReference>
					<link>https://www.uwyo.edu/wind/_files/docs/nimas/nimac_nls_updates_2021-508.pdf</link>
					<tag>NIMAS Eligibility Update:
Marrakesh and the New NLS Guidelines </tag>
				</fdd:urlReference>
			</fdd:url>
			<fdd:url>
				<fdd:urlReference>
					<link>https://aem.cast.org/nimas-nimac/nimas-terms-marrakesh</link>
					<tag>NIMAS Terms Clarified Post Marrakesh</tag>
				</fdd:urlReference>
			</fdd:url>
			<fdd:url>
				<fdd:urlReference>
					<link>http://www.daisy.org/z3986/modular/modular.html</link>
					<tag>Daisy Guidelines for Modular Extensions</tag>
				</fdd:urlReference>
			</fdd:url>
			<fdd:url>
				<fdd:urlReference>
					<link>https://aem.cast.org/binaries/content/assets/common/publications/aem/creating-nimas-files-2021.pdf</link>
					<tag>Creating NIMAS Files
By AEM Center at CAST.
Published: 2021</tag>
				</fdd:urlReference>
			</fdd:url>
			<fdd:url>
				<fdd:urlReference>
					<link>https://www.nd.gov/dpi/national-instructional-materials-accessibility-standard-nimas</link>
					<tag>North Dakota Department of Public Instruction: The National Instructional Materials Accessibility Standard (NIMAS)</tag>
				</fdd:urlReference>
			</fdd:url>
			<fdd:url>
				<fdd:urlReference>
					<link>https://www.loc.gov/nls/</link>
					<tag>National Library Service (NLS) homepage</tag>
				</fdd:urlReference>
			</fdd:url>
			<fdd:url>
				<fdd:urlReference>
					<link>https://www.aph.org/</link>
					<tag>American Printing House homepage</tag>
				</fdd:urlReference>
			</fdd:url>
			<fdd:url>
				<fdd:urlReference>
					<link>https://www.bookshare.org/cms/</link>
					<tag>Bookshare homepage</tag>
				</fdd:urlReference>
			</fdd:url>
		</fdd:urls>
	</fdd:usefulReferences>
</fdd:FDD>
