<?xml version="1.0" encoding="UTF-8"?>
<fdd:FDD id="fdd000475" titleName="HyperText Markup Language (HTML) Format Family" shortName="HTML_family" xmlns:xsi="http://www.w3.org/2001/XMLSchema-instance" xmlns:fdd="http://www.loc.gov/preservation/digital/formats/schemas/fdd/v1" xsi:schemaLocation="http://www.loc.gov/preservation/digital/formats/schemas/fdd/v1 http://www.loc.gov/preservation/digital/formats/schemas/fdd/v1/fdd-v1-1.xsd">
	<fdd:properties>
		<fdd:gdfrGenreSelection>
			<fdd:gdfrGenre>text</fdd:gdfrGenre>
		</fdd:gdfrGenreSelection>
		<fdd:formatCategories>
			<fdd:category>family</fdd:category>
			<fdd:category>file-format</fdd:category>
			<fdd:category>encoding</fdd:category>
		</fdd:formatCategories>
		<fdd:gdfrComposition>unitary</fdd:gdfrComposition>
		<fdd:gdfrForm>text</fdd:gdfrForm>
		<fdd:gdfrConstraint>structured</fdd:gdfrConstraint>
		<fdd:gdfrBasis>symbolic</fdd:gdfrBasis>
		<fdd:updates>
			<fdd:date>2023-04-25</fdd:date>
		</fdd:updates>
		<fdd:draftStatus>Full</fdd:draftStatus>
	</fdd:properties>
	<fdd:identificationAndDescription>
		<fdd:fullName>HyperText Markup Language (HTML) Format Family</fdd:fullName>
		<fdd:keywords>
			<fdd:keyword>document formats</fdd:keyword>
		</fdd:keywords>
		<fdd:description>
			<p>HyperText Markup Language (HTML) is the primary markup language used for creating pages and applications on the World Wide Web.  HTML originated around 1990 as a language intended for the distribution of relatively simple structured documents, suitable for use by authors who were scientists or academics rather than experts in printing or other aspects of document formatting.  As the Web became more and more popular, HTML was enhanced to satisfy demand for access to multimedia, greater control of layout and fonts, and support for interactive applications.  As of 2018, a trio of widely adopted complementary technologies are used for displaying content and supporting interaction on the Web: HTML for structural markup for underlying content, Cascading Style Sheets (<fddLink id="fdd000482">CSS</fddLink>) for applying formatting to that content, and JavaScript for supporting interaction and as the basis for content management frameworks that assemble pages dynamically from chunks of content.  This description focuses on characteristics that are common to all versions of HTML with an emphasis on the the file format as used for distributing documents or document-like content.  It also covers the overall history of the format&apos;s development.  Descriptions for a number of subtypes provide more detail for the most widely used versions of HTML.</p>
			<p>HTML files are textual files, viewable and editable in plain text editors.  Originally, HTML files used 7- or 8-bit character sets (typically <a href="https://en.wikipedia.org/wiki/ASCII">US ASCII</a>, <a href="https://en.wikipedia.org/wiki/ISO/IEC_8859-1">ISO/IEC 8859-1</a>, or <a href="https://en.wikipedia.org/wiki/Windows-1252">Windows-1252</a>); now UTF-8 is recommended.  Over the years, HTML has been developed and maintained as a freely implementable, openly documented format under the auspices of several different organizations.</p>
			<p>The format was first developed by <a href="https://www.w3.org/People/Berners-Lee/">Tim Berners-Lee</a>, while he was working <a href="https://home.cern/topics/birth-web">at CERN</a>.  The first formal specification was published as <a href="https://tools.ietf.org/html/rfc1866">RFC 1866: Hypertext Markup Language 2.0</a> under the auspices of the Internet Engineering Task Force (IETF) in November 1995.  The World Wide Web Consortium (<a href="https://www.w3.org/Consortium/facts">W3C</a>), which had been founded in October 1994 with Berners-Lee as Director, took over development responsibility for HTML and published the <a href="https://www.w3.org/TR/REC-html32">HTML 3.2 Reference Specification</a> as a W3C Recommendation in January 1997.  W3C published <a href="https://www.w3.org/TR/REC-html40-971218/">HTML 4.0</a> (December 1997) and <a href="https://www.w3.org/TR/1999/REC-html401-19991224/">HTML 4.01</a>  (December 1999) as W3C Recommendations and then turned its focus to <fddLink id="fdd000483">XHTML</fddLink> (Extensible Hypertext Markup Language).  The W3C Recommendation <a href="https://www.w3.org/TR/2000/REC-xhtml1-20000126/">XHTML 1.0</a>, published in January 2000, was a reformulation of HTML 4.01 in a form that would be valid <fddLink id="fdd000075">XML</fddLink>; an important objective was to facilitate the use of widely available XML tools for parsing, editing, and validating source markup for web pages.</p>
			<p>In 2004, a group of browser developers (from Apple, the Mozilla Foundation, and Opera Software) felt that the W3C&apos;s focus on XHTML was failing to address the needs of real-world website developers, particularly because the Web was now being used for applications, not just distributing document-like content.  They formed a new entity, the Web Hypertext Application Technology Working Group <a href="https://whatwg.org/">WHATWG</a> to continue development of HTML, using HTML 4.01 as a starting point and a <a href="https://www.w3.org/2004/04/webapps-cdf-ws/papers/opera.html">2004 position paper from the Mozilla Foundation and Opera Software</a> as initial guidance.  Since then, work on the fifth major generation of HTML specifications has proceeded in both WHATWG and W3C.  The relationship has been somewhat complex, as made clear in <a href="https://www.w3.org/TR/2014/REC-html5-20141028/introduction.html#history-0">the History clause</a> of the HTML 5 specification.  Nevertheless, in recent years, many important features have been added to the HTML specification.  In practice, progress has been incremental, with WHATWG addressing individual problems and needs.  Its members, who include the major browser developers, design and test solutions collaboratively, with an emphasis on interoperability and backwards compatibility.  W3C has put effort into compiling regular chronological versions that incorporate new features that have interoperable support in two or three browser engines.  The <a href="https://www.w3.org/TR/2014/REC-html5-20141028/">first W3C Recommendation for HTML5</a> (referred to here as HTML 5.0 to distinguish it from later specifications) was published in October 2014 with editors from both WHATWG and W3C named.  The document states, &quot;the bulk of the text of this specification is also available in the WHATWG HTML Living standard.&quot;  Since then, the two inter-related activities have continued, leading to the following situation in early 2018.</p>
			<ul>
				<li>WHATWG continues to maintain a specification for <a href="https://html.spec.whatwg.org">HTML as a &quot;living standard&quot;</a> and does not use the version number 5.  To quote from its <a href="https://github.com/whatwg/html/blob/master/FAQ.md">HTML Standard FAQ</a> &apos;Going forward, the WHATWG is just working on &quot;HTML&quot;, without worrying about version numbers. When people talk about &quot;HTML5&quot; in the context of the WHATWG, they usually mean just &quot;the latest work on HTML&quot;, not necessarily a specific version.&apos;</li>
				<li>The W3C has produced further snapshot specifications of the HTML 5 standard: <a href="https://www.w3.org/TR/2016/REC-html51-20161101/">HTML 5.1</a> (first published in November 2016); <a href="https://www.w3.org/TR/2017/REC-html52-20171214/">HTML 5.2</a> (first published in December 2017); and <a href="https://www.w3.org/TR/html53/">HTML 5.3</a> (in draft as of early 2018).</li>
			</ul>
			<p>The original HTML was based on <fddLink id="fdd000465">SGML</fddLink> (Standard Generalized Mark-up Language), an international standard [<a href="https://www.iso.org/standard/16387.html">ISO 8879:1986 (SGML)</a>] for marking up text into structural units such as paragraphs, headings, list items and so on. SGML could be implemented on any machine.  The idea was that the language was independent of the formatter (the browser or other viewing software) which actually displayed the text on the screen. The use of pairs of tags such as &lt;TITLE&gt; and &lt;/TITLE&gt; is taken directly from SGML. The SGML elements used in the original HTML included P (paragraph); H1 through H6 (heading level 1 through heading level 6); OL (ordered lists); UL (unordered lists); LI (list items).  See the <a href="http://info.cern.ch/hypertext/WWW/MarkUp/Tags.html">1992 description of HTML tags</a>.  HTML 4.01 (published in 1999) was still described as an SGML application.  However, by that time, it was clear that SGML, although widely adopted in publishing workflows, was not going to be accepted as a distribution format on the Web.  Nor were open source tools being developed for working with SGML as a format.  So W3C pursued the idea of basing a future version of HTML on XML, itself a subset of SGML.  After W3C had produced two versions of XHTML (<fddLink id="fdd000483">XHTML 1.0</fddLink> and <fddLink id="fdd000484">XHTML 1.1</fddLink>) as W3C Recommendations, the strategy changed.  With HTML5, the approach has been to recognize HTML and XML serializations for the same set of elements and attributes.  When the term &quot;XHTML5&quot; is used, it refers to the XML serialization for HTML5.  However, <a href="https://www.w3.org/TR/html5/xhtml.html#xhtml">the clause on XML syntax</a> from the HTML 5.2 specification states &quot;XML documents may contain a DOCTYPE if desired, but this is not required to conform to this specification. This specification does not define a public or system identifier, nor provide a formal DTD.&quot;  This is in contrast to <fddLink id="fdd000484">XHTML 1.1</fddLink> which provided both an <fddLink id="fdd000076">XML DTD</fddLink> and a schema in the <fddLink id="fdd000077">W3C XML Schema</fddLink> language.</p>
		</fdd:description>
		<fdd:shortDescription>primary markup language used for creating pages and applications on the World Wide Web.  Originating in the early 1990s, HTML has been through several standardization efforts under the auspices of different entities, including IETF, W3C, and WHATWG.</fdd:shortDescription>
		<fdd:productionPhase>The primary use of HTML is as a final-state format for web pages made available on the Internet. However, HTML files can be edited directly in a text editor and are sometimes also used as a middle-state format in workflows that assemble web pages from several content files for final user display.  As of 2018, many email systems support a subset of HTML as a middle-state format for transport of messages.  See <a href="https://en.wikipedia.org/wiki/HTML_email">Wikipedia entry for HTML email</a>.</fdd:productionPhase>
		<fdd:relationships>
			<fdd:relationship>
				<fdd:typeOfRelationship>Has subtype</fdd:typeOfRelationship>
				<fdd:relatedTo>
					<fdd:id>fdd000476</fdd:id>
					<fdd:shortName>HTML_early</fdd:shortName>
					<fdd:titleName>HyperText Markup Language (HTML), versions prior to 2.0</fdd:titleName>
				</fdd:relatedTo>
			</fdd:relationship>
			<fdd:relationship>
				<fdd:typeOfRelationship>Has subtype</fdd:typeOfRelationship>
				<fdd:relatedTo>
					<fdd:id>fdd000477</fdd:id>
					<fdd:shortName>HTML_2_0</fdd:shortName>
					<fdd:titleName>HyperText Markup Language (HTML) 2.0</fdd:titleName>
				</fdd:relatedTo>
			</fdd:relationship>
			<fdd:relationship>
				<fdd:typeOfRelationship>Has subtype</fdd:typeOfRelationship>
				<fdd:relatedTo>
					<fdd:id>fdd000478</fdd:id>
					<fdd:shortName>HTML_3_2</fdd:shortName>
					<fdd:titleName>HyperText Markup Language (HTML) 3.2</fdd:titleName>
				</fdd:relatedTo>
			</fdd:relationship>
			<fdd:relationship>
				<fdd:typeOfRelationship>Has subtype</fdd:typeOfRelationship>
				<fdd:relatedTo>
					<fdd:id>fdd000479</fdd:id>
					<fdd:shortName>HTML_4_0</fdd:shortName>
					<fdd:titleName>HyperText Markup Language (HTML) 4.0</fdd:titleName>
				</fdd:relatedTo>
			</fdd:relationship>
			<fdd:relationship>
				<fdd:typeOfRelationship>Has subtype</fdd:typeOfRelationship>
				<fdd:relatedTo>
					<fdd:id>fdd000480</fdd:id>
					<fdd:shortName>HTML_4_01</fdd:shortName>
					<fdd:titleName>HyperText Markup Language (HTML) 4.01</fdd:titleName>
				</fdd:relatedTo>
			</fdd:relationship>
			<fdd:relationship>
				<fdd:typeOfRelationship>Has subtype</fdd:typeOfRelationship>
				<fdd:relatedTo>
					<fdd:id>fdd000481</fdd:id>
					<fdd:shortName>HTML_5</fdd:shortName>
					<fdd:titleName>HyperText Markup Language (HTML) 5.x</fdd:titleName>
				</fdd:relatedTo>
				<fdd:comment>HTML_5  has merged HTML and XHTML as two serializations (not described separately at this website at this time) of the same set of elements and attributes.</fdd:comment>
			</fdd:relationship>
			<fdd:relationship>
				<fdd:typeOfRelationship>Affinity to</fdd:typeOfRelationship>
				<fdd:relatedTo>
					<fdd:id>fdd000483</fdd:id>
					<fdd:shortName>XHTML_1_0</fdd:shortName>
					<fdd:titleName>Extensible HyperText Markup Language (XHTML), 1.0</fdd:titleName>
				</fdd:relatedTo>
			</fdd:relationship>
			<fdd:relationship>
				<fdd:typeOfRelationship>May contain</fdd:typeOfRelationship>
				<fdd:relatedTo>
					<fdd:id>fdd000482</fdd:id>
					<fdd:shortName>CSS</fdd:shortName>
					<fdd:titleName>Cascading Style Sheet (CSS)</fdd:titleName>
				</fdd:relatedTo>
			</fdd:relationship>
			<fdd:relationship>
				<fdd:typeOfRelationship>May contain</fdd:typeOfRelationship>
				<fdd:relatedTo>
					<fdd:id>fdd000443</fdd:id>
					<fdd:shortName>ECMAScript</fdd:shortName>
					<fdd:titleName>ECMAScript Language (ECMA-262), including JavaScript</fdd:titleName>
				</fdd:relatedTo>
			</fdd:relationship>
		</fdd:relationships>
	</fdd:identificationAndDescription>
	<fdd:localUse>
		<fdd:experience>
			<p>The Library of Congress has many HTML files in its digital collections - over 75 GB in 2023 - across numerous collection. The Library of Congress has acquired large volumes of HTML files for its collection via its web archiving program.  See <a href="https://www.loc.gov/webarchiving/">Library of Congress Web Archiving</a>.</p>
		</fdd:experience>
		<fdd:preference>The Library of Congress Recommended Formats Statement (RFS) for <a href="http://www.loc.gov/preservation/resources/rfs/text.html">textual works in digital form</a>, <a href="http://www.loc.gov/preservation/resources/rfs/text.html">electronic serials</a> (which can be found in section iii. Textual Works - Electronic Serials), and <a href="http://www.loc.gov/preservation/resources/rfs/musical-scores.html">musical scores - digital</a> includes HTML and XHTML as acceptable digital formats, when accompanied by DOCTYPE declaration and presentation stylesheet.  The RFS does not distinguish between HTML versions.</fdd:preference>
	</fdd:localUse>
	<fdd:sustainabilityFactors>
		<fdd:disclosure>HTML has been an openly documented specification since its origin in the early 1990s.  Initially it was developed and documented at CERN and via the www-talk mailing list.  Between 1993 and 1995, documents were distributed publicly by IETF, first in June 1993 as an Internet Draft, and culminating in November 1995, with the publication of HTML 2.0.   W3C took over responsibility for HTML development in 1995.  Since 2004, HTML public documentation has been provided under the auspices of both W3C and WHATWG, with WHATWG documenting HTML as a &quot;living standard&quot; and W3C documenting snapshots.</fdd:disclosure>
		<fdd:documentation>
			<p> The most recent specifications of HTML available are the <a href="https://www.w3.org/TR/html5/">latest W3C snapshot of HTML 5</a> and the <a href="https://html.spec.whatwg.org/multipage/">WHATWG Living Standard for HTML</a>.  See <a href="#specs">Format Specifications</a> below for links to previous versions.</p>
		</fdd:documentation>
		<fdd:adoption>
			<p>Hypertext Markup Language (HTML) is the primary markup language used for creating pages and applications on the Web.  Because HTML is now developed as a living standard, adoption needs to be assessed by element or other feature.  Resources exist to check whether particular aspects of the standard are supported in the popular browsers.  See <a href="#useful">Useful References</a> below.  For example, <a href="https://caniuse.com/#search=audio">https://caniuse.com/#search=audio</a> provides information about support for the <i>audio</i> element and the audio codecs listed in the HTML specification. The <a href="https://developer.mozilla.org/en-US/docs/Web/HTML/Element/audio">MDN element page for audio</a> has a table of browser support at the bottom of the page.  These resources show support by browser.  However, current browsers are not built on independent code bases.  Each browser has its own interface and functionality, but depends on a <a href="https://en.wikipedia.org/wiki/Web_browser_engine">browser engine</a> to handle the work of rendering HTML documents.  The <a href="https://en.wikipedia.org/wiki/List_of_web_browsers">Wikipedia List of Web Browsers</a> lists browsers by engine.  There are two primary independent open-source browser engines, Gecko and Webkit.  Gecko was developed by Mozilla and is used primarily for Firefox; Webkit is maintained by Apple for Safari (for MacOS and iOS).  Blink is a fork of the Webkit code by Google, first used for Chrome and then adopted by Opera.  Trident is the proprietary engine that was used for Internet Explorer (IE); the engine for IE&apos;s successor, Edge, is called EdgeHTML.  For more detail on browser engines, see the <a href="https://en.wikipedia.org/wiki/Web_browser_engine#Examples">Wikipedia entry for Web Browser Engine</a>.</p>
			<p>Tools for creating HTML documents come in many varieties.  The <a href="https://en.wikipedia.org/wiki/List_of_HTML_editors">Wikipedia List of HTML Editors</a> includes text-based editors designed for working with source code and visual editors such as Adobe Dreamweaver.  Dreamweaver also functions as a high-level content management framework for building entire websites as do WordPress, Drupal, and many others.</p>
			<p>As of early February 2018, statistics from <a href="https://w3techs.com/technologies/overview/markup_language/all">World Wide Web Technology Surveys</a> indicate that 80% of websites use HTML and 20% use XHTML.  Of those using HTML, 86% use HTML 5 and 13% use HTML 4 Transitional.</p>
			<p>As of 2018, many email systems support a subset of HTML for messages.  See <a href="https://en.wikipedia.org/wiki/HTML_email">Wikipedia entry for HTML email</a>.</p>
		</fdd:adoption>
		<fdd:licensingAndPatents>
			<p>In all stages of the development of HTML as the markup language for documents on the web, the specification has been developed as a non-proprietary, openly documented, freely implementable standard.  The <a href="https://www.w3.org/Consortium/Patent-Policy-20170801/">W3C Patent Policy</a> has the goal of assuring that all W3C Recommendations can be implemented on a royalty-free basis.  The <a href="https://whatwg.org/ipr-policy">WHATWG Intellectual Property Rights Policy</a> is similarly designed to secure intellectual property commitments from contributors to promote royalty-free licensing.</p>
		</fdd:licensingAndPatents>
		<fdd:transparency>
			<p>HTML files can be opened and viewed in text editors.  The HTML markup is human-readable with human-comprehensible element tags and also designed for straightforward automatic parsing.  The widespread use of CSS, and particularly of Javascript, has resulted in less transparency.  </p>
			<p>The transparency of image and video files intended for incorporating into the rendered display depends on the formats of those files.  Note that such files are not stored within the HTML file, but referenced by URL.  The URL may be absolute or relative to the HTML file.</p>
		</fdd:transparency>
		<fdd:selfDocumentation>
			<p>HTML specifications since HTML 2.0 define a META  element within the HEAD section of an HTML document.  This element, which may have NAME and CONTENT attributes to hold name/value pairs, is widely used for recording descriptive or administrative metadata for the document.  Web browsers do not typically display this data.  Any NAME can be used but WHATWG has a wiki page for <a href="https://wiki.whatwg.org/wiki/MetaExtensions">MetaExtensions</a> that web authors are recommended to consult &quot; to avoid choosing a metadata name that&apos;s already in use, and to avoid duplicating the purpose of any metadata names that are already in use.&quot;  The MetaExtensions list includes <a href="http://dublincore.org/documents/dcmi-terms/">Dublin Core elements</a> and elements from several other vocabularies, including <a href="http://www.agls.gov.au/pdf/AGLS%20Metadata%20Standard%20Part%202%20Usage%20Guide.PDF">AGLS Metadata Standard</a> (defined by the Australian government) and elements recommended by <a href="https://www.google.com/intl/en/scholar/inclusion.html#indexing">Google Scholar</a>.</p>
			<p>According to <a href="https://www.w3.org/TR/2017/REC-html52-20171214/single-page.html#metadata-content">3.2.4.2.1 Metadata content in HTML 5.2</a> and <a href="https://html.spec.whatwg.org/multipage/dom.html#metadata-content">3.2.5.2.1 Metadata content in the WHATWG HTML specification</a>, metadata chunks in XML-based specifications, e.g., RDF, can be used in the XML serialization for HTML, but not in the regular HTML serialization.  The compilers of this resource have not been able to determine the degree to which this feature has been adopted.  <a href="../contact_format.shtml">Comments welcome.</a>
			</p>
		</fdd:selfDocumentation>
		<fdd:externalDependencies>HTML markup does not have external dependencies that prevent interpretation of the source code.  However, Web pages that use external style sheets depend on those resources for rendering as intended by authors.  More problematic are scripts in Javascript or other programming language incorporated into web pages. These can create dependencies on resources that are only available dynamically in real-time.  The problems raised by Javascript were discussed in 2014 blog posts <a href="https://madfileformatscience.garymcgath.com/2014/07/08/htmlvalidity/">HTML and fuzzy validity</a>, by Gary McGath and <a href="http://britishlibrary.typepad.co.uk/webarchive/2014/08/web-archiving-in-the-javascript-age.html">Web Archiving in the JavaScript Age</a>, by Andy Jackson of the British Library.</fdd:externalDependencies>
		<fdd:techProtection>HTML specifications have not incorporated any features supporting encryption or technical protection until 2017. In September 2017, W3C published <a href="https://www.w3.org/TR/2017/REC-encrypted-media-20170918/">Encrypted Media Extensions</a> (EME) as a W3C Recommendation.  This specifies an API to control playback of encrypted content. This extension to has been very controversial.  It applies only to HTML 5.  See <a href="#notes">Notes</a> below for more detail on the proposal and the surrounding controversy.  According to <a href="https://caniuse.com/#search=eme">Can I Use?</a> in February 2018, EME was supported by all the major browsers for computers and Chrome for Android phones but not for iOS Safari (for iPad and iPhone).  <a href="../contact_format.shtml">Comments welcome.</a>
		</fdd:techProtection>
	</fdd:sustainabilityFactors>
	<fdd:qualityAndFunctionalityFactors>
		<fdd:textQF>
			<fdd:normalText>
				<p>The scope outlined in the November 1999 <a href="https://www.w3.org/Proposal.html">WorldWideWeb: Proposal for a HyperText Project</a> at CERN focuses on hypertext and retrieval of documents over the Internet.  But some of the stated objectives imply the need to satisfy normal text functionality for the future HTML: &quot;to provide some method of reading at least text (if not graphics) using a large proportion of the computer screens in use at CERN&quot;; and &quot;to provide a keyword search option.&quot;  The initial HTML design was for minimal markup that supported flowed text on different devices and window sizes.  Text was naturally in reading order, since it assumed a user reading on a screen and HTML files were easily indexed by ignoring the tags.</p>
				<p>Initially, HTML was based on a limited character set.  For interoperability, the underlying character encoding used for transport was typically 7-bit ASCII, with <i>numerical character references</i> used to represent non-ASCII characters from a larger <i>document character set</i>.  For example, &amp;#246; represents a small letter o with an umlaut. The first formal specification (for HTML 2.0) based the document character set on <a href="https://en.wikipedia.org/wiki/ISO/IEC_8859-1">ISO 8859-1</a>, an ASCII-based 8-bit character set also sometimes referred to as Latin-1.  <a href="https://www.ietf.org/rfc/rfc2070.txt">RFC 2070: HTML Internationalization</a>, published in January 1997, extended the HTML document character set to the <a href="https://en.wikipedia.org/wiki/Universal_Coded_Character_Set">Universal Character Set (UCS), standardized as ISO 10646</a> and introduced a mechanism for declaring character encoding in a META tag.   For example, <i>&lt;META http-equiv=&quot;Content-Type&quot; content=&quot;text/html; charset=EUC-JP&quot;&gt;</i> in the HEAD section of an HTML document declared the character encoding used in the stored document as EUC-JP. This syntax was used through HTML 4.01.  In HTML 4.0 and 4.01 both ISO 8859-1 and UTF-8 were common as character encodings on websites in English and in European languages.  In HTML 5, the default character encoding became UTF-8.  Other encodings can be specified, using a simplified syntax, e.g., <i>&lt;meta charset=&quot;euc-jp&quot;&gt;</i>.</p>
			</fdd:normalText>
			<fdd:structure>
				<p>Semantic tags for paragraphs, up to six heading levels, and list structures of several types have been part of HTML since the earliest use of the markup language. See <a href="http://info.cern.ch/hypertext/WWW/MarkUp/Tags.html">HTML Tags</a> (from 1992).  A specification for tagging a table structure, after considerable debate about alternative proposals, was published as <a href="https://www.ietf.org/rfc/rfc1942.txt">RFC 1942</a> in May 1996 as an extension of HTML 2.0.  HTML 4 added elements to mark inserted text (&lt;INS&gt;), deletions (&lt;DEL&gt;), and inline quotations (&lt;Q&gt;) and added some structural elements to identify headers and footers for tables.  New structural elements were added to HTML 5 for header, footer, section, article, and figure (with optional caption).</p>
			</fdd:structure>
			<fdd:layout>
				<p>Preserving particular aspects of layout was not an objective for HTML as originally conceived. The focus was on making the textual content and semantic structure of a resource conveniently readable on different devices.</p>
				<p>A proposal for a syntax for cascading style sheets to permit the separation of styling instructions for HTML content from its semantic structure was <a href="https://www.w3.org/People/howcome/p/cascade.html">proposed in October 1994 by Håkon Lie</a> based on some <a href="https://www.w3.org/People/howcome/p/cascade-present.html">guiding principles</a>.  The November 1995 specification for <a href="https://www.ietf.org/rfc/rfc1866.txt">HTML 2.0, RFC 1866</a> indicated that the &lt;LINK&gt; element could be used to associate an external stylesheet with an HTML document.  Formal standardization for the Cascading Style Sheet (CSS language started in W3C as soon as the consortium was formed, leading to the publication in December 1996 of the <a href="https://www.w3.org/TR/CSS1/">W3C Recommendation for CSS 1.0</a>. </p>
				<p>A formal specification for tables was added to HTML in <a href="https://www.ietf.org/rfc/rfc1942.txt">RFC 1942</a> in May 1996.  In the past, tables have been used for layout in HTML documents, although the intent of this specification was to represent the equivalent of a table in a printed article.  The specification for the <a href="https://html.spec.whatwg.org/multipage/tables.html#the-table-element">HTML table element</a> now says explicitly, &quot;Tables must not be used as layout aids.&quot;</p>
				<p>With <fddLink id="fdd000480">HTML 4</fddLink>, came an increased emphasis on the use of style sheets, for example using <fddLink id="fdd000482">CSS</fddLink>, to allow web-page authors and website administrators to apply sophisticated designs and to control layout and formatting in a convenient way.</p>
			</fdd:layout>
			<fdd:mathDiag>
				<p>A syntax for embedding MathML into HTML using the <i>&lt;math&gt;</i> element was introduced with HTML 5.  See <a href="https://www.w3.org/TR/html5/semantics-embedded-content.html#mathml">clause 4.7.17. MathML</a> from the most recent HTML 5 specification.  According to <a href="https://caniuse.com/#search=mathml">Can I Use?</a>, MathML is not supported in Chrome or Microsoft&apos;s Edge, although it is supported in Firefox and Safari.  When tested in February 2018, Firefox 58 did not render all the MathML examples in a <a href="https://www.w3.org/TR/MathML3/mathml.html">single-page presentation of the MathML specification with embedded MathML for examples</a> correctly when compared with the examples embedded as images.   However, it did render more examples correctly than Chrome 63.</p>
				<p>MathML has indeed not fulfilled the hopes of its developers.  The W3C has formed a <a href="http://w3c.github.io/mathonwebpages/">Community Group for Math on Web Pages</a>.  The group states, &quot;While MathML was supposed to solve the problem of rendering mathematics on the web it lacks in both implementations and general interest from browser vendors. However, in the past decade, many math rendering tools have been pushing math on the web forward using HTML/CSS and SVG.

One of the identified issues is that, while browser manufacturers have continually improved and extended their HTML and CSS layout engines, the approaches to render mathematics have not been able to align with these improvements. In fact, the current approaches to math layout could be considered to be largely disjoint from the other technologies of OWP [the Open Web Platform].&quot;  The group also argues on its website that representation of mathematical content on the web needs to move away from the single solution of MathML, which is designed to represent the visual layout of mathematics but not to convey the semantics.</p>
			</fdd:mathDiag>
			<fdd:beyondText>
				<p>HTML was developed specifically to support linking among online resources.  Compared with other digital formats used for primarily textual document-like content, the HTML format has been extended to support embedded audio and video and the development of interactive applications.  These functionalities are widely adopted.</p>
			</fdd:beyondText>
		</fdd:textQF>
	</fdd:qualityAndFunctionalityFactors>
	<fdd:fileTypeSignifiers>
		<fdd:signifiersGroup>
			<fdd:filenameExtension>
				<fdd:sigValues>
					<fdd:sigValue>html</fdd:sigValue>
					<fdd:sigValue>htm</fdd:sigValue>
				</fdd:sigValues>
				<fdd:note>See <a href="https://www.iana.org/assignments/media-types/text/html">https://www.iana.org/assignments/media-types/text/html</a> (updated 2014).</fdd:note>
			</fdd:filenameExtension>
			<fdd:internetMediaType>
				<fdd:sigValues>
					<fdd:sigValue>text/html</fdd:sigValue>
				</fdd:sigValues>
				<fdd:note>See <a href="https://www.iana.org/assignments/media-types/text/html">https://www.iana.org/assignments/media-types/text/html</a> (updated 2014).</fdd:note>
			</fdd:internetMediaType>
			<fdd:magicNumbers>
				<fdd:sigValueNA>See note.</fdd:sigValueNA>
				<fdd:note>The initial registration for the text/html Internet media (MIME) type states, "No sequence of bytes can uniquely identify an HTML document."  However, in practice, tools can identify an HTML file and its version by finding &lt;HTML&gt; start and end tags or DOCTYPE declarations for particular chronological variants or profiles.</fdd:note>
			</fdd:magicNumbers>
			<fdd:other>
				<fdd:tag>Mac OS file type</fdd:tag>
				<fdd:values>
					<fdd:sigValues>
						<fdd:sigValue>TEXT</fdd:sigValue>
					</fdd:sigValues>
					<fdd:note>From the registration for the text/html Internet media (MIME) type.</fdd:note>
				</fdd:values>
			</fdd:other>
			<fdd:other>
				<fdd:tag>Pronom PUID</fdd:tag>
				<fdd:values>
					<fdd:sigValueNA>See note.</fdd:sigValueNA>
					<fdd:note>PRONOM does not provide a record for the entire HTML format family.  See <a href="#notes">Notes</a> below for PUIDs for different chronological versions.</fdd:note>
				</fdd:values>
			</fdd:other>
			<fdd:other>
				<fdd:tag>Wikidata Title ID</fdd:tag>
				<fdd:values>
					<fdd:sigValues>
						<fdd:sigValue>Q8811</fdd:sigValue>
					</fdd:sigValues>
					<fdd:note>See <a href="https://www.wikidata.org/wiki/Q8811">https://www.wikidata.org/wiki/Q8811</a> for the HTML Format Family.  Wikidata also has entries for individual versions of HTML.  </fdd:note>
				</fdd:values>
			</fdd:other>
		</fdd:signifiersGroup>
	</fdd:fileTypeSignifiers>
	<fdd:notes>
		<fdd:general>
			<p>
				<b>Identifying versions of HTML</b>: HTML and XHTML documents conforming to HTML specifications starting with HTML 2.0 begin with a doctype declaration. This declaration had a specific meaning in SGML and its use was maintained so that browsers and validators could recognize different doctypes to determine which version of HTML was being used.  HTML 5, since it was intended as a "living standard" and was no longer based on SGML, used a minimalist doctype &lt;doctype html&apos;designed to be recognizable by browsers, but no longer giving any indication of which specific variety of HTML (5.0 and up) is in use. </p>
			<p>
				<b>Embedded images</b>: In contrast to document formats such as <fddLink id="fdd000030">PDF</fddLink>, <fddLink id="fdd000427">ODT</fddLink>, and <fddLink id="fdd000397">DOCX</fddLink>, images intended for incorporating into rendered HTML pages are not stored in the HTML file.  Each image is referenced by a URL, which may be absolute or relative to the HTML document.  The same is true for audio and video in a web page, whether simply linked or intended for playing automatically as the page is rendered.</p>
			<p>
				<b>Frames and framesets</b>: The concept of a <i>frameset</i> as the structure for a web page was introduced in <fddLink id="fdd000479">HTML 4.0</fddLink> and included in the specifications for <fddLink id="fdd000483">XHTML 1.0</fddLink> and <fddLink id="fdd000484">XHTML 1.1</fddLink>.  A frameset defined the positioning of rectangular frames in a browser window.  The content for each frame was an HTML document referred to by URL.  One of the most popular uses of frames was to present a coherent body of content with a navigation menu in one frame and to use a separate frame to contain the page selected by a user.  Some disadvantages of framesets are listed at <a href="https://www.cs.uct.ac.za/mit_notes/web_programming/html/ch08s02.html">Advantages and disadvantages of frames</a>.  Use of mobile devices with small screens presented additional challenges.  The frameset structure and associated elements and attributes were dropped from <fddLink id="fdd000481">HTML 5</fddLink>.</p>
			<p>
				<b>Encrypted Media Extensions (EME)</b>:  EME is a W3C specification for providing a communication channel between web browsers and digital rights management (DRM) agent software.  The first use of EME was by Netflix in April 2013.  See <a href="https://medium.com/netflix-techblog/html5-video-at-netflix-721d1f143979">HTML5 Video at Netflix</a>.  The <a href="https://www.w3.org/TR/2013/WD-encrypted-media-20130510/">first public draft of a specification for EME</a> was published on May 10, 2013.  Many revisions followed, particularly in late 2015 and early 2016.  After a period of controversy, it was published as a <a href="https://www.w3.org/TR/2017/REC-encrypted-media-20170918/">W3C Recommendation</a> in September 2017.  See <a href="#useful">Useful references</a>, below, for more about the controversy.  <a href="../contact_format.shtml">Comments welcome.</a>
			</p>
		</fdd:general>
		<fdd:history>
			<p>The <a href="#identification">Description</a> above covers the history of the HTML file format and the involvement of different entities in its development and documentation.  Below is an annotated timeline of the most significant chronological versions of HTML.</p>
			<ul>
				<li>
					<b>1990-1994</b>: Informal specifications for HTML shared on www-talk list.</li>
				<li>
					<b>November 1995</b>: Publication of HTML 2.0, as IETF RFC.</li>
				<li>
					<b>January 1997</b>: Publication of HTML 3.2 as W3C Recommendation</li>
				<li>
					<b>December 1997</b>: Publication of HTML 4.0 as W3C Recommendation</li>
				<li>
					<b>December 1999</b>: Publication of HTML 4.01 as W3C Recommendation</li>
				<li>
					<b>January 2000</b>: Publication of XHTML 1.0 as W3C Recommendation</li>
				<li>
					<b>May 2001</b>: Publication of XHTML 1.1 as W3C Recommendation</li>
				<li>
					<b>October 2014</b> Publication of HTML 5.0 as W3C Recommendation</li>
			</ul>
		</fdd:history>
	</fdd:notes>
	<fdd:formatSpecifications>
		<fdd:urls>
			<fdd:url>
				<fdd:urlReference>
					<link>https://tools.ietf.org/html/rfc1866</link>
					<tag>HTML 2.0 (November 1995) | RFC 1866: Hypertext Markup Language 2.0</tag>
					<comment>Under auspices of IETF.</comment>
				</fdd:urlReference>
			</fdd:url>
			<fdd:url>
				<fdd:urlReference>
					<link>https://www.w3.org/TR/REC-html32</link>
					<tag>HTML 3.2 (January 1997) | HTML 3.2 Reference Specification</tag>
					<comment>Under auspices of W3C.</comment>
				</fdd:urlReference>
			</fdd:url>
			<fdd:url>
				<fdd:urlReference>
					<link>https://www.w3.org/TR/1998/REC-html40-19980424/</link>
					<tag>HTML 4.0 (December 1997, revised April 1998) |  HTML 4.0 Specification</tag>
					<comment>Under auspices of W3C.</comment>
				</fdd:urlReference>
			</fdd:url>
			<fdd:url>
				<fdd:urlReference>
					<link>https://www.w3.org/TR/1999/REC-html401-19991224/</link>
					<tag>HTML 4.01 (December 1999) |  HTML 4.01 Specification</tag>
					<comment>Under auspices of W3C.</comment>
				</fdd:urlReference>
			</fdd:url>
			<fdd:url>
				<fdd:urlGroup>
					<fdd:intro>HTML 5 specifications published as W3C Recommendations</fdd:intro>
					<fdd:urlList>
						<fdd:urlReference>
							<link>https://www.w3.org/TR/2014/REC-html5-20141028/</link>
							<tag>HTML 5.0 (October 2014) | HTML5:  A vocabulary and associated APIs for HTML and XHTML</tag>
						</fdd:urlReference>
						<fdd:urlReference>
							<link>https://www.w3.org/TR/2016/REC-html51-20161101/</link>
							<tag>HTML 5.1 (November 2016)</tag>
						</fdd:urlReference>
						<fdd:urlReference>
							<link>https://www.w3.org/TR/2017/REC-html52-20171214/</link>
							<tag>HTML 5.2 (December 2017)</tag>
						</fdd:urlReference>
					</fdd:urlList>
				</fdd:urlGroup>
			</fdd:url>
			<fdd:url>
				<fdd:urlGroup>
					<fdd:intro>WHATWG works on the HTML specification as a &apos;living standard.&apos;</fdd:intro>
					<fdd:urlList>
						<fdd:urlReference>
							<link>https://html.spec.whatwg.org/</link>
							<tag>HTML Living Standard (one-page version)</tag>
							<comment>Under auspices of WHATWG.</comment>
						</fdd:urlReference>
						<fdd:urlReference>
							<link>https://html.spec.whatwg.org/multipage/</link>
							<tag>HTML Living Standard (multipage version)</tag>
							<comment>Under auspices of WHATWG.</comment>
						</fdd:urlReference>
					</fdd:urlList>
				</fdd:urlGroup>
			</fdd:url>
		</fdd:urls>
	</fdd:formatSpecifications>
	<fdd:usefulReferences>
		<fdd:urls>
			<fdd:url>
				<fdd:urlReference>
					<link>https://en.wikipedia.org/wiki/HTML</link>
					<tag>Wikipedia entry for HTML</tag>
				</fdd:urlReference>
			</fdd:url>
			<fdd:url>
				<fdd:urlReference>
					<link>http://fileformats.archiveteam.org/wiki/HTML</link>
					<tag>Archive Team page for HTML</tag>
				</fdd:urlReference>
			</fdd:url>
			<fdd:url>
				<fdd:urlReference>
					<link>https://www.w3.org/People/Berners-Lee/</link>
					<tag>W3C | Tim Berners-Lee</tag>
				</fdd:urlReference>
			</fdd:url>
			<fdd:url>
				<fdd:urlReference>
					<link>https://www.w3.org/html/landscape/</link>
					<tag>W3C | The HTML Landscape. 18 August 2016</tag>
					<comment>Describes the perceptible differences between WHATWG HTML LS, W3C HTML 5.1, and W3C HTML 5.0.</comment>
				</fdd:urlReference>
			</fdd:url>
			<fdd:url>
				<fdd:urlGroup>
					<fdd:intro>A number of resources supply histories of HTML that are briefer than the Wikipedia entry for HTML, including those listed below.</fdd:intro>
					<fdd:urlList>
						<fdd:urlReference>
							<link>https://www.bu.edu/lernet/artemis/years/2020/projects/FinalPresentations/HTML/historyofhtml.html</link>
							<tag>History of HTML</tag>
							<comment>Single page with simplified timeline.</comment>
						</fdd:urlReference>
						<fdd:urlReference>
							<link>http://www.yourhtmlsource.com/starthere/historyofhtml.html</link>
							<tag>The History of HTML by Ross Shannon</tag>
							<comment>Single page with motivation for the changes.</comment>
						</fdd:urlReference>
						<fdd:urlReference>
							<link>https://www.washington.edu/accesscomputing/webd2/student/unit1/module3/html_history.html</link>
							<tag>A Brief History of HTML</tag>
							<comment>Part of a tutorial on building accessible websites.</comment>
						</fdd:urlReference>
					</fdd:urlList>
				</fdd:urlGroup>
			</fdd:url>
			<fdd:url>
				<fdd:urlReference>
					<link>https://www.lifewire.com/why-different-html-versions-3471349</link>
					<tag>Here&apos;s Why There Are Different Versions of HTML</tag>
					<comment>Discussion of different versions of HTML, focussing on choice between HTML 4.01 and XHTML.</comment>
				</fdd:urlReference>
			</fdd:url>
			<fdd:url>
				<fdd:urlReference>
					<link>https://en.wikipedia.org/wiki/XHTML</link>
					<tag>Wikipedia entry for XHTML</tag>
				</fdd:urlReference>
			</fdd:url>
			<fdd:url>
				<fdd:urlGroup>
					<fdd:intro>Resources for checking whether browsers support a particular feature include:</fdd:intro>
					<fdd:urlList>
						<fdd:urlReference>
							<link>https://caniuse.com/</link>
							<tag>Can I Use?</tag>
						</fdd:urlReference>
						<fdd:urlReference>
							<link>https://developer.mozilla.org/en-US/docs/Web/HTML/Element</link>
							<tag>HTML elements reference</tag>
							<comment>Includes browser compatibility assessment for each element.</comment>
						</fdd:urlReference>
						<fdd:urlReference>
							<link>https://github.com/mdn/browser-compat-data</link>
							<tag>Repository for compatibility data for Web technologies as displayed on MDN (formerly the Mozilla Developer Network)</tag>
							<comment>Compatibility data is available in JSON format.</comment>
						</fdd:urlReference>
						<fdd:urlReference>
							<link>https://www.w3schools.com/tags/default.asp</link>
							<tag>w3schools | HTML Element Reference</tag>
							<comment>The page for each element identifies whether a browser supports the element or lists the browser version that first supported the element.</comment>
						</fdd:urlReference>
					</fdd:urlList>
				</fdd:urlGroup>
			</fdd:url>
			<fdd:url>
				<fdd:urlGroup>
					<fdd:intro>The popular browsers do not all have independent codebases.  Several browsers use HTML rendering engines that have a shared pedigree.</fdd:intro>
					<fdd:urlList>
						<fdd:urlReference>
							<link>https://en.wikipedia.org/wiki/Web_browser_engine</link>
							<tag>Wikipedia entry on Web Browser Engine</tag>
							<comment>Includes section on pedigree of popular browser engines.</comment>
						</fdd:urlReference>
						<fdd:urlReference>
							<link>https://en.wikipedia.org/wiki/List_of_web_browsers</link>
							<tag>Wikipedia entry for List of Web Browsers</tag>
							<comment>Organized by browser engine</comment>
						</fdd:urlReference>
						<fdd:urlReference>
							<link>https://forum.f-droid.org/t/webkit-aosp-google-webview-gecko/486/2</link>
							<tag>Has useful summary of the pedigree of open-source browser engines.</tag>
							<comment>Has useful summary of the pedigree of open-source browser engines.</comment>
						</fdd:urlReference>
						<fdd:urlReference>
							<link>https://www.computerworld.com/article/3233269/apple-ios/10-alternative-browsers-for-ios.html</link>
							<tag>10 smart browser alternatives to Safari for iOS.  October 2017</tag>
							<comment>States, &quot;all iOS browsers today use the same core rendering engine as Safari,&quot; i.e., Webkit.</comment>
						</fdd:urlReference>
						<fdd:urlReference>
							<link>https://www.ctrl.blog/entry/mozilla-gecko-focus</link>
							<tag>Mozilla celebrates 1M new non-Gecko users | September 2017</tag>
							<comment>Discusses Mozilla&apos;s two browsers for Android.  Firefox Mobile uses Gecko and is similar to Firefox for the desktop.  Firefox Focus is a streamlined browser based on the Blink engine..</comment>
						</fdd:urlReference>
					</fdd:urlList>
				</fdd:urlGroup>
			</fdd:url>
			<fdd:url>
				<fdd:urlGroup>
					<fdd:intro>Tools for creating HTML documents come in many varieties, from text-based editors to systems designed for building and serving entire websites.</fdd:intro>
					<fdd:urlList>
						<fdd:urlReference>
							<link>https://en.wikipedia.org/wiki/List_of_HTML_editors</link>
							<tag>Wikipedia List of HTML Editors</tag>
						</fdd:urlReference>
						<fdd:urlReference>
							<link>https://en.wikipedia.org/wiki/Comparison_of_HTML_editors</link>
							<tag>Wikipedia Comparison of HTML Editors</tag>
						</fdd:urlReference>
					</fdd:urlList>
				</fdd:urlGroup>
			</fdd:url>
			<fdd:url>
				<fdd:urlGroup>
					<fdd:intro>Some web pages would be difficult to render except in the original system because the pages are essentially one-page web applications assembled using Javascript.  The following blog posts discuss problems with preserving web documents incorporating Javascript.</fdd:intro>
					<fdd:urlList>
						<fdd:urlReference>
							<link>https://madfileformatscience.garymcgath.com/2014/07/08/htmlvalidity/</link>
							<tag>HTML and fuzzy validity.  July 2014</tag>
							<comment>By Gary McGath.</comment>
						</fdd:urlReference>
						<fdd:urlReference>
							<link>http://britishlibrary.typepad.co.uk/webarchive/2014/08/web-archiving-in-the-javascript-age.html</link>
							<tag>Web Archiving in the JavaScript Age.   August 2014</tag>
							<comment>By Andy Jackson, British Library.</comment>
						</fdd:urlReference>
					</fdd:urlList>
				</fdd:urlGroup>
			</fdd:url>
			<fdd:url>
				<fdd:urlGroup>
					<fdd:intro>The proposed specification and eventual publication in September 2017 of the W3C Recommendation for <a href="https://www.w3.org/TR/2017/REC-encrypted-media-20170918/">Encrypted Media Extensions</a> has been surrounded by controversy.  Relevant links include:</fdd:intro>
					<fdd:urlList>
						<fdd:urlReference>
							<link>https://www.w3.org/TR/encrypted-media/</link>
							<tag>W3C Recommentation | Encrypted Media Extensions (latest version)</tag>
							<comment>As of February 2018, the latest version is from September 2017.</comment>
						</fdd:urlReference>
						<fdd:urlReference>
							<link>https://en.wikipedia.org/wiki/Encrypted_Media_Extensions</link>
							<tag>Wikipedia entry for Encrypted Media Extensions</tag>
						</fdd:urlReference>
						<fdd:urlReference>
							<link>https://lists.w3.org/Archives/Public/public-html-media/2017Jul/0000.html</link>
							<tag>Disposition of Comments for Encrypted Media Extensions and Director&apos;s decision | from public-html-media@w3.org  mailing list</tag>
						</fdd:urlReference>
						<fdd:urlReference>
							<link>https://www.w3.org/blog/2017/02/on-eme-in-html5/</link>
							<tag>W3C blog | On EME in HTML5 (28 February 2017)</tag>
						</fdd:urlReference>
						<fdd:urlReference>
							<link>https://www.wired.com/2012/02/html-editor-calls-html5-video-copy-protection-proposal-unethical/</link>
							<tag>HTML Editor Calls HTML5 Video Copy-Protection Proposal &apos;Unethical&apos; | by Scott Gilbertson, February 2012. Wired Magazine</tag>
						</fdd:urlReference>
						<fdd:urlReference>
							<link>https://web.archive.org/web/20180204050503/http://manu.sporny.org/2013/drm-in-html5/</link>
							<tag>
DRM in HTML5 | blog post by Manu Sporny from January 2013</tag>
							<comment>Argues that the EME proposal would not solve the problem of reducing piracy.</comment>
						</fdd:urlReference>
						<fdd:urlReference>
							<link>https://www.wired.com/2013/02/drm-for-the-web-say-it-aint-so/</link>
							<tag>DRM for the Web? Say It Ain&apos;t So | by Scott Gilbertson, February 2013. Wired Magazine</tag>
						</fdd:urlReference>
						<fdd:urlReference>
							<link>https://www.eff.org/deeplinks/2013/10/lowering-your-standards</link>
							<tag>Electronic Frontier Foundation (EFF) | Lowering Your Standards: DRM and the Future of the W3C. October 2013 </tag>
						</fdd:urlReference>
						<fdd:urlReference>
							<link>https://www.eff.org/pages/objection-rechartering-w3c-eme-group</link>
							<tag>Electronic Frontier Foundation (EFF) | Objection to the rechartering of the W3C EME group.  Undated, likely 2015 or 2016.</tag>
							<comment>Includes a proposed covenant for working group members to commit not to sue security researchers under the Digital Millennium Copyright Act or similar legislation.</comment>
						</fdd:urlReference>
						<fdd:urlReference>
							<link>https://blog.whatwg.org/drm-and-web-security</link>
							<tag>DRM and Web security | September 2016 blog post by Ian Hickson, Simon Pieters, and Anne van Kesteren of WHATWG</tag>
							<comment>Argues that without requiring &quot;each company working on the EME specification to sign an agreement that they would not sue security researchers studying EME,&quot; the EME could pose a security threat to the Web. </comment>
						</fdd:urlReference>
						<fdd:urlReference>
							<link>http://www.tomshardware.com/news/w3c-statement-whatwg-eme-researchers,32756.html</link>
							<tag>W3C Responds to WHATWG’s Demand for Legal Protection for EME Security Researchers |September 2016</tag>
						</fdd:urlReference>
						<fdd:urlReference>
							<link>https://hal.inria.fr/hal-01673296/document</link>
							<tag>The Crisis of Standardizing DRM: The Case of W3C
Encrypted Media Extensions | by Harry Halpin. SPACE 2017</tag>
							<comment>Seventh International Conference on Security, Privacy, and Applied Cryptography
Engineering, Dec 2017, Goa, India. Springer, 10662, pp.10-29, Lecture Notes in Computer Science.
&lt;10.1007/978-3-319-71501-8_2&gt;</comment>
						</fdd:urlReference>
					</fdd:urlList>
				</fdd:urlGroup>
			</fdd:url>
			<fdd:url>
				<fdd:urlReference>
					<link>https://www.w3.org/QA/2002/04/valid-dtd-list.html</link>
					<tag>W3C | Recommended Doctype Declarations to use in your Web document.</tag>
				</fdd:urlReference>
			</fdd:url>
			<fdd:url>
				<fdd:urlReference>
					<link>https://www.w3.org/blog/2018/02/fast-forwarding-media-support-on-the-web/</link>
					<tag>W3C blog | Fast-forwarding media support on the Web (5 February 2018)</tag>
					<comment>Mentions extensions to HTML &lt;audio&gt; and &lt;video&gt; elements to support streaming.</comment>
				</fdd:urlReference>
			</fdd:url>
			<fdd:url>
				<fdd:urlGroup>
					<fdd:intro>PRONOM provides records for chronological versions of the HTML format that have distinguishing signatures (via a DOCTYPE declaration) and a record for generic HTML (recognizable only by the existence of opening and closing &lt;HTML&gt; or &lt;BODY&gt; tags, including tags in lower case).</fdd:intro>
					<fdd:urlList>
						<fdd:urlReference>
							<link>http://www.nationalarchives.gov.uk/PRONOM/fmt/96</link>
							<tag>PRONOM entry for fmt/96</tag>
							<comment>HTML (generic).  PUID: fmt/96</comment>
						</fdd:urlReference>
						<fdd:urlReference>
							<link>http://www.nationalarchives.gov.uk/PRONOM/fmt/97</link>
							<tag>PRONOM entry for fmt/97</tag>
							<comment>HTML 2.0.  PUID: fmt/97.  With DOCTYPE declaration for 2.0</comment>
						</fdd:urlReference>
						<fdd:urlReference>
							<link>http://www.nationalarchives.gov.uk/PRONOM/fmt/98</link>
							<tag>PRONOM entry for fmt/98</tag>
							<comment>HTML 3.2.  PUID: fmt/98.  With DOCTYPE declaration for 3.2</comment>
						</fdd:urlReference>
						<fdd:urlReference>
							<link>http://www.nationalarchives.gov.uk/PRONOM/fmt/99</link>
							<tag>PRONOM entry for fmt/99</tag>
							<comment>HTML 4.0.  PUID: fmt/99.  With DOCTYPE declaration for 4.0</comment>
						</fdd:urlReference>
						<fdd:urlReference>
							<link>http://www.nationalarchives.gov.uk/PRONOM/fmt/100</link>
							<tag>PRONOM entry for fmt/100</tag>
							<comment>HTML 4.01.  PUID: fmt/100.  With DOCTYPE declaration for 4.01</comment>
						</fdd:urlReference>
						<fdd:urlReference>
							<link>http://www.nationalarchives.gov.uk/PRONOM/fmt/471</link>
							<tag>PRONOM entry for fmt/471</tag>
							<comment>HTML 5.  HTML 5 does not explicitly define the HTML version or any Document Type Definition (DTD) within the DOCTYPE tag.  PUID: fmt/471.  </comment>
						</fdd:urlReference>
					</fdd:urlList>
				</fdd:urlGroup>
			</fdd:url>
			<fdd:url>
				<fdd:urlReference>
					<link>https://www.wikidata.org/wiki/Q8811</link>
					<tag>Wikidata entry for Q8811</tag>
					<comment>Information in Wikidata about HTML family of markup languages.  Wikidata Title ID: Q8811.  Links to entries for individual HTML versions.  </comment>
				</fdd:urlReference>
			</fdd:url>
		</fdd:urls>
	</fdd:usefulReferences>
</fdd:FDD>
