<?xml version="1.0" encoding="UTF-8"?>
<fdd:FDD id="fdd000064" titleName="Cinepak" shortName="Cinepak" xmlns:xsi="http://www.w3.org/2001/XMLSchema-instance" xmlns:fdd="http://www.loc.gov/preservation/digital/formats/schemas/fdd/v1" xsi:schemaLocation="http://www.loc.gov/preservation/digital/formats/schemas/fdd/v1 http://www.loc.gov/preservation/digital/formats/schemas/fdd/v1/fdd-v1-1.xsd">
	<fdd:properties>
		<fdd:gdfrGenreSelection>
			<fdd:gdfrGenre>moving-image</fdd:gdfrGenre>
		</fdd:gdfrGenreSelection>
		<fdd:formatCategories>
			<fdd:category>encoding</fdd:category>
		</fdd:formatCategories>
		<fdd:gdfrForm>binary</fdd:gdfrForm>
		<fdd:gdfrConstraint>unstructured</fdd:gdfrConstraint>
		<fdd:gdfrBasis>sampled</fdd:gdfrBasis>
		<fdd:updates>
			<fdd:date>2004-05-20</fdd:date>
		</fdd:updates>
		<fdd:draftStatus>Partial</fdd:draftStatus>
	</fdd:properties>
	<fdd:identificationAndDescription>
		<fdd:fullName>Cinepak</fdd:fullName>
		<fdd:keywords>
			<fdd:keyword>video formats</fdd:keyword>
		</fdd:keywords>
		<fdd:description>Bitstream encoding for video; <a href="http://www.jmcgowan.com/avicodecs.html">John McGowan</a> states, "Cinepak uses Vector Quantization based image compression and frame differencing."  Multiple versions exist, including "SuperMac," "Radius," and "Compression Technologies;" this document does not distinguish between them.</fdd:description>
		<fdd:shortDescription>Bitstream encoding for video using Vector Quantization methods for image compression and frame differencing.</fdd:shortDescription>
		<fdd:productionPhase>May be used as a middle-state (video production) or end-user delivery format.</fdd:productionPhase>
		<fdd:relationships>
			<fdd:relationship>
				<fdd:typeOfRelationship>Used by</fdd:typeOfRelationship>
				<fdd:relatedTo>
					<fdd:id>fdd000062</fdd:id>
					<fdd:shortName>AVI_Cinepak</fdd:shortName>
					<fdd:titleName>Audio Video Interleaved, Cinepak</fdd:titleName>
				</fdd:relatedTo>
				<fdd:comment/>
			</fdd:relationship>
			<fdd:relationship>
				<fdd:typeOfRelationship>Used by</fdd:typeOfRelationship>
				<fdd:relatedTo>
					<fdd:id>fdd000087</fdd:id>
					<fdd:shortName>QTV_Cinepak</fdd:shortName>
					<fdd:titleName>QuickTime, Cinepak</fdd:titleName>
				</fdd:relatedTo>
				<fdd:comment/>
			</fdd:relationship>
		</fdd:relationships>
	</fdd:identificationAndDescription>
	<fdd:sustainabilityFactors>
		<fdd:disclosure>Proprietary standard with little or no public documentation</fdd:disclosure>
		<fdd:documentation>None identified as of April 26, 2004.</fdd:documentation>
		<fdd:adoption>Has been widespread; in 2000, <a href="http://www.jmcgowan.com/avicodecs.html">John McGowan</a> wrote that &quot;Cinepak is the most widely used Video for Windows codec.&quot;  </fdd:adoption>
		<fdd:licensingAndPatents>Apparently various providers of encoders license the use of their products.</fdd:licensingAndPatents>
		<fdd:transparency>Depends upon algorithms and tools to read; will require sophistication to build tools.</fdd:transparency>
		<fdd:selfDocumentation>Not applicable; provided by wrapper formats.</fdd:selfDocumentation>
		<fdd:externalDependencies>None.</fdd:externalDependencies>
		<fdd:techProtection>Not applicable; provided by wrapper formats.</fdd:techProtection>
	</fdd:sustainabilityFactors>
	<fdd:qualityAndFunctionalityFactors>
		<fdd:movingImageQF>
			<fdd:normalVideo>Not applicable</fdd:normalVideo>
			<fdd:clarity>Moderate, varies according to encoder used.</fdd:clarity>
			<fdd:beyondVideo>Not applicable.</fdd:beyondVideo>
		</fdd:movingImageQF>
	</fdd:qualityAndFunctionalityFactors>
	<fdd:fileTypeSignifiers>
		<fdd:signifiersGroup>
			<fdd:filenameExtension>
				<fdd:sigValueNA>Not applicable.</fdd:sigValueNA>
			</fdd:filenameExtension>
			<fdd:internetMediaType>
				<fdd:sigValueNA>Not applicable.</fdd:sigValueNA>
			</fdd:internetMediaType>
			<fdd:magicNumbers>
				<fdd:sigValueNA>Not applicable.</fdd:sigValueNA>
			</fdd:magicNumbers>
			<fdd:other>
				<fdd:tag>Microsoft FOURCC</fdd:tag>
				<fdd:values>
					<fdd:sigValues>
						<fdd:sigValue>CVID</fdd:sigValue>
					</fdd:sigValues>
					<fdd:note>Used when this codec is wrapped in Microsoft file formats, e.g., <fddLink id="fdd000059">AVI</fddLink> and <fddLink id="fdd000067">ASF</fddLink>; see the <a href="https://www.fourcc.org/codecs.php">list of FOURCC codes</a>.  FOURCC codes are no longer managed by Microsoft, which has developed a new mechanism for identifying rich media types in general.</fdd:note>
				</fdd:values>
			</fdd:other>
		</fdd:signifiersGroup>
	</fdd:fileTypeSignifiers>
	<fdd:notes>
		<fdd:general>Some discussion of Cinepak in <a href="http://www.jmcgowan.com/avicodecs.html">John McGowan's AVI Overview: Audio and Video Codecs</a> (http://www.jmcgowan.com/avicodecs.html).</fdd:general>
	</fdd:notes>
	<fdd:usefulReferences>
		<fdd:urls>
			<fdd:url>
				<fdd:urlReference>
					<link>http://sites.utoronto.ca/ski/water/software/vj/avi.html#Codec</link>
					<tag>John McGowan's AVI Overview: Audio and Video Codecs</tag>
					<comment/>
				</fdd:urlReference>
			</fdd:url>
			<fdd:url>
				<fdd:urlReference>
					<link>https://multimedia.cx/mirror/cinepak.txt</link>
					<tag>Cinepak (CVID) stream format for AVI and QT
</tag>
					<comment>By Dr. Tim Ferguson, 2001.
</comment>
				</fdd:urlReference>
			</fdd:url>
			<fdd:url>
				<fdd:urlReference>
					<link>https://web.archive.org/web/20121103060126/http://www.probo.com/cinepak.htm</link>
					<tag>Cinepak codecs (link available through Internet Archive)</tag>
					<comment>From Providenza &amp; Boekelheide, Inc.</comment>
				</fdd:urlReference>
			</fdd:url>
			<fdd:url>
				<fdd:urlReference>
					<link>https://en.wikipedia.org/wiki/Cinepak</link>
				</fdd:urlReference>
			</fdd:url>
			<fdd:url>
				<fdd:urlReference>
					<link>https://www.fourcc.org/codecs.php</link>
					<tag>List of FOURCC codes</tag>
					<comment>FOURCC codes were originally managed in a registry by Microsoft, but have been superseded by a more general mechanism to identify media types.</comment>
				</fdd:urlReference>
			</fdd:url>
		</fdd:urls>
	</fdd:usefulReferences>
</fdd:FDD>
