<?xml version="1.0" encoding="UTF-8"?>
<fdd:FDD id="fdd000320" titleName="PDF/A-2a, PDF for Long-term Preservation, Use of ISO 32000-1 (PDF 1.7), Level A Conformance" shortName="PDF/A-2a" xmlns:xsi="http://www.w3.org/2001/XMLSchema-instance" xmlns:fdd="http://www.loc.gov/preservation/digital/formats/schemas/fdd/v1" xsi:schemaLocation="http://www.loc.gov/preservation/digital/formats/schemas/fdd/v1 http://www.loc.gov/preservation/digital/formats/schemas/fdd/v1/fdd-v1-1.xsd">
	<fdd:properties>
		<fdd:gdfrGenreSelection>
			<fdd:gdfrGenre>text</fdd:gdfrGenre>
		</fdd:gdfrGenreSelection>
		<fdd:formatCategories>
			<fdd:category>file-format</fdd:category>
			<fdd:category>encoding</fdd:category>
		</fdd:formatCategories>
		<fdd:gdfrForm>binary</fdd:gdfrForm>
		<fdd:gdfrConstraint>structured</fdd:gdfrConstraint>
		<fdd:gdfrBasis>symbolic</fdd:gdfrBasis>
		<fdd:updates>
			<fdd:date>2019-02-28</fdd:date>
		</fdd:updates>
		<fdd:draftStatus>Partial</fdd:draftStatus>
	</fdd:properties>
	<fdd:identificationAndDescription>
		<fdd:fullName>ISO 19005-2. Document management - Electronic document file format for long-term preservation - Part 2: Use of ISO 32000-1 (PDF 1.7), Level A Conformance (PDF/A-2a)</fdd:fullName>
		<fdd:keywords>
			<fdd:keyword>Portable Document Format (PDF)</fdd:keyword>
			<fdd:keyword>document formats</fdd:keyword>
		</fdd:keywords>
		<fdd:description>
			<p>Part 2 of the PDF/A ISO standard [ISO 19005-2:2010] is a constrained form of Adobe PDF version 1.7 intended to be suitable for long-term preservation of page-oriented documents for which PDF is already being used in practice. Level A conformance (PDF/A-2a) indicates complete compliance with the ISO 19005-2 requirements, including those related to structural and semantic properties of documents.  Level B conformance (PDF/A-2b) indicates minimal compliance to ensure that the rendered visual appearance of a conforming file is preservable over the long term. Level U conformance (PDF/A-2u) represents Level B conformance with the additional requirement that all text in the document have Unicode equivalents.  </p>
			<p>See <fddLink id="fdd000319">PDF/A-2</fddLink>.</p>
		</fdd:description>
		<fdd:shortDescription>Level A conformance with Part 2 of the PDF/A ISO standard [ISO 19005-2:2010] indicates full compliance with the ISO 19005-2 standard for a constrained form of Adobe PDF version 1.7 (as defined in ISO 32000), intended to be suitable for long-term preservation of page-oriented documents for which PDF is already being used in practice. </fdd:shortDescription>
		<fdd:productionPhase>A final-state format for delivery to end users and long-term preservation of the document as disseminated to users.</fdd:productionPhase>
		<fdd:relationships>
			<fdd:relationship>
				<fdd:typeOfRelationship>Subtype of</fdd:typeOfRelationship>
				<fdd:relatedTo>
					<fdd:id>fdd000030</fdd:id>
					<fdd:shortName>PDF</fdd:shortName>
					<fdd:titleName>Portable Document Format</fdd:titleName>
				</fdd:relatedTo>
				<fdd:comment/>
			</fdd:relationship>
			<fdd:relationship>
				<fdd:typeOfRelationship>Subtype of</fdd:typeOfRelationship>
				<fdd:relatedTo>
					<fdd:id>fdd000277</fdd:id>
					<fdd:shortName>PDF_1_7</fdd:shortName>
					<fdd:titleName>PDF, Version 1.7  (ISO 32000-1:2008)</fdd:titleName>
				</fdd:relatedTo>
			</fdd:relationship>
			<fdd:relationship>
				<fdd:typeOfRelationship>Subtype of</fdd:typeOfRelationship>
				<fdd:relatedTo>
					<fdd:id>fdd000319</fdd:id>
					<fdd:shortName>PDF/A-2</fdd:shortName>
					<fdd:titleName>PDF for Long-term Preservation, Use of ISO 32000 (PDF 1.7)</fdd:titleName>
				</fdd:relatedTo>
			</fdd:relationship>
			<fdd:relationship>
				<fdd:typeOfRelationship>Affinity to</fdd:typeOfRelationship>
				<fdd:relatedTo>
					<fdd:id>fdd000350</fdd:id>
					<fdd:shortName>PDF/UA-1</fdd:shortName>
					<fdd:titleName> PDF Enhancement for Accessibility, Use of ISO 32000-1</fdd:titleName>
				</fdd:relatedTo>
				<fdd:comment>The requirements for accessibility and for level A conformance with PDF/A-2 are largely compatible.  One significant distinction is that in PDF/UA content can be encrypted, while for PDF/A (intended for long-term archiving) encryption is prohibited.</fdd:comment>
			</fdd:relationship>
		</fdd:relationships>
	</fdd:identificationAndDescription>
	<fdd:localUse>
		<fdd:experience>See <fddLink id="fdd000318">PDF/A_family</fddLink>.</fdd:experience>
		<fdd:preference>See <fddLink id="fdd000318">PDF/A_family</fddLink>.</fdd:preference>
	</fdd:localUse>
	<fdd:sustainabilityFactors>
		<fdd:disclosure>See <fddLink id="fdd000319">PDF/A-2</fddLink>.	</fdd:disclosure>
		<fdd:documentation>See <fddLink id="fdd000319">PDF/A-2</fddLink>.</fdd:documentation>
		<fdd:adoption>See <fddLink id="fdd000319">PDF/A-2</fddLink>.</fdd:adoption>
		<fdd:licensingAndPatents>See <fddLink id="fdd000318">PDF/A_family</fddLink>.
		</fdd:licensingAndPatents>
		<fdd:transparency>See <fddLink id="fdd000318">PDF/A_family</fddLink>.</fdd:transparency>
		<fdd:selfDocumentation>See <fddLink id="fdd000318">PDF/A_family</fddLink>.</fdd:selfDocumentation>
		<fdd:externalDependencies>See <fddLink id="fdd000318">PDF/A_family</fddLink>.	</fdd:externalDependencies>
		<fdd:techProtection>See <fddLink id="fdd000318">PDF/A_family</fddLink>.</fdd:techProtection>
	</fdd:sustainabilityFactors>
	<fdd:qualityAndFunctionalityFactors>
		<fdd:textQF>
			<fdd:normalText>See <fddLink id="fdd000318">PDF/A_family</fddLink>.</fdd:normalText>
			<fdd:structure>PDF/A-2a includes representation of the logical structure of the document, as specified in section 6.8 of ISO 19005-2, in addition to the retention of visual rendering.</fdd:structure>
			<fdd:layout>See <fddLink id="fdd000318">PDF/A_family</fddLink>.</fdd:layout>
			<fdd:mathDiag>See <fddLink id="fdd000318">PDF/A_family</fddLink>.</fdd:mathDiag>
			<fdd:beyondText>See <fddLink id="fdd000318">PDF/A_family</fddLink>.</fdd:beyondText>
		</fdd:textQF>
	</fdd:qualityAndFunctionalityFactors>
	<fdd:fileTypeSignifiers>
		<fdd:signifiersGroup>
			<fdd:filenameExtension>
				<fdd:sigValues>
					<fdd:sigValue>pdf</fdd:sigValue>
				</fdd:sigValues>
				<fdd:note>The standard does not indicate that a different extension should be used to distinguish PDF from PDF/A.</fdd:note>
			</fdd:filenameExtension>
			<fdd:internetMediaType>
				<fdd:sigValueNA>See related format.</fdd:sigValueNA>
				<fdd:note>See <fddLink id="fdd000030">PDF</fddLink>.</fdd:note>
			</fdd:internetMediaType>
			<fdd:magicNumbers>
				<fdd:sigValueNA>See related format.</fdd:sigValueNA>
				<fdd:note>See <fddLink id="fdd000030">PDF</fddLink>.</fdd:note>
			</fdd:magicNumbers>
			<fdd:other>
				<fdd:tag>Indicator for profile, level, version, etc.</fdd:tag>
				<fdd:values>
					<fdd:sigValueNA>See note.</fdd:sigValueNA>
					<fdd:note>The standard specifies that the PDF/A version and conformance level of a file shall be specified using the PDF/A Identification extension schema defined in the standard. This schema has two mandatory elements: pdfaid:part and pdfaid:conformance. A PDF/A-2a file should have the integer value 2 for pdfaid:part and the value &quot;A&quot; for pdfaid:conformance.</fdd:note>
				</fdd:values>
			</fdd:other>
			<fdd:other>
				<fdd:tag>Pronom PUID</fdd:tag>
				<fdd:values>
					<fdd:sigValues>
						<fdd:sigValue>fmt/476</fdd:sigValue>
					</fdd:sigValues>
					<fdd:note>See <a href="https://www.nationalarchives.gov.uk/PRONOM/fmt/476">https://www.nationalarchives.gov.uk/PRONOM/fmt/476</a> for PDF/A-2a.</fdd:note>
				</fdd:values>
			</fdd:other>
			<fdd:other>
				<fdd:tag>Wikidata Title ID</fdd:tag>
				<fdd:values>
					<fdd:sigValues>
						<fdd:sigValue>Q26545877</fdd:sigValue>
					</fdd:sigValues>
					<fdd:note>See <a href="https://www.wikidata.org/wiki/Q26545877">https://www.wikidata.org/wiki/Q26545877</a> for PDF/A-2a.</fdd:note>
				</fdd:values>
			</fdd:other>
		</fdd:signifiersGroup>
	</fdd:fileTypeSignifiers>
	<fdd:notes>
		<fdd:general>
			<p>Requirements for accessibility and for level A conformance with PDF/A-2 are very compatible.  PDF/UA&apos;s mandatory representation of the logical structure of a document to support non-visual navigation should provide excellent support for future use of a document by automated tools, including migration to new formats and new versions of formats.  One significant distinction is that in PDF/UA content can be encrypted, while for PDF/A (intended for long-term archiving) encryption is prohibited.</p>
			<p>See also <fddLink id="fdd000319">PDF/A-2</fddLink>.</p>
		</fdd:general>
		<fdd:history>See <fddLink id="fdd000319">PDF/A-2</fddLink>.</fdd:history>
	</fdd:notes>
	<fdd:formatSpecifications>
		<fdd:citations>
			<fdd:citation>
				<fdd:docGroup>
					<fdd:intro>See <fddLink id="fdd000319">PDF/A-2</fddLink>.</fdd:intro>
					<fdd:referenceList/>
				</fdd:docGroup>
			</fdd:citation>
		</fdd:citations>
	</fdd:formatSpecifications>
	<fdd:usefulReferences>
		<fdd:urls>
			<fdd:url>
				<fdd:urlReference>
					<link>https://www.nationalarchives.gov.uk/PRONOM/fmt/476</link>
					<tag>PRONOM entry for fmt/476</tag>
					<comment>Information in PRONOM on PDF/A-2a.  PUID: fmt/476.</comment>
				</fdd:urlReference>
			</fdd:url>
			<fdd:url>
				<fdd:urlReference>
					<link>https://www.wikidata.org/wiki/Q26545877</link>
					<tag>Wikidata entry for Q26545877</tag>
					<comment>Information in WikiData about PDF/A-2a. WikiData Title ID: Q26545877</comment>
				</fdd:urlReference>
			</fdd:url>
			<fdd:url>
				<fdd:urlGroup>
					<fdd:intro>See also <fddLink id="fdd000318">PDF/A_family</fddLink> and <fddLink id="fdd000319">PDF/A-2</fddLink>.</fdd:intro>
				</fdd:urlGroup>
			</fdd:url>
		</fdd:urls>
	</fdd:usefulReferences>
</fdd:FDD>
