<?xml version="1.0" encoding="UTF-8"?>
<fdd:FDD id="fdd000346" titleName="Matroska File Format with LPCM Audio Encoding" shortName="Matroska_LPCM" xmlns:xsi="http://www.w3.org/2001/XMLSchema-instance" xmlns:fdd="http://www.loc.gov/preservation/digital/formats/schemas/fdd/v1" xsi:schemaLocation="http://www.loc.gov/preservation/digital/formats/schemas/fdd/v1 http://www.loc.gov/preservation/digital/formats/schemas/fdd/v1/fdd-v1-1.xsd">
	<fdd:properties>
		<fdd:gdfrGenreSelection>
			<fdd:gdfrGenreAndSubgenres>
				<fdd:gdfrGenre>moving-image</fdd:gdfrGenre>
				<fdd:gdfrSubgenres>
					<fdd:gdfrSubgenre>sound</fdd:gdfrSubgenre>
				</fdd:gdfrSubgenres>
			</fdd:gdfrGenreAndSubgenres>
		</fdd:gdfrGenreSelection>
		<fdd:formatCategories>
			<fdd:category>file-format</fdd:category>
			<fdd:category>encoding</fdd:category>
		</fdd:formatCategories>
		<fdd:updates>
			<fdd:date>2012-05-29</fdd:date>
		</fdd:updates>
		<fdd:draftStatus>Partial</fdd:draftStatus>
	</fdd:properties>
	<fdd:identificationAndDescription>
		<fdd:fullName>Matroska File Format with LPCM Audio Encoding</fdd:fullName>
		<fdd:keywords>
			<fdd:keyword>audio formats</fdd:keyword>
			<fdd:keyword>recorded sound formats</fdd:keyword>
			<fdd:keyword>video formats</fdd:keyword>
		</fdd:keywords>
		<fdd:description>Matroska file containing an audio essence encoded as Linear Pulse Code Modulated (LPCM).</fdd:description>
		<fdd:shortDescription>Matroska file containing an audio essence encoded as Linear Pulse Code Modulated (LPCM)</fdd:shortDescription>
		<fdd:productionPhase>Middle state, used for storage or archiving</fdd:productionPhase>
		<fdd:relationships>
			<fdd:relationship>
				<fdd:typeOfRelationship>Has subtype</fdd:typeOfRelationship>
				<fdd:relatedTo>
					<fdd:id>fdd000342</fdd:id>
					<fdd:shortName>Matroska</fdd:shortName>
					<fdd:titleName>Matroska Multimedia Container</fdd:titleName>
				</fdd:relatedTo>
			</fdd:relationship>
			<fdd:relationship>
				<fdd:typeOfRelationship>Contains</fdd:typeOfRelationship>
				<fdd:relatedTo>
					<fdd:id>fdd000011</fdd:id>
					<fdd:shortName>LPCM</fdd:shortName>
					<fdd:titleName>Linear Pulse Code Modulated Audio</fdd:titleName>
				</fdd:relatedTo>
			</fdd:relationship>
			<fdd:relationship>
				<fdd:typeOfRelationship>May contain</fdd:typeOfRelationship>
				<fdd:comment>Video essences and other elements in various encodings.</fdd:comment>
			</fdd:relationship>
		</fdd:relationships>
	</fdd:identificationAndDescription>
	<fdd:localUse>
		<fdd:experience>None</fdd:experience>
	</fdd:localUse>
	<fdd:sustainabilityFactors>
		<fdd:disclosure>Both Matroska and LPCM are open standards. Matroska is an offshoot of the <a href="https://en.wikipedia.org/wiki/Multimedia_Container_Format">Multimedia Container Format</a> project. </fdd:disclosure>
		<fdd:documentation>The Matroska specification is published online at <a href="https://www.matroska.org/technical/elements.html">https://www.matroska.org/technical/elements.html</a>. The history of PCM is varied and extends back to at least the 1930s. For a discussion of its history and documentation see <fddLink id="fdd000011">LPCM</fddLink>.</fdd:documentation>
		<fdd:adoption>Modest adoption of the combination of Matroska and LPCM. One example can be found on the website of the open source<a href="https://wiki.archivematica.org/Format_policies"> Archivematica</a> project; LPCM is the preservation encoding for audio and Matroska (MKV) the preservation wrapper format for video files.</fdd:adoption>
		<fdd:licensingAndPatents>See <fddLink id="fdd000342">Matroska</fddLink> and <fddLink id="fdd000011">LPCM</fddLink>
		</fdd:licensingAndPatents>
		<fdd:transparency>See <fddLink id="fdd000342">Matroska</fddLink> and <fddLink id="fdd000011">LPCM</fddLink>
		</fdd:transparency>
		<fdd:selfDocumentation>See <fddLink id="fdd000342">Matroska</fddLink> and <fddLink id="fdd000011">LPCM</fddLink>
		</fdd:selfDocumentation>
		<fdd:externalDependencies>See <fddLink id="fdd000342">Matroska</fddLink> and <fddLink id="fdd000011">LPCM</fddLink>
		</fdd:externalDependencies>
		<fdd:techProtection>See <fddLink id="fdd000342">Matroska</fddLink> and <fddLink id="fdd000011">LPCM</fddLink>
		</fdd:techProtection>
	</fdd:sustainabilityFactors>
	<fdd:qualityAndFunctionalityFactors/>
	<fdd:fileTypeSignifiers>
		<fdd:signifiersGroup>
		</fdd:signifiersGroup>
	</fdd:fileTypeSignifiers>
	<fdd:formatSpecifications>
		<fdd:urls>
			<fdd:url>
				<fdd:urlReference>
					<link>https://matroska.org/technical/elements.html</link>
					<tag>Matroska Specification </tag>
				</fdd:urlReference>
			</fdd:url>
			<fdd:url>
				<fdd:urlReference>
					<link>https://www.aes.org/publications/standards/</link>
					<tag>Menu page for Audio Engineering Society standards.</tag>
					<comment>Includes AES3-2003 (AES standard for digital audio -- Digital input-output interfacing -- Serial transmission format for two-channel linearly represented digital audio data) and AES5-2003 (AES recommended practice for professional digital audio -- Preferred sampling frequencies for applications employing pulse-code modulation).</comment>
				</fdd:urlReference>
			</fdd:url>
			<fdd:url>
				<fdd:urlReference>
					<link>https://www.tactilemedia.com/info/MCI_Control_Info.html</link>
					<tag>Site with access to Multimedia Programming Interface and Data Specifications 1.0.</tag>
					<comment>The document concerns the use of LPCM in WAVE files and was produced by the IBM Corporation and the Microsoft Corporation, August 1991.</comment>
				</fdd:urlReference>
			</fdd:url>
			<fdd:url>
				<fdd:urlReference>
					<link>https://webstore.iec.ch/webstore/webstore.nsf/artnum/023623</link>
					<tag>Menu page for IEC standards.</tag>
					<comment>Includes IEC 60908 Ed. 2.0 Bilingual, Audio recording - Compact disc digital audio system.</comment>
				</fdd:urlReference>
			</fdd:url>
		</fdd:urls>
	</fdd:formatSpecifications>
	<fdd:usefulReferences>
		<fdd:urls>
			<fdd:url>
				<fdd:urlReference>
					<link>https://wiki.archivematica.org/Format_policies</link>
				</fdd:urlReference>
			</fdd:url>
			<fdd:url>
				<fdd:urlGroup>
					<fdd:intro>See also <fddLink id="fdd000342">Matroska</fddLink> and <fddLink id="fdd000011">LPCM</fddLink>.</fdd:intro>
				</fdd:urlGroup>
			</fdd:url>
		</fdd:urls>
	</fdd:usefulReferences>
</fdd:FDD>
