<?xml version="1.0" encoding="UTF-8"?>
<fdd:FDD id="fdd000079" titleName="ISO Base Media File Format" shortName="ISO_BMFF" xmlns:xsi="http://www.w3.org/2001/XMLSchema-instance" xmlns:fdd="http://www.loc.gov/preservation/digital/formats/schemas/fdd/v1" xsi:schemaLocation="http://www.loc.gov/preservation/digital/formats/schemas/fdd/v1 http://www.loc.gov/preservation/digital/formats/schemas/fdd/v1/fdd-v1-1.xsd">
	<fdd:properties>
		<fdd:gdfrGenreSelection>
			<fdd:gdfrGenres>
				<fdd:gdfrGenre>moving-image</fdd:gdfrGenre>
				<fdd:gdfrGenre>sound</fdd:gdfrGenre>
			</fdd:gdfrGenres>
		</fdd:gdfrGenreSelection>
		<fdd:formatCategories>
			<fdd:category>file-format</fdd:category>
		</fdd:formatCategories>
		<fdd:gdfrComposition>container-wrapper</fdd:gdfrComposition>
		<fdd:gdfrForm>binary</fdd:gdfrForm>
		<fdd:gdfrConstraint>structured</fdd:gdfrConstraint>
		<fdd:updates>
			<fdd:date>2011-12-05</fdd:date>
		</fdd:updates>
		<fdd:draftStatus>Full</fdd:draftStatus>
	</fdd:properties>
	<fdd:identificationAndDescription>
		<fdd:fullName>ISO/IEC 14496-12. Information technology -- Coding of audio-visual objects -- Part 12: ISO Base Media File Format (formal name).  ISO/IEC 15444-12.  Information technology -- JPEG 2000 image coding system -- Part 12: ISO base media file format (formal name).  ISO base media file format (common name)</fdd:fullName>
		<fdd:keywords>
			<fdd:keyword>MPEG-4</fdd:keyword>
			<fdd:keyword>container formats</fdd:keyword>
		</fdd:keywords>
		<fdd:description>
			<p>Base format for media file formats, designed to contain time-based audio-visual information in a flexible, extensible format that facilitates interchange, management, editing, and presentation of the media. This presentation may be 'local' to the system containing the presentation or may be via a network or other stream delivery mechanism. The file structure is object-oriented; a file can be decomposed into constituent objects very simply, and the structure of the objects inferred directly from their type. The file format is designed to be independent of any particular network protocol while enabling efficient support for them in general.  (Paraphrased from the specification, p. vi)</p>
		</fdd:description>
		<fdd:shortDescription>Base format for media file formats, designed to contain time-based audio-visual information in a flexible, extensible format that facilitates interchange, management, editing, and presentation of the media. </fdd:shortDescription>
		<fdd:productionPhase>Generally used for middle- and final-state archiving or end-user delivery. </fdd:productionPhase>
		<fdd:relationships>
			<fdd:relationship>
				<fdd:typeOfRelationship>Has subtype</fdd:typeOfRelationship>
				<fdd:relatedTo>
					<fdd:id>fdd000127</fdd:id>
					<fdd:shortName>MJP2_FF</fdd:shortName>
					<fdd:titleName>Motion JPEG 2000 File Format</fdd:titleName>
				</fdd:relatedTo>
			</fdd:relationship>
			<fdd:relationship>
				<fdd:typeOfRelationship>Has subtype</fdd:typeOfRelationship>
				<fdd:relatedTo>
					<fdd:id>fdd000155</fdd:id>
					<fdd:shortName>MP4_FF_2</fdd:shortName>
					<fdd:titleName>MPEG-4 File Format, version 2</fdd:titleName>
				</fdd:relatedTo>
			</fdd:relationship>
			<fdd:relationship>
				<fdd:typeOfRelationship>Has subtype</fdd:typeOfRelationship>
				<fdd:relatedTo>
					<fdd:id>fdd000137</fdd:id>
					<fdd:shortName>MP4_FF_AVCE</fdd:shortName>
					<fdd:titleName>MPEG-4 File Format for AVC (Extensions; Part 15)</fdd:titleName>
				</fdd:relatedTo>
			</fdd:relationship>
			<fdd:relationship>
				<fdd:typeOfRelationship>Has subtype</fdd:typeOfRelationship>
				<fdd:relatedTo>
					<fdd:id>fdd000143</fdd:id>
					<fdd:shortName>JP2_FF</fdd:shortName>
					<fdd:titleName>JPEG 2000 Part 1 (Core) jp2 File Format</fdd:titleName>
				</fdd:relatedTo>
			</fdd:relationship>
			<fdd:relationship>
				<fdd:typeOfRelationship>Has subtype</fdd:typeOfRelationship>
				<fdd:relatedTo>
					<fdd:id>fdd000154</fdd:id>
					<fdd:shortName>JPX_FF</fdd:shortName>
					<fdd:titleName>JPEG 2000 Part 2 (Extensions) jpf File Format</fdd:titleName>
				</fdd:relatedTo>
			</fdd:relationship>
			<fdd:relationship>
				<fdd:typeOfRelationship>Has subtype</fdd:typeOfRelationship>
				<fdd:relatedTo>
					<fdd:id>fdd000144</fdd:id>
					<fdd:shortName>JPM_FF</fdd:shortName>
					<fdd:titleName>JPEG 2000 Part 1 (Compound) jpm File Format</fdd:titleName>
				</fdd:relatedTo>
			</fdd:relationship>
		</fdd:relationships>
	</fdd:identificationAndDescription>
	<fdd:localUse>
		<fdd:experience>For JPEG 2000 still image implementations, see <fddLink id="fdd000143">JP2_FF</fddLink>.  For moving image implementations, see <fddLink id="fdd000155">MP4_FF_2</fddLink>.</fdd:experience>
		<fdd:preference>For JPEG 2000 still image implementations, see <fddLink id="fdd000143">JP2_FF</fddLink>.  For moving image implementations, no relevant preferences established.</fdd:preference>
	</fdd:localUse>
	<fdd:sustainabilityFactors>
		<fdd:disclosure>
			Fully disclosed.  Developed jointly by the Motion Pictures Expert Group (MPEG) and the Joint Photographic Experts Group (JPEG), two working groups within the ISO/IEC committee structure formally known as ISO/IEC JTC 1/SC 29.
		</fdd:disclosure>
		<fdd:documentation>
			<p>Published as part of both MPEG-4 and JPEG 2000 as technically identical ISO standards: </p>
			<ul>
				<li>ISO/IEC 14496-12. Information technology -- Coding of audio-visual objects -- Part 12: ISO Base Media File Format.  (by MPEG working group)</li>
				<li>JPEG 2000 ISO/IEC 15444-12.  Information technology -- JPEG 2000 image coding system -- Part 12: ISO base media file format.  (by JPEG working group)</li>
			</ul>
		</fdd:documentation>
		<fdd:adoption>JPEG 2000 still image implementations using <fddLink id="fdd000143">JP2_FF</fddLink> are being widely adopted. The breadth of adoption of implementations of <fddLink id="fdd000154">JPX_FF</fddLink> and <fddLink id="fdd000144">JPM_FF</fddLink> is unknown to the compiler of this document.  For moving image implementations, there is some adoption of <fddLink id="fdd000155">MP4_FF_2</fddLink>; the breadth of adoption of other moving image implementations is unknown to the compiler of this document. At this writing (December, 2011), Motion JPEG 2000 encoding, which would use <fddLink id="fdd000127">MJP2_FF</fddLink>, does not appear to be widely adopted. Professional broadcasters appear to favor standards from <a href="https://www.smpte.org/">SMPTE</a>, e.g., <fddLink id="fdd000013">MXF</fddLink>.</fdd:adoption>
		<fdd:licensingAndPatents>The specification identifies Apple and Matsushita Electric Industrial Co. as holders of relevant patents, adding that "the holders of these patent rights have assured the ISO and IEC that they are willing to negotiate licenses under reasonable and non-discriminatory terms."  The specification also cautions that "some of the elements . . . may be the subject of patent rights other than those identified."</fdd:licensingAndPatents>
		<fdd:transparency>ISO_BMFF itself is transparent as a wrapper. Transparency of subtypes is determined by the encoding of the wrapped content.</fdd:transparency>
		<fdd:selfDocumentation>The structure includes <i>boxes</i> and headers that contain the technical metadata needed to manage the media streams.  Other boxes may contain descriptive ("bibliographic") metadata; for example, see <fddLink id="fdd000127">MJP2_FF</fddLink>.  <a href="../contact_format.shtml">Comments welcome</a>.
		</fdd:selfDocumentation>
		<fdd:externalDependencies>
			None.
		</fdd:externalDependencies>
		<fdd:techProtection>
			None.  Files may employ an optional IPR (Intellectual Property Rights) box that indicates whether an item is protected and provides an identifier; see <fddLink id="fdd000143">JP2_FF</fddLink>.
		</fdd:techProtection>
	</fdd:sustainabilityFactors>
	<fdd:qualityAndFunctionalityFactors>
		<fdd:otherQF>
			<fdd:factor>
				<fdd:tag>Normal rendering.</fdd:tag>
				<fdd:note>Many relevant aspects depend on subtype.  The format supports <i>timescales</i> that manage the playout of time-based media streams and <i>hint tracks</i> employed in streaming applications.</fdd:note>
			</fdd:factor>
		</fdd:otherQF>
	</fdd:qualityAndFunctionalityFactors>
	<fdd:fileTypeSignifiers>
		<fdd:signifiersGroup>
			<fdd:filenameExtension>
				<fdd:sigValueNA>See note.</fdd:sigValueNA>
				<fdd:note>Depends upon subtype.</fdd:note>
			</fdd:filenameExtension>
			<fdd:internetMediaType>
				<fdd:sigValueNA>See note.</fdd:sigValueNA>
				<fdd:note>Depends upon subtype.</fdd:note>
			</fdd:internetMediaType>
			<fdd:magicNumbers>
				<fdd:sigValueNA>See note.</fdd:sigValueNA>
				<fdd:note>Depends upon subtype.</fdd:note>
			</fdd:magicNumbers>
			<fdd:other>
				<fdd:tag>File type brand (ISO Base Media File Format)</fdd:tag>
				<fdd:values>
					<fdd:sigValues>
						<fdd:sigValue>isom</fdd:sigValue>
					</fdd:sigValues>
					<fdd:note>ISO_BMFF includes a file type box that contains major and minor brands (identifiers).  Regarding <i>isom</i>, the specification states that this would typically be used as the minor or secondary brand.  For examples of major brands in ISO_BMFF files, see subtypes listed above; a file type brand has also been established for the related <fddLink id="fdd000037">MP4_FF_1</fddLink> format.</fdd:note>
				</fdd:values>
			</fdd:other>
		</fdd:signifiersGroup>
	</fdd:fileTypeSignifiers>
	<fdd:notes>
		<fdd:general>
			<p>Annex A of the ISO_BMFF specification (both versions) provides a narrative overiew of the format and its structure.  Meanwhile, the specification for <fddLink id="fdd000127">MJP2_FF</fddLink> states that there is "a family of specifications with common formatting.  The other family members include the JPEG2000 single image format, JP2; the MPEG-4 file format, MP4; and the QuickTime file format, on which MP4 and this specification are based.  These specifications [for MJP2_FF] share a common definition for the structure of a file (a sequence of objects, called boxes here and atoms in MP4 and QuickTime), and a common definition of the general structure of an object (the size and type)."</p>
		</fdd:general>
		<fdd:history>As indicated in the preceding note, ISO_BMCC is derived from Apple's <fddLink id="fdd000052">QuickTime</fddLink>.  The Apple connection was celebrated in an item in MacWeek, February 16, 1998: "QuickTime received a ringing endorsement last week when a consortium of high-tech companies announced that the International Organization for Standardization, better known as ISO, had adopted QuickTime's file format as a centerpiece of MPEG-4, the forthcoming multimedia standard."  (<a href="http://www.findarticles.com/p/articles/mi_m0MWK/is_n7_v12/ai_20331478">http://www.findarticles.com/p/articles/mi_m0MWK/is_n7_v12/ai_20331478</a>)</fdd:history>
	</fdd:notes>
	<fdd:formatSpecifications>
		<fdd:citations>
			<fdd:citation>
				<fdd:specReference> ISO/IEC 14496-12:2003. Information technology -- Coding of audio-visual objects -- Part 12: ISO Base Media File Format. (Identical text to next entry)</fdd:specReference>
			</fdd:citation>
			<fdd:citation>
				<fdd:specReference> ISO/IEC 15444-12:2004.  Information technology -- JPEG 2000 image coding system -- Part 12: ISO base media file format. (Identical text to preceding entry)</fdd:specReference>
			</fdd:citation>
		</fdd:citations>
	</fdd:formatSpecifications>
	<fdd:usefulReferences>
		<fdd:urls>
			<fdd:url>
				<fdd:urlReference>
					<link>http://en.wikipedia.org/wiki/ISO_base_media_file_format</link>
					<tag>ISO BMFF entry in Wikipedia</tag>
				</fdd:urlReference>
			</fdd:url>
			<fdd:url>
				<fdd:urlReference>
					<link>http://mpeg.chiariglione.org/standards/mpeg-4/iso-base-media-file-format</link>
					<tag>ISO Base Media File Format (aka MPEG File Format)</tag>
					<comment>From website of MPEG working group.</comment>
				</fdd:urlReference>
			</fdd:url>
		</fdd:urls>
	</fdd:usefulReferences>
</fdd:FDD>
