<?xml version="1.0" encoding="UTF-8"?>
<fdd:FDD id="fdd000019" titleName="SPIFF, Still Picture Interchange File Format" shortName="SPIFF" xmlns:xsi="http://www.w3.org/2001/XMLSchema-instance" xmlns:fdd="http://www.loc.gov/preservation/digital/formats/schemas/fdd/v1" xsi:schemaLocation="http://www.loc.gov/preservation/digital/formats/schemas/fdd/v1 http://www.loc.gov/preservation/digital/formats/schemas/fdd/v1/fdd-v1-1.xsd">
	<fdd:properties>
		<fdd:gdfrGenreSelection>
			<fdd:gdfrGenre>still-image</fdd:gdfrGenre>
		</fdd:gdfrGenreSelection>
		<fdd:formatCategories>
			<fdd:category>file-format</fdd:category>
		</fdd:formatCategories>
		<fdd:gdfrComposition>unitary</fdd:gdfrComposition>
		<fdd:gdfrForm>binary</fdd:gdfrForm>
		<fdd:gdfrConstraint>unstructured</fdd:gdfrConstraint>
		<fdd:gdfrBasis>sampled</fdd:gdfrBasis>
		<fdd:updates>
			<fdd:date>2012-01-30</fdd:date>
		</fdd:updates>
		<fdd:draftStatus>Full</fdd:draftStatus>
	</fdd:properties>
	<fdd:identificationAndDescription>
		<fdd:fullName>ISO/IEC 10918-3:1994, Annex F. Still Picture Interchange File Format (SPIFF).</fdd:fullName>
		<fdd:keywords>
			<fdd:keyword>JPEG</fdd:keyword>
			<fdd:keyword>raster image formats</fdd:keyword>
		</fdd:keywords>
		<fdd:description>
			<p>File format that enables JPEG and other bitstreams to be exchanged between a wide variety of platforms and applications.  According to the specification, SPIFF "is designed to incorporate functionality found in some (ad hoc) image file formats (such as JFIF) . . . . it is intended that transcoding between any of these file formats and SPIFF should be simple." (p. 39)  For JPEG encodings, <fddLink id="fdd000018">JFIF_1_02</fddLink> is more widely adopted.</p>
			<p>Non-JPEG picture data types that may be wrapped by SPIFF are listed in the Relationships in this description. Regarding uncompressed image data, the specification states that it &quot;is stored in component interleaved format, encoded at BPS
[bits per sample] per sample. When BPS is not 8, sample values shall be packed into bytes so that no bits are
unused between samples.&quot;</p>
		</fdd:description>
		<fdd:shortDescription>File format that enables JPEG and other bitstreams to be exchanged between a wide variety of platforms and applications.  For JPEG encodings, JFIF_1_02 is more widely adopted. </fdd:shortDescription>
		<fdd:productionPhase>May be used in initial-state picture creation; more likely used for middle- and final-state archiving or end-user delivery.</fdd:productionPhase>
		<fdd:relationships>
			<fdd:relationship>
				<fdd:typeOfRelationship>May contain</fdd:typeOfRelationship>
				<fdd:relatedTo>
					<fdd:id>fdd000017</fdd:id>
					<fdd:shortName>JPEG</fdd:shortName>
					<fdd:titleName>JPEG Image Encoding Family</fdd:titleName>
				</fdd:relatedTo>
			</fdd:relationship>
			<fdd:relationship>
				<fdd:typeOfRelationship>May contain</fdd:typeOfRelationship>
				<fdd:relatedTo>
					<fdd:id>fdd000149</fdd:id>
					<fdd:shortName>JPEG_DCT_BL</fdd:shortName>
					<fdd:titleName>JPEG DCT Compression Encoding, Baseline</fdd:titleName>
				</fdd:relatedTo>
			</fdd:relationship>
			<fdd:relationship>
				<fdd:typeOfRelationship>May contain</fdd:typeOfRelationship>
				<fdd:relatedTo>
					<fdd:id>fdd000333</fdd:id>
					<fdd:shortName>JPEG_DCT_PRG</fdd:shortName>
					<fdd:titleName>JPEG DCT Compression Encoding, Progressive</fdd:titleName>
				</fdd:relatedTo>
			</fdd:relationship>
			<fdd:relationship>
				<fdd:typeOfRelationship>May contain</fdd:typeOfRelationship>
				<fdd:relatedTo>
					<fdd:id>fdd000150</fdd:id>
					<fdd:shortName>JPEG_EXT</fdd:shortName>
					<fdd:titleName>JPEG Compression Encoding, Extensions</fdd:titleName>
				</fdd:relatedTo>
			</fdd:relationship>
			<fdd:relationship>
				<fdd:typeOfRelationship>May contain</fdd:typeOfRelationship>
				<fdd:comment>JTIP, JPEG Tiled Image Pyramid Format, not described at this website at this time</fdd:comment>
			</fdd:relationship>
			<fdd:relationship>
				<fdd:typeOfRelationship>May contain</fdd:typeOfRelationship>
				<fdd:relatedTo>
					<fdd:id>fdd000334</fdd:id>
					<fdd:shortName>JPEG_orig_LL</fdd:shortName>
					<fdd:titleName>JPEG Original Lossless Compression (ISO/IEC 10918)</fdd:titleName>
				</fdd:relatedTo>
			</fdd:relationship>
			<fdd:relationship>
				<fdd:typeOfRelationship>May contain</fdd:typeOfRelationship>
				<fdd:relatedTo>
					<fdd:id>fdd000151</fdd:id>
					<fdd:shortName>JPEG-LS</fdd:shortName>
					<fdd:titleName>JPEG Lossless Compression (ISO/IEC 14495)</fdd:titleName>
				</fdd:relatedTo>
			</fdd:relationship>
			<fdd:relationship>
				<fdd:typeOfRelationship>May contain</fdd:typeOfRelationship>
				<fdd:comment>JBIG1 or JBIG2 Bitonal Image Encoding, not described at this website at this time</fdd:comment>
			</fdd:relationship>
			<fdd:relationship>
				<fdd:typeOfRelationship>May contain</fdd:typeOfRelationship>
				<fdd:comment>JBIG1 Bitonal Image Encoding, not described at this website at this time</fdd:comment>
			</fdd:relationship>
			<fdd:relationship>
				<fdd:typeOfRelationship>May contain</fdd:typeOfRelationship>
				<fdd:comment>Uncompressed picture data stored in component interleaved format.</fdd:comment>
			</fdd:relationship>
			<fdd:relationship>
				<fdd:typeOfRelationship>May contain</fdd:typeOfRelationship>
				<fdd:comment>MH (Modified Huffman), MR (Modified READ) and MMR (Modified Modified READ) compression, not documented at this website; MMR is used by <fddLink id="fdd000136">ITU_G4</fddLink> ITU-T "Group 4" FAX Compression (T.6)</fdd:comment>
			</fdd:relationship>
		</fdd:relationships>
	</fdd:identificationAndDescription>
	<fdd:localUse>
		<fdd:experience>See <fddLink id="fdd000017">JPEG</fddLink>
		</fdd:experience>
		<fdd:preference>See <fddLink id="fdd000017">JPEG</fddLink>
		</fdd:preference>
	</fdd:localUse>
	<fdd:sustainabilityFactors>
		<fdd:disclosure>Fully disclosed.  Published as international standard by the International Telecommunications Union (<a href="https://www.itu.int/en/">ITU</a>) and by ISO/IEC.  Developed by the Joint Photographic Experts Group (JPEG), formally known as ISO/IEC JTC 1/SC 29/WG 10.</fdd:disclosure>
		<fdd:documentation>ISO/IEC 10918-3:1997/Amd 1:1999, Annex F.  Also published as ITU-T Rec. T.84:1996, with Amd 1 1999.</fdd:documentation>
		<fdd:adoption>Appears not to be widely adopted; most producers create <fddLink id="fdd000018">JFIF_1_02</fddLink> files, which conform to the general file interchange specifications in ISO/IEC 10918-1:1994.</fdd:adoption>
		<fdd:licensingAndPatents>None on the file format; see <fddLink id="fdd000017">JPEG</fddLink> for patent claims on JPEG encoding.</fdd:licensingAndPatents>
		<fdd:transparency>Transparent.</fdd:transparency>
		<fdd:selfDocumentation>Limited techical metadata is provided in a file header (specification pp. 41-45).  For example, the BPS elements documents Bits Per Sample, while the C element uses these codes: 0=uncompressed, 1=modified Huffman, 2=modified Read, 3=modified modified Read, 4=JBIG, and 5=JPEG (apparently any encoding from parts 1 or 3 of ISO/IEC 10918-1 and -3). The specification also lists a set of descriptive-data tags (e.g., title, creator, copyright, etc.) in a discussion of directory entries.  (pp. 45 ff.)  See also the useful explanations in the <a href="http://www.fileformat.info/format/spiff/egff.htm">SPIFF article</a> from the <i>Encyclopedia of  Graphics File Formats</i>.</fdd:selfDocumentation>
		<fdd:externalDependencies>None.
		</fdd:externalDependencies>
		<fdd:techProtection>None.
		</fdd:techProtection>
	</fdd:sustainabilityFactors>
	<fdd:qualityAndFunctionalityFactors>
		<fdd:stillImageQF>
			<fdd:normalImage>Good support. The maximum image size is 4Gx4G pixels or 64Kx64K pixels for non-tiled baseline JPEG. </fdd:normalImage>
			<fdd:clarity>
				<p>Depends on the encoding of the image data; see encoding types listed under Relationships in the <a href="#identification">Identification and description</a> segment of this description. In contrast to <fddLink id="fdd000018">JFIF_1_02</fddLink>, SPIFF marks its files with the image&apos;s gamma value, a valuable fact when the data is interpreted for display or other output.</p>
				<p>SPIFF also supports the following forms of non-JPEG compression: MH, MR, MMR, and JBIG, as well as uncompressed.  The compilers of this website have not yet investigated the clarity issues associated with the four compression encodings.</p>
			</fdd:clarity>
			<fdd:colorMaint>The header does not support the recording of an ICC profile for the capture device. The header can contain a code for color spaces, including bi-level, three YCbCr spaces associated with ITU-T specifications BT 709 and BT 601-1, grayscale, PhotoYCC, RGB, CMY, CMYK, YCCK, and CIELab (specification, p. 44); the list does not include sRGB.<footNote id="1"/>
			</fdd:colorMaint>
			<fdd:graphics>No support for vector graphics.</fdd:graphics>
			<fdd:multispectral>Not investigated for this description.</fdd:multispectral>
			<fdd:beyondImage>Can store thumbnails along with a larger image.</fdd:beyondImage>
		</fdd:stillImageQF>
	</fdd:qualityAndFunctionalityFactors>
	<fdd:fileTypeSignifiers>
		<fdd:signifiersGroup>
			<fdd:filenameExtension>
				<fdd:sigValues>
					<fdd:sigValue>jpg</fdd:sigValue>
					<fdd:sigValue>jpeg</fdd:sigValue>
				</fdd:sigValues>
				<fdd:note>From the <a href="http://www.fileformat.info/format/spiff/egff.htm">SPIFF article</a> in the <i>Encyclopedia of Graphics File Formats</i>: "The SPIFF specification does not define a standard file extension . . . for SPIFF files. IJG [Independent JPEG Group] recommends that the extension ".JPG" . . . be used for SPIFF files containing lossy (DCT) JPEG-compressed data."<footNote id="2"/>
				</fdd:note>
			</fdd:filenameExtension>
			<fdd:filenameExtension>
				<fdd:sigValues>
					<fdd:sigValue>spf</fdd:sigValue>
					<fdd:sigValue>spiff</fdd:sigValue>
				</fdd:sigValues>
				<fdd:note>From the <a href="http://www.fileformat.info/format/spiff/egff.htm">SPIFF article</a> in the <i>Encyclopedia of Graphics File Formats</i>: "IJG recommends that the extension . . . ".SPF" be used for all [non-JPEG] variants of SPIFF. (Of course, the JBIG community might prefer a ".JBG" extension for SPIFF-JBIG files.)"  Meanwhile, the <a href="https://filext.com/">File Extension Source</a> (as consulted in February 2007), in an "unverified" entry, offers the extension <i>spiff</i>.</fdd:note>
			</fdd:filenameExtension>
			<fdd:filenameExtension>
				<fdd:sigValues>
					<fdd:sigValue>jls</fdd:sigValue>
				</fdd:sigValues>
				<fdd:note>For <fddLink id="fdd000151">JPEG-LS</fddLink> files, according to ISO/IEC 14495-1 and PRONOM (see <a href="http://www.nationalarchives.gov.uk/PRONOM/fmt/150">PUID: fmt/150</a>).</fdd:note>
			</fdd:filenameExtension>
			<fdd:internetMediaType>
				<fdd:sigValues>
					<fdd:sigValue>image/jpeg</fdd:sigValue>
				</fdd:sigValues>
				<fdd:note>From the <a href="http://www.fileformat.info/format/spiff/egff.htm">SPIFF article</a> in the <i>Encyclopedia of Graphics File Formats</i>: "IJG recommends that . . . 'JPEG' type indicator be used for SPIFF files containing lossy (DCT) JPEG-compressed data."</fdd:note>
			</fdd:internetMediaType>
			<fdd:magicNumbers>
				<fdd:sigValues>
					<fdd:sigValue>Hex: FF D8 FF E8 xx xx 53 50 49 46 46 00  </fdd:sigValue>
					<fdd:sigValue>ASCII: ÿØÿè..SPIFF</fdd:sigValue>
				</fdd:sigValues>
				<fdd:note>The 0xFF 0xD8 part of the string is universal to all JPEG encoded bitstreams; the remainder of the string is wrapper specific.  The ASCII rendering is from Gary Kessler's <a href="http://www.garykessler.net/library/file_sigs.html">File Signatures Table</a>.</fdd:note>
			</fdd:magicNumbers>
			<fdd:other>
				<fdd:tag>Pronom PUID</fdd:tag>
				<fdd:values>
					<fdd:sigValues>
						<fdd:sigValue>fmt/112</fdd:sigValue>
						<fdd:sigValue>fmt/113</fdd:sigValue>
					</fdd:sigValues>
					<fdd:note>See <a href="http://www.nationalarchives.gov.uk/PRONOM/fmt/112">http://www.nationalarchives.gov.uk/PRONOM/fmt/112</a> for SPIFF 1.0 and <a href="http://www.nationalarchives.gov.uk/PRONOM/fmt/113">http://www.nationalarchives.gov.uk/PRONOM/fmt/113</a> for SPIFF 2.0. Both records are outline only.</fdd:note>
				</fdd:values>
			</fdd:other>
			<fdd:other>
				<fdd:tag>Wikidata Title ID</fdd:tag>
				<fdd:values>
					<fdd:sigValues>
						<fdd:sigValue>Q26385770</fdd:sigValue>
					</fdd:sigValues>
					<fdd:note>See <a href="https://www.wikidata.org/wiki/Q26385770">https://www.wikidata.org/wiki/Q26385770</a>.
					</fdd:note>
				</fdd:values>
			</fdd:other>
		</fdd:signifiersGroup>
	</fdd:fileTypeSignifiers>
	<fdd:notes>
		<fdd:general>
			<p>Paraphrased from Murray and Vanryper's <i>Encylopedia of Graphics File Formats</i> (O'Reilly and Assoc, 1994, ISBN 1565920589): The JPEG bitstream stores 16-bit word values in big-endian format. JPEG data in general is stored as a stream of blocks, and each block is identified by a marker value.  The first two bytes of every JPEG stream are the Start Of Image (SOI) marker values FFh D8h. In a JFIF-compliant file there is a JFIF APP0 (Application) marker, immediately following the SOI, which consists of the marker code values FFh E0h and the characters JFIF in the marker data, as described in the next section. In addition to the JFIF marker segment, there may be one or more optional JFIF extension marker segments, followed by the actual image data.</p>
		</fdd:general>
	</fdd:notes>
	<fdd:formatSpecifications>
		<fdd:urls>
			<fdd:url>
				<fdd:urlReference>
					<link>https://www.itu.int/rec/T-REC-T.84/en</link>
					<tag>ITU-T Recommendation T.84 | ISO/IEC IS 10918-3</tag>
					<comment>Digital compression and coding of continuous-tone still images: Extensions, 1996.  Amd. 1, 1999.7, Am</comment>
				</fdd:urlReference>
			</fdd:url>
			<fdd:url>
				<fdd:urlReference>
					<link>https://web.archive.org/web/20111218193625/http://www.jpeg.org/public/spiff.pdf
</link>
					<tag>Annex 4 of ITU-T Recommendation T.84 | ISO/IEC IS 10918-3</tag>
					<comment>Describes the SPIFF file format.</comment>
				</fdd:urlReference>
			</fdd:url>
		</fdd:urls>
		<fdd:citations>
			<fdd:citation>
				<fdd:specReference>ISO/IEC 10918-3:1997. Information technology -- Digital compression and coding of continuous-tone still images: Extensions.  ISO catalog record at <a href="https://www.iso.org/standard/25037.html">https://www.iso.org/standard/25037.html</a>
				</fdd:specReference>
			</fdd:citation>
			<fdd:citation>
				<fdd:specReference>ISO/IEC 10918-3:1997/Amd 1:1999. Provisions to allow registration of new compression types and versions in the SPIFF header.  ISO catalog record at <a href="https://www.iso.org/standard/30961.html">https://www.iso.org/standard/30961.html</a>.</fdd:specReference>
			</fdd:citation>
			<fdd:citation>
				<fdd:specReference>ITU-T Rec. T.84:1996, with Amd 1 1999. Information technology – Digital compression and coding of continuous-tone still images: Extensions and Provisions to allow registration of new compression types and versions in the SPIFF header (same as ISO/IEC 10918-3, with Amd. 1).  Online at <a href="http://www.itu.int/rec/T-REC-T.84/en">https://www.itu.int/rec/T-REC-T.84/en</a>
				</fdd:specReference>
			</fdd:citation>
		</fdd:citations>
	</fdd:formatSpecifications>
	<fdd:usefulReferences>
		<fdd:urls>
			<fdd:url>
				<fdd:urlReference>
					<link>http://jhove.sourceforge.net/jpeg-hul.html</link>
					<tag>JHOVE JPEG-hul module documentation</tag>
				</fdd:urlReference>
			</fdd:url>
			<fdd:url>
				<fdd:urlGroup>
					<fdd:intro>The Encyclopedia of Graphic File Formats, 2nd Edition, 1996 (EGFF) has information on this format.  See print citation below.  Online access is available at:</fdd:intro>
					<fdd:urlList>
						<fdd:urlReference>
							<link>http://www.fileformat.info/format/spiff/egff.htm</link>
							<tag>EGFF: SPIFF File Format Summary
</tag>
							<comment>From FileFormat.Info.  This presentation states that the work has been released under a Creative Commons Attribution license.</comment>
						</fdd:urlReference>
					</fdd:urlList>
				</fdd:urlGroup>
			</fdd:url>
			<fdd:url>
				<fdd:urlReference>
					<link>http://www.nationalarchives.gov.uk/pronom/fmt/112</link>
					<tag>PRONOM entry for fmt/112</tag>
					<comment>Information in PRONOM from UK National Archives about SPIFF 1.0. PUID: fmt/112.</comment>
				</fdd:urlReference>
			</fdd:url>
			<fdd:url>
				<fdd:urlReference>
					<link>http://www.nationalarchives.gov.uk/pronom/fmt/113</link>
					<tag>PRONOM entry for fmt/113</tag>
					<comment>Information in PRONOM from UK National Archives about SPIFF 2.0. PUID: fmt/113.</comment>
				</fdd:urlReference>
			</fdd:url>
			<fdd:url>
				<fdd:urlReference>
					<link>https://www.wikidata.org/wiki/Q26385770</link>
					<tag>Wikidata entry for Q26385770</tag>
					<comment>Information in Wikidata about Still Picture Interchange File Format. Wikidata Title ID: Q26385770.</comment>
				</fdd:urlReference>
			</fdd:url>
		</fdd:urls>
		<fdd:citations>
			<fdd:citation>
				<fdd:bookReference>
					<bookRefDetail rel="au">Murray, James D.</bookRefDetail> and <bookRefDetail rel="au">William vanRyper</bookRefDetail>. <bookRefDetail rel="btitle">Encyclopedia of Graphics File Formats, 2nd Edition.</bookRefDetail> 
Sebastopol, CA. : O'Reilly &amp; Associates, <bookRefDetail rel="date">1996</bookRefDetail>. Includes CD-ROM with complete text of book, and copies of several file format specifications. </fdd:bookReference>
			</fdd:citation>
		</fdd:citations>
	</fdd:usefulReferences>
	<fdd:footNotes>
		<fdd:footNote id="1">
			<fdd:text>The color space sRGB, standardized as IEC 61966-2-1, establishes an image viewing environment with a known color temperature (6500 degrees Kelvin) and gamma (2.2), thus increasing the user's ability to maintain color when compared to unqualified RGB.</fdd:text>
		</fdd:footNote>
		<fdd:footNote id="2">
			<fdd:text>The <i>Encyclopedia</i> continues, "The file extension .JPG is already commonly used for JFIF-format JPEG files. However, properly written JFIF-compatible software should read SPIFF-JPEG files without difficulty. The SPIFF format has been carefully designed to make this possible by defining the magic numbers and length fields to make the SPIFF header look like a series of JPEG APPn markers, which old JPEG decoders will just ignore."</fdd:text>
		</fdd:footNote>
	</fdd:footNotes>
</fdd:FDD>
