<?xml version="1.0" encoding="UTF-8"?>
<fdd:FDD id="fdd000580" titleName="Extensible Forms Description Language " shortName="XFDL" xmlns:xsi="http://www.w3.org/2001/XMLSchema-instance" xmlns:fdd="http://www.loc.gov/preservation/digital/formats/schemas/fdd/v1" xsi:schemaLocation="http://www.loc.gov/preservation/digital/formats/schemas/fdd/v1 http://www.loc.gov/preservation/digital/formats/schemas/fdd/v1/fdd-v1-2.xsd">
	<fdd:properties>
		<fdd:gdfrGenreSelection>
			<fdd:gdfrGenre>text</fdd:gdfrGenre>
		</fdd:gdfrGenreSelection>
		<fdd:formatCategories>
			<fdd:category>file-format</fdd:category>
		</fdd:formatCategories>
		<fdd:updates>
			<fdd:date>2023-05-25</fdd:date>
		</fdd:updates>
		<fdd:draftStatus>Preliminary</fdd:draftStatus>
	</fdd:properties>
	<fdd:identificationAndDescription>
		<fdd:fullName>Extensible Forms Description Language</fdd:fullName>
		<fdd:keywords>
			<fdd:keyword>text formats</fdd:keyword>
			<fdd:keyword>structured data formats</fdd:keyword>
		</fdd:keywords>
		<fdd:description>
			<p>Extensible Forms Description Language (XFDL), as described on <a href="https://filext.com/file-extension/XFDL">FilExt.com</a> is an XML-based, specifically <fddLink id="fdd000263">XML_1.0</fddLink> language for creating digital forms, defining "the layout, form control, form validation, input constraints, and submission script for a single- or multi-page form...XFDL is mainly used to create and interchange digital forms between businesses and government agencies." <a href="https://en.wikipedia.org/wiki/Extensible_Forms_Description_Language">Extensible Forms Description Language Wikipedia</a> states, "XFDL offers precise control over form layout, permitting replacement of existing business/government forms with electronic documents in a human-readable, open standard."</p>
			<p>The <a href="https://www.w3.org/TR/NOTE-XFDL">Extensible Forms Description Language (XFDL) 4.0 W3C Note</a>, dated September 2, 1998, is the most current specification of XFDL found, see notes for more information. As stated in the XFDL Specification status, "This document is the initial draft of the specification of the XFDL facility. It is intended for review and comment and is subject to change. This document is a NOTE made available by the W3C for discussion only. This indicates no endorsement of its content, not that the Consortium has, is or will be allocating resources to the issues addressed by the NOTE. This document is a Submission to W3C from UWI Unisoft Wares Inc."</p>
			<p>The <a href="https://www.w3.org/TR/NOTE-XFDL#intro">XFDL Specification</a> describes the XFDL document forms using a class of XML, also the specification describes XFDL processor defined as "software programs that reads, processes, and writes <a href="https://www.w3.org/TR/NOTE-XFDL#origin">XFDL</a> forms," and the goals for the XFDL high-level computer language, including:</p>
			<ul>
				<li>Represents forms as single objects.</li>
				<li>Human-readable plain text.</li>
				<li>Public open standard.</li>
				<li>Syntax for inline mathematical/conditional expressions.</li>
				<li>Permit enclosure of arbitrary size and number of base-64 encoded binary files.</li>
				<li>Precision layout - represent and print dense business/government forms.</li>
				<li>Server-side processing via client-side validation and formatting.</li>
				<li>Extensibility including custom items and options.</li>
				<li>Comprehensive digital signature support.</li>
			</ul>
			<p>The <a href="https://www.w3.org/TR/NOTE-XFDL#struct-forms">XFDL Specification</a> describes the <b>Structure of XFDL forms:</b>
			</p>
			<ul>
				<li>Top-Level Structure:<ul>
						<li>root element = XFDL, has required version attribute (numeric dotted triplet - major, minor, and maintenance versions).</li>
						<li>May have scope identifiers (sid) attribute - scope identifier.</li>
						<li>XFDL elements - contains option elements, followed by page elements.</li>
						<li>form global options - option elements that occur before first page.<ul>
								<li>Typically contain whole form information or default option settings for page element content.</li>
							</ul>
						</li>
					</ul>
				</li>
				<li>page elements - contains page global options, followed by items elements.<ul>
						<li>Typically contain whole form information or default option settings for page element content, they take precedence over global options.</li>
						<li>Required to have a sid attribute.</li>
						<li>Multiple pages allow the users to view pages one at a time, where each page contains items describing the GUI widgets for users to switch pages, XFDL allows those items to be defined in the form for better control of page flow.</li>
					</ul>
				</li>
				<li>Items:<ul>
						<li>Single object in a page, can represent GUI widgets (buttons, popup lists, text fields).</li>
						<li>Other items carry information, such as an enclosed word processing document, a digital signature, or an application-specific job description.</li>
						<li>Can contain option elements, which define characteristics of the items.</li>
						<li>Each item is required to have a sid attribute.</li>
						<li>
							<a href="https://www.w3.org/TR/NOTE-XFDL#items">XFDL Specification</a> - has a partial list of items and their descriptions.</li>
					</ul>
				</li>
				<li>Options and Array Elements:<ul>
						<li>Options can appear as - global, page global, or the contents of items.<ul>
								<li>Defines a named attribute of item, page, or form.</li>
							</ul>
						</li>
					</ul>
				</li>
				<li>
					<a href="https://www.w3.org/TR/NOTE-XFDL#optionsand">XFDL Specification</a> - has a partial list of options and their descriptions.<ul>
						<li>Content can have one of three forms (identified by content attribute): simple character date (default), compute, or an array of subordinate XML elements.</li>
					</ul>
				</li>
				<li>Base-64 Encoding:<ul>
						<li>Mimedata option is used for storing base-64 binary data, such as digital signatures, images, or word or spreadsheet documents.</li>
						<li>Binary data may be long, XFDL processors <a href="https://en.wikipedia.org/wiki/Prettyprint">"pretty print"</a> lines of base-64.</li>
					</ul>
				</li>
				<li>Scope Identifiers (sid):<ul>
						<li>Identifies element/logical parent element.</li>
					</ul>
				</li>
				<li>Document Reproducibility:<ul>
						<li>XFDL processors expected to preserve XML prolog and epilog, XFDL element comments, and element attributes in start tags.</li>
						<li>XFDL processors must reproduce language components for digital signatures and saving/transmitting form.</li>
					</ul>
				</li>
			</ul>
			<p>The <a href="https://www.w3.org/TR/NOTE-XFDL#comps">XFDL Specification</a> describes the XFDL Compute System, defining an XFDL compute as "the default infix notation for expressing computation expressions." Syntax and operation of computes are described in the specification, including structure of mathematical and conditional expressions, quoted strings, and function calls.</p>
			<p>
				<a href="http://ftpmirror.your.org/pub/misc/ftp.software.ibm.com/software/WorkplaceForms/downloads/2.6.1_Doc/specs/xfdl.pdf">IBM Workplace Forms, XFDL Specification</a> states, "an XFDL compute is an expression that controls the character content of an element at or below the element depth of an XFDL option."</p>
			<p>
				<b>Uses of XDFL Forms:</b>
			</p>
			<p>According to <a href="https://en.wikipedia.org/wiki/Extensible_Forms_Description_Language">XFDL Wikipedia</a>, XFDL had many advantages that "led large organizations such as the United States Army and Air Force to migrate to XFDL from using forms in other formats. Later, though, the lack of portable software capable of creating XFDL led them to investigate moving away from it. The Army migrated to Adobe fillable PDFs in 2014."</p>
			<p>See Adoption for more information.</p>
		</fdd:description>
		<fdd:shortDescription>Extensible Forms Description Language (XFDL) is an XML-based language for creating digital forms, including layout, form control, form validation, input constraints, and submission script for a single- or multi-page form, mainly used to create legal and secure electronic forms.</fdd:shortDescription>
		<fdd:productionPhase>Can be used across any production phase: for creating XFDL digital forms (initial forms); for editing and review (middle state); and the interchange (final state) of business/government forms.</fdd:productionPhase>
		<fdd:relationships>
			<fdd:relationship>
				<fdd:typeOfRelationship>Defined via</fdd:typeOfRelationship>
				<fdd:relatedTo>
					<fdd:id>fdd000263</fdd:id>
					<fdd:shortName>XML_1.0</fdd:shortName>
					<fdd:titleName>Extensible Markup Language (XML) 1.0</fdd:titleName>
				</fdd:relatedTo>
				<fdd:comment>
					<a href="https://www.w3.org/TR/NOTE-XFDL#notation">XFDL Specification</a>, "XFDL instances are XML documents; the form definition is encoded using XML elements and attributes."  

<a href="https://www.w3.org/TR/NOTE-XFDL#1.2refs">XFDL Specification</a> references Extensible Markup Language (XML) 1.0. W3C Recommendation 10 FEB 1998. See <a href="https://www.w3.org/TR/1998/REC-xml-19980210">(https://www.w3.org/TR/1998/REC-xml-19980210).</a>
				</fdd:comment>
			</fdd:relationship>
		</fdd:relationships>
	</fdd:identificationAndDescription>
	<fdd:localUse>
		<fdd:experience>The Library of Congress has a small amount of XFDL files in its collections</fdd:experience>
		<fdd:preference>See the Library of Congress Recommended Formats Statement for format preferences for <a href="https://www.loc.gov/preservation/resources/rfs/text.html">textual works</a>.</fdd:preference>
	</fdd:localUse>
	<fdd:sustainabilityFactors>
		<fdd:disclosure>Publicly Accessible Open Standard. As stated in the <a href="https://www.w3.org/TR/NOTE-XFDL#origin">XFDL Specification</a>, "The current design goals of XFDL are to create a high-level computer language that is a publicly accessible open standard...This version of the XFDL specification may be distributed freely, as long as all text and notices remain intact."  
		</fdd:disclosure>
		<fdd:documentation>
			<p>
				<a href="https://www.w3.org/TR/NOTE-XFDL">Extensible Forms Description Language (XFDL) 4.0 | W2C Note, September 2, 1998.</a>  See <a href="https://www.w3.org/TR/NOTE-XFDL">(https://www.w3.org/TR/NOTE-XFDL)</a>.</p>
			<p>"This document is the initial draft of the specification of the XFDL facility. It is intended for review and comment and is subject to change. This document is a NOTE made available by the W3C for discussion only. This indicates no endorsement of its content, not that the Consortium has, is or will be allocating resources to the issues addressed by the NOTE."</p>
		</fdd:documentation>
		<fdd:adoption>
			<p>According to Mel Hawthorne in the article, <a href="https://www.technipages.com/xfdl-files/">What are XFDL Files?</a>, January 2020, "This is a variation of the XML file type that was created by an IBM-owned company for use with secure electronic forms. These files are often used in business or government settings where the secure transfer of data is absolutely necessary - they can also find use in online transactions where, once again, security is paramount."</p>
			<p>
				<a href="https://open-file.org/">Open-File.org's</a>
				<a href="https://open-file.org/xfdl/">Open XFDL File page</a>, August 2020, states XFDL files "are able to securely send and receive those XML documents which are legally binding. These files are used vastly in the field of e-commerce due to legal technicalities and the important security reasons...It is the secured form of the XML files...These files are also used to store the standardized and interchangeable types of business forms."</p>
			<p>Audrey Goodwin in <a href="https://www.wondershare.com/">WonderShare.com's</a> article, <a href="https://pdf.wondershare.com/pdf-knowledge/convert-xfdl-to-pdf.html">Learn How to Easily Convert XFDL to PDF</a>, April 2023, states "Due to their XML features, the XFDL format was adopted by a large number of organizations such as the US Army, Airforce, and Navy. Although with time and improvements in PDF document format, a number of organizations are switching from XFDL to PDF converter."</p>
			<ul>
				<li>Users can convert XFDL Files to PDF <a href="https://pdf.wondershare.com/pdf-knowledge/convert-xfdl-to-pdf.html#1">using a PDF print driver</a> or <a href="https://pdf.wondershare.com/pdf-knowledge/convert-xfdl-to-pdf.html#2">online file converters</a>.<ul>
						<li>Online converters include: <a href="https://www.101convert.com/">101Convert</a>, <a href="https://www.dochub.com/en/functionalities/convert-xfdl-to-pdf">DocHub</a>, and <a href="https://www.pdffiller.com/en/functionality/convert-pdf-to-xfdl-online.htm">PDFFiller</a>.</li>
					</ul>
				</li>
				<li>
					<a href="https://armypubs.army.mil/News/pdf/XFDL_PDF.pdf">VBS Script Tool</a> - can copy IBM XFDL file to Adobe PDF</li>
				<li>
					<a href="https://www.signnow.com/fill-and-sign-pdf-form/7919-lotus-forms-viewer-download">SignNow.com</a> and <a href="https://fileproinfo.com/free-viewer/xfdl">FileProInfo.com</a> offer online XFDL Viewers.</li>
			</ul>
			<p>
				<a href="https://www.loc.gov/preservation/digital/formats/contact_format.shtml"> Comments welcome</a>.</p>
		</fdd:adoption>
		<fdd:licensingAndPatents>
			<p>No known license or patent concerns for generation and use of the format.</p>
			<p>
				<a href="https://www.loc.gov/preservation/digital/formats/contact_format.shtml"> Comments welcome</a>.</p>
		</fdd:licensingAndPatents>
		<fdd:transparency>
			<p>XML is human-readable and designed for straightforward automatic parsing. </p>
			<p>As stated in the <a href="https://www.w3.org/TR/NOTE-XFDL#origin">XFDL Specification</a>, "The current design goals of XFDL are to create a high-level computer language that is a human readable plain text...To increase human readability, XFDL supports multiline string continuation."  </p>
			<p>
				<a href="https://www.loc.gov/preservation/digital/formats/contact_format.shtml"> Comments welcome</a>.</p>
		</fdd:transparency>
		<fdd:selfDocumentation>
			<p>Little to no information found on XFDL's support of metadata. As stated in <a href="https://www.w3.org/TR/NOTE-XFDL#base64">XFDL Specification</a>, "In XFDL, the mimedata option is used to store base-64 encoded binary data such as digital signatures, images, enclosed word processing or spreadsheet documents, etc. Base-64 encoding uses no characters that are illegal in character data, so mimedata content can be stored in a mimedata option element as simple character data. The only caveat is that since binary data tends to be long, XFDL processors are expected to "pretty print" the lines of base 64 using tabs, spaces and linefeeds such that the content appears to be indented with respect to the mimedata tags in text editors that wrap lines after 80 characters. However, since XML preserves whitespace in element content, base-64 decoders for XFDL must be able to ignore an arbitrary amount of whitespace in the data."</p>
			<p>
				<a href="https://www.loc.gov/preservation/digital/formats/contact_format.shtml">Comments welcome</a>.</p>
		</fdd:selfDocumentation>
		<fdd:externalDependencies>
			<p>None. As stated in the <a href="https://www.w3.org/TR/NOTE-XFDL#origin">XFDL Specification</a>, a design goal of XFDL for creating a "high-level computer language that represents forms as single objects without dependencies on externally defined entities." </p>
			<p>
				<a href="https://www.loc.gov/preservation/digital/formats/contact_format.shtml"> Comments welcome</a>.</p>
		</fdd:externalDependencies>
		<fdd:techProtection>
			<p>
				<a href="https://www.iana.org/assignments/media-types/application/vnd.xfdl">IANA.org XFDL Security Considerations</a>: "XFDL (Extensible Forms Description Language) is an XML-based language designed to represent complex business forms on the Web. XFDL includes support for multiple overlapping digital signatures, and auditable transaction records. We believe that XFDL can provide full non-repudiation of contractual forms. Protecting the privacy of an XFDL document during transmission is done using common http encryption techniques. Some thought has been given to providing a built-in system on encryption to protect the privacy of XFDL document while they reside in a file system, but no such system exists at this time."</p>
			<p>
				<a href="https://www.loc.gov/preservation/digital/formats/contact_format.shtml">Comments welcome</a>.</p>
		</fdd:techProtection>
	</fdd:sustainabilityFactors>
	<fdd:qualityAndFunctionalityFactors>
		<fdd:textQF>
			<fdd:normalText>
				<p>Some support. As stated in the <a href="https://www.w3.org/TR/NOTE-XFDL#notation">XFDL Specification</a>, "XFDL instances are XML documents; the form definition is encoded using XML elements and attributes. In addition, XFDL imposes many constraints on the contents of the elements and the values of the attributes."  </p>
				<ul>
					<li>Nesting/Sequence Relationships between Elements/Attributes are given, where possible, in DTD Notation.</li>
					<li>Constraints on element content/attributes values are given in BNF notation, XML specification.</li>
					<li>"XFDL allows the insertion of arbitrary non-XFDL elements in certain well-defined places."</li>
					<li>"The lexical structure of a sid differs from the XML language rule Name, which used to define the lexical structure of attribute values of type ID. The dash, period, and colon are not permitted in a sid due to conflicts with their use as the subtraction symbol, relative scope membership operator, and ternary conditional operator (?:), respectively. The lexical structure of a sid is not designed as a replacement for the XML ID feature, which assigns a globally unique name to an element."</li>
				</ul>
				<p>
					<a href="https://www.loc.gov/preservation/digital/formats/contact_format.shtml">Comments welcome</a>.</p>
			</fdd:normalText>
			<fdd:structure>
				<p>Some support. The <a href="https://www.w3.org/TR/NOTE-XFDL#origin">XFDL Specification</a> states the design goal of XFDL for creating a "high-level computer language that offers precision layout needed to represent and print dense business/government forms."</p>
				<p>Little to no information found on document navigation.</p>
				<p>
					<a href="https://www.loc.gov/preservation/digital/formats/contact_format.shtml">Comments welcome</a>.</p>
			</fdd:structure>
			<fdd:layout>
				<p>Some support. As stated in the <a href="https://www.w3.org/TR/NOTE-XFDL#notation">XFDL Specification</a>, "XFDL requires comprehensive presentation control and data typing machinery. This document describes a set of elements and attributes that meet these requirements. It may be the case that the presentation controls can be replaced by a W3C-specified stylesheet facility; however, it is not clear which one should be used for this purpose...Similarly, it is almost certainly the case that XFDL's data typing controls can and should be replaced by a W3C-standardized set of data type specifiers when one becomes available." </p>
				<p>
					<a href="https://www.loc.gov/preservation/digital/formats/contact_format.shtml">Comments welcome</a>.</p>
			</fdd:layout>
			<fdd:mathDiag>
				<p>Some support. As described in the <a href="https://www.w3.org/TR/NOTE-XFDL#structure">XFDL Specification</a>, XFDL computes can be either mathematical or conditional expressions. A 'Decision' is the first part, "Decision is capable of performing comparisons on the results of mathematical expressions...A mathematical expression, denoted Expr, can include addition, subtraction, string concatenation, multiplication, division, integer modulus, unary minus, and exponentiation. All mathematical operators are left associative except unary minus and exponentiation. Further, proper order of operations is observed. Parentheses can be used to override the order of operations as shown in the non-terminal Value." </p>
				<p>
					<a href="https://www.loc.gov/preservation/digital/formats/contact_format.shtml">Comments welcome</a>.</p>
			</fdd:mathDiag>
			<fdd:beyondText>
				<p>None.</p>
				<p>
					<a href="https://www.loc.gov/preservation/digital/formats/contact_format.shtml">Comments welcome</a>.</p>
			</fdd:beyondText>
		</fdd:textQF>
	</fdd:qualityAndFunctionalityFactors>
	<fdd:fileTypeSignifiers>
		<fdd:signifiersGroup>
			<fdd:filenameExtension>
				<fdd:sigValues>
					<fdd:sigValue>xfdl</fdd:sigValue>
				</fdd:sigValues>
				<fdd:note>Per IANA.org XFDL. See <a href="">(https://www.iana.org/assignments/media-types/application/vnd.xfdl)</a>.</fdd:note>
			</fdd:filenameExtension>
			<fdd:filenameExtension>
				<fdd:sigValues>
					<fdd:sigValue>xfd</fdd:sigValue>
				</fdd:sigValues>
				<fdd:note>Per IANA.org XFDL. See <a href="">(https://www.iana.org/assignments/media-types/application/vnd.xfdl)</a>. See <a href="#notes">Notes</a> for more information.</fdd:note>
			</fdd:filenameExtension>
			<fdd:filenameExtension>
				<fdd:sigValues>
					<fdd:sigValue>frm</fdd:sigValue>
				</fdd:sigValues>
				<fdd:note>Per IANA.org XFDL. See <a href="">(https://www.iana.org/assignments/media-types/application/vnd.xfdl)</a>. See <a href="#notes">Notes</a> for more information.</fdd:note>
			</fdd:filenameExtension>
			<fdd:internetMediaType>
				<fdd:sigValues>
					<fdd:sigValue>application/vnd.xfdl</fdd:sigValue>
				</fdd:sigValues>
				<fdd:note>Per IANA.org XFDL. See <a href="https://www.iana.org/assignments/media-types/application/vnd.xfdl">(https://www.iana.org/assignments/media-types/application/vnd.xfdl)</a>.</fdd:note>
			</fdd:internetMediaType>
			<fdd:internetMediaType>
				<fdd:sigValues>
					<fdd:sigValue>application/xml</fdd:sigValue>
				</fdd:sigValues>
				<fdd:note>Per XFDL Wikipedia. See <a href="https://en.wikipedia.org/wiki/Extensible_Forms_Description_Language">(https://en.wikipedia.org/wiki/Extensible_Forms_Description_Language)</a>.</fdd:note>
			</fdd:internetMediaType>
			<fdd:internetMediaType>
				<fdd:sigValues>
					<fdd:sigValue>text/xml (deprecated)</fdd:sigValue>
				</fdd:sigValues>
				<fdd:note>Per XFDL Wikipedia. See <a href="https://en.wikipedia.org/wiki/Extensible_Forms_Description_Language">(https://en.wikipedia.org/wiki/Extensible_Forms_Description_Language)</a>.</fdd:note>
			</fdd:internetMediaType>
			<fdd:other>
				<fdd:tag>Pronom PUID</fdd:tag>
				<fdd:values>
					<fdd:sigValueNA>See note.</fdd:sigValueNA>
					<fdd:note>No PRONOM PUID as of May 2023</fdd:note>
				</fdd:values>
			</fdd:other>
			<fdd:other>
				<fdd:tag>Wikidata Title ID</fdd:tag>
				<fdd:values>
					<fdd:sigValueNA>See note.</fdd:sigValueNA>
					<fdd:note>No Wikidata entry as of May 2023.</fdd:note>
				</fdd:values>
			</fdd:other>
		</fdd:signifiersGroup>
	</fdd:fileTypeSignifiers>
	<fdd:notes>
		<fdd:general>
			<p>
				<b>Specifications:</b>
			</p>
			<p>
				<a href="https://en.wikipedia.org/wiki/Extensible_Forms_Description_Language">XFDL Wikipedia</a> states "See specifications below for links to current versions of XFDL," but links are expired or error in connecting.</p>
			<p>Extensible Forms Description Language (XFDL) 8.0 See <a href="https://www.ibm.com/docs/en/forms/8.1.0?topic=SSS28S_8.1.0/XFDL/xfdl_overview.htm">(https://www.ibm.com/support/knowledgecenter/en/SSS28S_8.1.0/XFDL/xfdl_overview.html)</a>.  <a href="https://www.ibm.com/docs/en/forms/8.1.0?topic=SSS28S_8.1.0/XFDL/xfdl_overview.htm">Link</a> states, "Product version no longer published."</p>
			<p>Extensible Forms Description Language (XFDL) 7.7 See <a href="http://publib.boulder.ibm.com/infocenter/forms/v3r5m1/topic/com.ibm.form.designer.xfdl.doc/XFDL%20Specification%207.7.pdf">(http://publib.boulder.ibm.com/infocenter/forms/v3r5m1/topic/com.ibm.form.designer.xfdl.doc/XFDL%20Specification%207.7.pdf)</a>. Page errors when connecting. Internet archive, January 2022, "Got an HTTP 301 response at crawl time." See <a href="https://web.archive.org/web/20220120205543/https://www.ibm.com/support/knowledgecenter/api/redirect/forms/v3r5m1/topic/com.ibm.form.designer.xfdl.doc/XFDL%20Specification%207.7.pdf">(https://web.archive.org/web/20220120205543/https://www.ibm.com/support/knowledgecenter/api/redirect/forms/v3r5m1/topic/com.ibm.form.designer.xfdl.doc/XFDL%20Specification%207.7.pdf)</a>.</p>
			<p>
				<a href="https://www.loc.gov/preservation/digital/formats/contact_format.shtml">Comments welcome</a>.</p>
			<p>
				<b>File Extensions:</b>
			</p>
			<p>As stated on <a href="https://www.file-extension.org/">File-Extension.org's</a>
				<a href="https://www.file-extension.org/extensions/xfd">What is a XFD file?</a>, "XFD is a Microsoft Windows-exclusive format used by now-discontinued software application IBM Lotus Forms Viewer. XFD format used the XFDL format and saves data as plain text." XFDL Specification does not mention this extension.</p>
			<p>The <a href="https://www.w3.org/TR/NOTE-XFDL#filename">XFDL Specification</a> defines the Option 'filename' as a string identifying the name of the enclosed file with usage notes: "To ensure cross-platform compatibility, limit form names to a maximum of eight characters, followed by a .frm extension." FRM extension is not mentioned elsewhere in the XFDL Specification.</p>
			<p>According to the <a href="https://www.sec.gov/info/edgar/xfdltechspecv12.pdf">EDGAR Technical Specification</a>, December 2010, Filer-Constructed File Format section provides requirements for creating XFDL files, stating "a filer-constructed file submission file name must end with an .xfd, xfdl, or .frm extension. We recommend the .xfd extension, since several commercial software products use the .frm file type (for example, Visual Basic). Under Microsoft Windows, a user may find the .frm file type already registered with another software program on his workstation."</p>
			<ul>
				<li>
					<a href="https://www.sec.gov/info/edgar/xfdltechspecv12.pdf">EDGAR Technical Specification Purpose</a>: "The EDGARLink portion of the Electronic Data Gathering, Analysis, and Retrieval (EDGAR) web-based filing environment is based on the PureEdge (formerly UWI.COM) Extensible Forms Description Language (XFDL) forms specification, which is an extension of the Extensible Markup Language (XML) specification."</li>
			</ul>
			<p>
				<a href="https://leap.hcldoc.com/help/topic/SSS28S_8.2.1/welcome/IBM-Forms-welcome.html">IBM Forms 8.2.1</a> provides information on installing, maintaining, and using IBM Forms, including <a href="https://www.ibm.com/support/pages/download-ibm-forms-designer-82">IBM Forms Designer</a>, <a href="https://www.ibm.com/support/pages/download-ibm-forms-server-82">IBM Forms Server</a>, and <a href="https://www.ibm.com/support/pages/download-ibm-forms-viewer-82">IBM Forms Viewer</a>. It also provides a XFDL Specification (very similar to W3C XFDL Specification, but not exact). The Form Names and Extensions section states, "To ensure cross-platform compatibility, form names should avoid the use of characters that are illegal under popular operating systems or in URLs. Form names should also include the .xfdl extension. The extension .xfd can also be used, but it should be avoided if possible."</p>
			<p>
				<a href="https://en.wikipedia.org/wiki/XFD">XFD Wikipedia</a> has XFD listed as "a filename extension sometimes used for the files in the Extensible Forms Description Language."</p>
			<p>
				<a href="https://www.loc.gov/preservation/digital/formats/contact_format.shtml">Comments welcome</a>.</p>
		</fdd:general>
		<fdd:history>
			Audrey Goodwin in the article, <a href="https://pdf.wondershare.com/pdf-knowledge/convert-xfdl-to-pdf.html">Learn How to Easily Convert XFDL to PDF</a>, states, "XFDL file format was developed from Universal Forms Description Language (UFDL). UFDL was developed by Pure Edge Solutions forms during 1990s for working with forms." 

			<a href="https://www.crunchbase.com/">Crunchbase.com</a>
			<a href="https://www.crunchbase.com/organization/pureedge-solutions">Company Profile of PureEdge Solutions</a> states, "PureEdge Solutions, Inc. was formerly known as UWI.Com. The company was founded in 1993 and is headquartered in Victoria, Canada with additional offices in the United States...IBM acquired PureEdge August 5, 2005."  
			
			As described on <a href="http://xml.coverpages.org/index.html">XML.CoverPages.org</a>, <a href="http://xml.coverpages.org/xfdlPress980817.html">UWI.com Unveils First XML-Based Protocol for Complex Business Forms on the Web</a>, August 17, 1998, UWI.com unveiled XFDL, "the first open, XML-based protocol for creating, viewing, and filling complex business forms on the Internet. XFDL was authored by UWI.Com and Tim Bray, co-editor of the XML specification...Because XFDL is based on the public XML standard that was approved by the <a href="https://www.w3.org/">World Wide Web Consortium (W3C)</a>, users of XFDL forms are not locked into a proprietary vendor format. UWI.Com, an emphatic supporter of open standards, is a member of the W3C and actively supports the standards process." 
		</fdd:history>
	</fdd:notes>
	<fdd:formatSpecifications>
		<fdd:urls>
			<fdd:url>
				<fdd:urlReference>
					<link>https://www.w3.org/TR/NOTE-XFDL</link>
					<tag>Extensible Forms Description Language (XFDL) 4.0 | W2C Note, September 2, 1998</tag>
				</fdd:urlReference>
			</fdd:url>
		</fdd:urls>
	</fdd:formatSpecifications>
	<fdd:usefulReferences>
		<fdd:urls>
			<fdd:url>
				<fdd:urlGroup>
					<fdd:intro>W3C.org</fdd:intro>
					<fdd:urlList>
						<fdd:urlReference>
							<link>https://www.w3.org/TR/NOTE-XFDL</link>
							<tag>Extensible Forms Description Language (XFDL) 4.0 | W2C Note</tag>
						</fdd:urlReference>
						<fdd:urlReference>
							<link>https://www.w3.org/TR/1998/REC-xml-19980210</link>
							<tag>Extensible Markup Language (XML) 1.0</tag>
						</fdd:urlReference>
					</fdd:urlList>
				</fdd:urlGroup>
			</fdd:url>
			<fdd:url>
				<fdd:urlGroup>
					<fdd:intro>Wikipedia.org</fdd:intro>
					<fdd:urlList>
						<fdd:urlReference>
							<link>https://en.wikipedia.org/wiki/Extensible_Forms_Description_Language</link>
							<tag>Extensible Forms Description Language</tag>
						</fdd:urlReference>
						<fdd:urlReference>
							<link>https://en.wikipedia.org/wiki/XFD</link>
							<tag>XFD</tag>
						</fdd:urlReference>
						<fdd:urlReference>
							<link>https://en.wikipedia.org/wiki/Infix_notation</link>
							<tag>Infix Notation</tag>
						</fdd:urlReference>
						<fdd:urlReference>
							<link>https://en.wikipedia.org/wiki/Prettyprint</link>
							<tag>Prettyprint</tag>
						</fdd:urlReference>
					</fdd:urlList>
				</fdd:urlGroup>
			</fdd:url>
			<fdd:url>
				<fdd:urlGroup>
					<fdd:intro>IBM.com</fdd:intro>
					<fdd:urlList>
						<fdd:urlReference>
							<link>https://www.ibm.com/docs/en/forms/8.1.0?topic=SSS28S_8.1.0/XFDL/xfdl_overview.htm</link>
							<tag>IBM Forms 8.1.0</tag>
						</fdd:urlReference>
						<fdd:urlReference>
							<link>https://www.ibm.com/support/pages/download-ibm-forms-designer-82</link>
							<tag>Download IBM Forms Designer 8.2</tag>
						</fdd:urlReference>
						<fdd:urlReference>
							<link>https://www.ibm.com/support/pages/download-ibm-forms-server-82</link>
							<tag>Download IBM Forms Server 8.2</tag>
						</fdd:urlReference>
						<fdd:urlReference>
							<link>https://www.ibm.com/support/pages/download-ibm-forms-viewer-82</link>
							<tag>Download IBM Forms Viewer 8.2</tag>
						</fdd:urlReference>
					</fdd:urlList>
				</fdd:urlGroup>
			</fdd:url>
			<fdd:url>
				<fdd:urlReference>
					<link>http://ftpmirror.your.org/pub/misc/ftp.software.ibm.com/software/WorkplaceForms/downloads/2.6.1_Doc/specs/xfdl.pdf</link>
					<tag>IBM Workplace Forms - XFDL Specification</tag>
				</fdd:urlReference>
			</fdd:url>
			<fdd:url>
				<fdd:urlReference>
					<link>https://leap.hcldoc.com/help/topic/SSS28S_8.2.1/welcome/IBM-Forms-welcome.html </link>
					<tag>HCLDoc.com - IBM Forms 8.2.1</tag>
				</fdd:urlReference>
			</fdd:url>
			<fdd:url>
				<fdd:urlReference>
					<link>https://armypubs.army.mil/News/pdf/XFDL_PDF.pdf</link>
					<tag>ArmyPubs.Army.mil - Converting IBM Lotus Forms Viewer (.XFDL) File to Adobe PDF Format in Batches</tag>
				</fdd:urlReference>
			</fdd:url>
			<fdd:url>
				<fdd:urlReference>
					<link>https://www.crunchbase.com/organization/pureedge-solutions</link>
					<tag>CrunchBase.com - PureEdge Solutions</tag>
				</fdd:urlReference>
			</fdd:url>
			<fdd:url>
				<fdd:urlReference>
					<link>https://www.crunchbase.com/organization/pureedge-solutions</link>
					<tag>CoverPages.org - UWI.com Unveils First XML-Based Protocol for Complex Business Forms on the Web</tag>
				</fdd:urlReference>
			</fdd:url>
			<fdd:url>
				<fdd:urlReference>
					<link>https://learn.microsoft.com/en-us/sql/odbc/microsoft-open-database-connectivity-odbc?view=sql-server-ver16</link>
					<tag>Microsoft.com - Microsoft Open Database Connectivity (ODBC)</tag>
				</fdd:urlReference>
			</fdd:url>
			<fdd:url>
				<fdd:urlReference>
					<link>https://www.technipages.com/xfdl-files/</link>
					<tag>TechniPages.com - What are XFDL Files?</tag>
				</fdd:urlReference>
			</fdd:url>
			<fdd:url>
				<fdd:urlReference>
					<link>https://pdf.wondershare.com/pdf-knowledge/convert-xfdl-to-pdf.html</link>
					<tag>Wondershare.com - Learn How to Easily Convert XFDL to PDF</tag>
				</fdd:urlReference>
			</fdd:url>
			<fdd:url>
				<fdd:urlReference>
					<link>https://www.iana.org/assignments/media-types/application/vnd.xfdl </link>
					<tag>IANA.org - Request for MIME media type Application/Vendor Tree - vnd.xfdl</tag>
				</fdd:urlReference>
			</fdd:url>
			<fdd:url>
				<fdd:urlReference>
					<link>https://open-file.org/xfdl/</link>
					<tag>Open-File.org - Open XFDL File</tag>
				</fdd:urlReference>
			</fdd:url>
			<fdd:url>
				<fdd:urlReference>
					<link>https://filext.com/file-extension/XFDL</link>
					<tag>FilExt.com - All About XFDL Files</tag>
				</fdd:urlReference>
			</fdd:url>
			<fdd:url>
				<fdd:urlReference>
					<link>https://www.file-extension.org/extensions/xfd</link>
					<tag>File-Extension.org - What is a XFDL File?</tag>
				</fdd:urlReference>
			</fdd:url>
			<fdd:url>
				<fdd:urlReference>
					<link>https://www.sec.gov/info/edgar/xfdltechspecv12.pdf</link>
					<tag>EDGAR XFDL Technical Specification</tag>
				</fdd:urlReference>
			</fdd:url>
			<fdd:url>
				<fdd:urlReference>
					<link>https://www.101convert.com/</link>
					<tag>101Convert.com - File Conversion</tag>
				</fdd:urlReference>
			</fdd:url>
			<fdd:url>
				<fdd:urlReference>
					<link>https://www.dochub.com/en/functionalities/convert-xfdl-to-pdf</link>
					<tag>DocHub.com - Online File Converter</tag>
				</fdd:urlReference>
			</fdd:url>
			<fdd:url>
				<fdd:urlReference>
					<link>https://www.signnow.com/fill-and-sign-pdf-form/7919-lotus-forms-viewer-download</link>
					<tag>SignNow.Com - Online XFDL Form Viewer</tag>
				</fdd:urlReference>
			</fdd:url>
			<fdd:url>
				<fdd:urlReference>
					<link>https://fileproinfo.com/free-viewer/xfdl</link>
					<tag>FileProInfo.com - Open XFDL Online</tag>
				</fdd:urlReference>
			</fdd:url>
		</fdd:urls>
	</fdd:usefulReferences>
</fdd:FDD>
