<?xml version="1.0" encoding="UTF-8"?>
<fdd:FDD id="fdd000043" titleName="Scalable Vector Graphics (SVG) Tiny, Version 1.2" shortName="SVG_Tiny_1_2" xmlns:xsi="http://www.w3.org/2001/XMLSchema-instance" xmlns:fdd="http://www.loc.gov/preservation/digital/formats/schemas/fdd/v1" xsi:schemaLocation="http://www.loc.gov/preservation/digital/formats/schemas/fdd/v1 http://www.loc.gov/preservation/digital/formats/schemas/fdd/v1/fdd-v1-1.xsd">
	<fdd:properties>
		<fdd:gdfrGenreSelection>
			<fdd:gdfrGenre>still-image</fdd:gdfrGenre>
		</fdd:gdfrGenreSelection>
		<fdd:formatCategories>
			<fdd:category>encoding</fdd:category>
			<fdd:category>file-format</fdd:category>
		</fdd:formatCategories>
		<fdd:gdfrComposition>unitary</fdd:gdfrComposition>
		<fdd:gdfrForm>text</fdd:gdfrForm>
		<fdd:gdfrConstraint>structured</fdd:gdfrConstraint>
		<fdd:gdfrBasis>symbolic</fdd:gdfrBasis>
		<fdd:updates>
			<fdd:date>2015-10-19</fdd:date>
		</fdd:updates>
		<fdd:draftStatus>Preliminary</fdd:draftStatus>
	</fdd:properties>
	<fdd:identificationAndDescription>
		<fdd:fullName>Scalable Vector Graphics (SVG) Tiny, Version 1.2</fdd:fullName>
		<fdd:keywords>
			<fdd:keyword>vector graphic formats</fdd:keyword>
		</fdd:keywords>
		<fdd:description>
			<p>SVG 1.2 Tiny (referred to on this site as SVG_Tiny_1_2) is a profile of <fddLink id="fdd000020">SVG_1_1</fddLink> intended for implementation on a range of devices, including cellphones and PDAs.  SVG_Tiny_1_2 includes a subset of the features included in SVG_1_1, along with new features to extend the capabilities of SVG.  SVG_1_1 (SVG 1.1) is sometimes referred to as &quot;SVG 1.1 Full&quot; on W3C SVG pages.  The <a href="http://www.w3.org/TR/SVGMobile12/">specification</a> says, &quot;this specification represents the core for a set of modular extensions, but is named SVG Tiny for historical reasons, as a profile for mobile devices. Future versions of this specification will maintain backwards compatibility with previous versions of the language, in a continuing line of technology, but will bear the name &apos;SVG Core&apos; to represent this relationship.&quot;</p>
			<p>SVG_Tiny_1_2 can be validated using a normative RelaxNG schema.  This is in contrast to SVG_1_1,for which an XML DTD was provided.</p>
			<p>According to <a href="https://helpx.adobe.com/illustrator/using/saving-artwork.html#save_in_svg_format">Adobe
Illustrator Help -- Saving artwork: Save in SVG format</a>, SVG Tiny does not support gradients, transparency, clipping, masks, symbols, patterns, underline text, strike through text, vertical text, or SVG filter effects.</p>
			<p>SVG_Tiny_1_2 may include animation; see <a href="#notes">Notes</a> below.</p>
		</fdd:description>
		<fdd:shortDescription>SVG 1.2 Tiny is a profile of SVG intended for implementation on a range of devices, including cellphones and PDAs.  SVG is a language for describing two-dimensional graphics in XML.</fdd:shortDescription>
		<fdd:productionPhase>Generally a final-state (end-user delivery) format. </fdd:productionPhase>
		<fdd:relationships>
			<fdd:relationship>
				<fdd:typeOfRelationship>Subtype of</fdd:typeOfRelationship>
				<fdd:relatedTo>
					<fdd:id>fdd000075</fdd:id>
					<fdd:shortName>XML</fdd:shortName>
					<fdd:titleName>XML (EXtensible Markup Language)</fdd:titleName>
				</fdd:relatedTo>
			</fdd:relationship>
			<fdd:relationship>
				<fdd:typeOfRelationship>Modification of</fdd:typeOfRelationship>
				<fdd:relatedTo>
					<fdd:id>fdd000020</fdd:id>
					<fdd:shortName>SVG_1_1</fdd:shortName>
					<fdd:titleName>Scalable Vector Graphics (SVG), Version 1.1</fdd:titleName>
				</fdd:relatedTo>
			</fdd:relationship>
			<fdd:relationship>
				<fdd:typeOfRelationship>Has earlier version</fdd:typeOfRelationship>
				<fdd:comment>
					<p>SVG Tiny 1.1, not described separately on this Web site.  SVG Tiny 1.2 is a backwards compatible upgrade to SVG Tiny 1.1.</p>
				</fdd:comment>
			</fdd:relationship>
			<fdd:relationship>
				<fdd:typeOfRelationship>Other</fdd:typeOfRelationship>
				<fdd:comment>Scalable Vector Graphics (SVG), Version 2.0. As of September 2015, a working draft is available at <a href="http://www.w3.org/TR/SVG2/">http://www.w3.org/TR/SVG2/</a>. Not described at this Web site at this time.</fdd:comment>
			</fdd:relationship>
		</fdd:relationships>
	</fdd:identificationAndDescription>
	<fdd:localUse>
		<fdd:experience>None</fdd:experience>
		<fdd:preference>None</fdd:preference>
	</fdd:localUse>
	<fdd:sustainabilityFactors>
		<fdd:disclosure>Open standard from W3C.</fdd:disclosure>
		<fdd:documentation>
			<a href="http://www.w3.org/TR/SVGMobile12/">Scalable Vector Graphics (SVG) Tiny 1.2 Specification</a>, published as a W3C Recommendation on 22 December 2008.  SVG document instances must conform to the <a href="http://www.w3.org/TR/SVGMobile12/schema.html">RelaxNG Schema for SVG Tiny 1.2</a> in Appendix N.</fdd:documentation>
		<fdd:adoption>
			<p>See <fddLink id="fdd000020">SVG_1_1</fddLink>.</p>
			<p>In 2013, <a href="http://benfrain.com/tips-for-using-svgs-in-web-projects/">Ben Frain reported</a>, &quot;Furthermore, whilst ‘Tiny 1.2′ is widely supported on mobile devices (including iOS) good ol’ Microsoft don’t support it. Even IE10 on Surface does NOT support SVG Tiny 1.2 profile.&quot;</p>
		</fdd:adoption>
		<fdd:licensingAndPatents>No special issues.  As of October 2015, the SVG Working Group was not aware of any royalty-bearing patents they believe to be essential to SVG.  See <a href="http://www.w3.org/2004/01/pp-impl/19480/status">SVG Working Group Patent Policy Status</a>
		</fdd:licensingAndPatents>
		<fdd:transparency>Based on XML, hence inherently transparent.
		</fdd:transparency>
		<fdd:selfDocumentation>Includes &lt;metadata&gt; element designed to hold elements from other XML namespaces.  Hence an SVG file can contain rich descriptive or administrative metadata using any other DTD or schema.</fdd:selfDocumentation>
		<fdd:externalDependencies>None.</fdd:externalDependencies>
		<fdd:techProtection>No issues.</fdd:techProtection>
	</fdd:sustainabilityFactors>
	<fdd:qualityAndFunctionalityFactors>
		<fdd:stillImageQF>
			<fdd:normalImage>Good support.</fdd:normalImage>
			<fdd:clarity>Scalable.  Optional settings for rendering hints: <i>crispEdges</i> and <i>geometricPrecision</i>.</fdd:clarity>
			<fdd:colorMaint>For SVG_Tiny_1_2, colors are specified in the sRGB color space.  ICC Profiles do not appear to be supported in this profile of SVG.</fdd:colorMaint>
			<fdd:graphics>Rich support for capabilities found in &quot;draw&quot; and &quot;paint&quot; programs.</fdd:graphics>
			<fdd:multispectral>Not applicable.</fdd:multispectral>
			<fdd:beyondImage>Support for animations; embedded audio and video; text in alternate languages for labels; interactivity such as localized zooming and panning; external links, etc.</fdd:beyondImage>
		</fdd:stillImageQF>
	</fdd:qualityAndFunctionalityFactors>
	<fdd:fileTypeSignifiers>
		<fdd:signifiersGroup>
			<fdd:filenameExtension>
				<fdd:sigValues>
					<fdd:sigValue>svg</fdd:sigValue>
					<fdd:sigValue>svgz</fdd:sigValue>
				</fdd:sigValues>
				<fdd:note>Specification recommends that gzip-compressed SVG files have the extension &quot;.svgz&quot; (all lowercase) on all platforms.</fdd:note>
			</fdd:filenameExtension>
			<fdd:internetMediaType>
				<fdd:sigValues>
					<fdd:sigValue>image/svg+xml</fdd:sigValue>
				</fdd:sigValues>
				<fdd:note>Proposed in standards documentation.</fdd:note>
			</fdd:internetMediaType>
			<fdd:other>
				<fdd:tag>Mac OS file type</fdd:tag>
				<fdd:values>
					<fdd:sigValues>
						<fdd:sigValue>svg </fdd:sigValue>
					</fdd:sigValues>
					<fdd:note>Specification recommends that SVG files stored on Macintosh file systems be given a file type of &quot;svg &quot; (all lowercase, with a space character as the fourth letter).</fdd:note>
				</fdd:values>
			</fdd:other>
			<fdd:other>
				<fdd:tag>Pronom PUID</fdd:tag>
				<fdd:values>
					<fdd:sigValues>
						<fdd:sigValue>fmt/413</fdd:sigValue>
					</fdd:sigValues>
					<fdd:note>See <a href="http://www.nationalarchives.gov.uk/PRONOM/fmt/413">http://www.nationalarchives.gov.uk/PRONOM/fmt/413</a>.</fdd:note>
				</fdd:values>
			</fdd:other>
		</fdd:signifiersGroup>
	</fdd:fileTypeSignifiers>
	<fdd:notes>
		<fdd:general>
			<p>
				<b>Sample SVG_Tiny_1_1 file.</b>  Notice <i>version</i> and <i>baseProfile</i> attributes.</p>
			<p>&lt;?xml version=&quot;1.0&quot;?&gt;<br/>&lt;svg xmlns=&quot;http://www.w3.org/2000/svg&quot; version=&quot;1.2&quot; baseProfile=&quot;tiny&quot;
viewBox=&quot;0 0 30 30&quot;&gt;<br/>&lt;desc&gt;Example SVG file&lt;/desc&gt;<br/>&lt;rect x=&quot;10&quot; y=&quot;10&quot; width=&quot;10&quot; height=&quot;10&quot; fill=&quot;red&quot;/&gt;<br/>&lt;/svg&gt;</p>
			<p>
				<b>Animations in SVG:</b> Animations can be defined and triggered either declaratively (i.e., by embedding SVG animation elements in SVG content) or via scripting.  SVG Tiny 1.2 incorporates some features from the Synchronized Multimedia Integration Language (SMIL) 2.1 Specification [SMIL21], including the &apos;prefetch&apos; and &apos;switch&apos; elements, the &apos;systemLanguage&apos; attribute, animation features (see Animation) and the ability to reference audio and video media (see Multimedia). SVG&apos;s animation features incorporate and extend the general-purpose XML animation capabilities described in SMIL 2.1. In addition, SVG Tiny 1.2 has been designed to allow SMIL 2.1 to use animated or static SVG content as media components. See also <fddLink id="fdd000020">SVG_1_1</fddLink>.</p>
		</fdd:general>
		<fdd:history>
			<p>To quote from the SVG_Tiny_1_2 specification:</p>
			<p>"Industry demand, overwhelming support in the SVG working group and requests from the SVG developer community established the need for some form of SVG suited to displaying vector graphics on small devices. Moreover, the mission statement of SVG 1.0 specifically addressed small devices as a target area for vector graphics display. In order to meet these demands the SVG Working Group created a profile specification that was suitable for use on mobile devices as well as on desktops. The Mobile SVG Profiles specification [SVGM11] (also known as SVG Mobile 1.1) addressed that requirement and defined two profiles to deal with the variety of mobile devices having different characteristics in terms of CPU speed, memory size, and color support. The SVG Mobile 1.1 specification defined SVG Tiny (SVGT) 1.1, suitable for highly restricted mobile devices; it also defined a second profile, SVG Basic (SVGB) 1.1, targeted for higher level mobile devices. The major difference between SVG Tiny 1.1 and SVG Basic 1.1 was the absence of scripting and styling in SVG 1.1 Tiny, and thus any requirement to maintain a Document Object Model (DOM). This saved a substantial amount of memory in most implementations.
<br/>
Experience with SVG Tiny 1.1, which was widely adopted in the industry and shipped as standard on a variety of cellphones, indicated that the profile was a little too restrictive in some areas. Features from SVG 1.1 such as gradients and opacity were seen to have substantial value for creating attractive content, and were shown to be implementable on cellphones. There was also considerable interest in adding audio and video capabilities, building on the SMIL support in SVG Tiny 1.1.
<br/>
Advances such as DOM Level 3, which introduces namespace support and value normalization, prompted a second look at the use of programming languages and scripting with SVG Tiny. In conjunction with the Java JSR 226 group [JSR226], a lightweight interface called the Micro DOM, or uDOM, was developed. This could be, but need not be, implemented on top of DOM Level 3. With this advance, lightweight programmatic control of SVG (for example, for games or user interfaces) and use with scripting languages, became feasible on the whole range of platforms from cellphones through to desktops. In consequence, there is only a single Mobile profile for SVG 1.2: SVG Tiny 1.2."</p>
			<p>The SVG Tiny 1.2 added features requested by SVG authors, implementors and users of SVG Tiny 1.1, not described separately on this Web site.  SVG Tiny 1.2 is a backwards compatible upgrade to SVG Tiny 1.1.  SVG Tiny 1.1 content will render the same in conformant SVG Tiny 1.2 user agents as it did in conformant SVG Tiny 1.1 user agents.</p>
			<p>See <fddLink id="fdd000020">SVG_1_1</fddLink> for history of SVG in general.</p>
		</fdd:history>
	</fdd:notes>
	<fdd:formatSpecifications>
		<fdd:urls>
			<fdd:url>
				<fdd:urlReference>
					<link>http://www.w3.org/TR/SVGMobile12/</link>
					<tag>Scalable Vector Graphics (SVG) Tiny 1.2 Specification, W3C Recommendation 22 December 2008</tag>
					<comment>A form of SVG suited to displaying vector graphics on small devices.  </comment>
				</fdd:urlReference>
			</fdd:url>
			<fdd:url>
				<fdd:urlReference>
					<link>http://www.w3.org/2008/12/REC-SVGTiny12-20081222-errata.html</link>
					<tag>Scalable Vector Graphics (SVG) Tiny 1.2 Specification Errata</tag>
					<comment>Includes no normative corrections as of October 2015.</comment>
				</fdd:urlReference>
			</fdd:url>
		</fdd:urls>
	</fdd:formatSpecifications>
	<fdd:usefulReferences>
		<fdd:urls>
			<fdd:url>
				<fdd:urlReference>
					<link>http://www.w3.org/Graphics/SVG/</link>
					<tag>Scalable Vector Graphics (SVG)</tag>
					<comment>Information for the SVG user community.</comment>
				</fdd:urlReference>
			</fdd:url>
			<fdd:url>
				<fdd:urlReference>
					<link>http://www.w3.org/TR/SVG11/</link>
					<tag>Scalable Vector Graphics (SVG) 1.1 (Second Edition)</tag>
				</fdd:urlReference>
			</fdd:url>
			<fdd:url>
				<fdd:urlReference>
					<link>http://www.w3.org/TR/SVGMobile/</link>
					<tag>Mobile SVG Profiles: SVG Tiny (1.1) and SVG Basic.  </tag>
					<comment>W3C Recommendation 14 January 2003, edited in place 15 June 2009</comment>
				</fdd:urlReference>
			</fdd:url>
			<fdd:url>
				<fdd:urlReference>
					<link>http://www.w3.org/TR/SVG12/</link>
					<tag>2005 working draft of Scalable Vector Graphics (SVG) 1.2 Specification</tag>
					<comment>Work on SVG 1.2 Full appears to have been abandoned soon after this.</comment>
				</fdd:urlReference>
			</fdd:url>
			<fdd:url>
				<fdd:urlReference>
					<link>http://www.w3.org/TR/SVG/animate</link>
					<tag>W3C SVG animation specifications</tag>
				</fdd:urlReference>
			</fdd:url>
			<fdd:url>
				<fdd:urlReference>
					<link>https://en.wikipedia.org/wiki/Scalable_Vector_Graphics</link>
					<tag>Wikipedia article Scalable Vector Graphics</tag>
				</fdd:urlReference>
			</fdd:url>
			<fdd:url>
				<fdd:urlReference>
					<link>http://www.adobe.com/devnet/svg.html</link>
					<tag>Adobe SVG Developer Center</tag>
					<comment>Adobe supports SVG in many products and provides tutorials and other forms of support.</comment>
				</fdd:urlReference>
			</fdd:url>
			<fdd:url>
				<fdd:urlReference>
					<link>https://helpx.adobe.com/illustrator/using/saving-artwork.html#save_in_svg_format</link>
					<tag>Save in SVG format.  From Help files for Adobe Illustrator.</tag>
				</fdd:urlReference>
			</fdd:url>
			<fdd:url>
				<fdd:urlReference>
					<link>http://benfrain.com/tips-for-using-svgs-in-web-projects/</link>
					<tag>Tips for using SVGs in web projects</tag>
				</fdd:urlReference>
			</fdd:url>
			<fdd:url>
				<fdd:urlReference>
					<link>http://www.ietf.org/rfc/rfc3023.txt</link>
					<tag>XML Media Types</tag>
					<comment>Section 8.19 concerns SVG.</comment>
				</fdd:urlReference>
			</fdd:url>
			<fdd:url>
				<fdd:urlReference>
					<link>http://www.w3.org/Graphics/SVG/WG/wiki/SVG2_Planning_Page</link>
					<tag>SVG2 Planning Page</tag>
					<comment>From W3C.</comment>
				</fdd:urlReference>
			</fdd:url>
			<fdd:url>
				<fdd:urlReference>
					<link>http://apps.nationalarchives.gov.uk/pronom/fmt/413</link>
					<tag>PRONOM entry for fmt/413</tag>
					<comment>Information in PRONOM from UK National Archives about Scalable Vector Graphics Tiny, version 1.2. PUID: fmt/413.</comment>
				</fdd:urlReference>
			</fdd:url>
			<fdd:url>
				<fdd:urlGroup>
					<fdd:intro>See also <fddLink id="fdd000020">SVG_1_1</fddLink>
					</fdd:intro>
				</fdd:urlGroup>
			</fdd:url>
		</fdd:urls>
	</fdd:usefulReferences>
</fdd:FDD>
