<?xml version="1.0" encoding="UTF-8"?>
<fdd:FDD id="fdd000117" titleName="Ogg Vorbis Audio Format" shortName="Ogg_Vorbis" xmlns:xsi="http://www.w3.org/2001/XMLSchema-instance" xmlns:fdd="http://www.loc.gov/preservation/digital/formats/schemas/fdd/v1" xsi:schemaLocation="http://www.loc.gov/preservation/digital/formats/schemas/fdd/v1 http://www.loc.gov/preservation/digital/formats/schemas/fdd/v1/fdd-v1-1.xsd">
	<fdd:properties>
		<fdd:gdfrGenreSelection>
			<fdd:gdfrGenre>sound</fdd:gdfrGenre>
		</fdd:gdfrGenreSelection>
		<fdd:formatCategories>
			<fdd:category>file-format</fdd:category>
			<fdd:category>encoding</fdd:category>
		</fdd:formatCategories>
		<fdd:gdfrForm>binary</fdd:gdfrForm>
		<fdd:gdfrBasis>sampled</fdd:gdfrBasis>
		<fdd:updates>
			<fdd:date>2023-06-12</fdd:date>
		</fdd:updates>
		<fdd:draftStatus>Full</fdd:draftStatus>
	</fdd:properties>
	<fdd:identificationAndDescription>
		<fdd:fullName>Ogg Vorbis Audio Format</fdd:fullName>
		<fdd:keywords>
			<fdd:keyword>audio formats</fdd:keyword>
		</fdd:keywords>
		<fdd:description>Bitstream encoding and file format designed for efficient distribution of sound files over moderate bandwidth connections; Vorbis encoding may be used at higher data rates for better fidelity.</fdd:description>
		<fdd:shortDescription>Bitstream encoding and file format designed for efficient distribution of sound files over moderate bandwidth connections.</fdd:shortDescription>
		<fdd:productionPhase>Generally used for final-state, end-user delivery.</fdd:productionPhase>
		<fdd:relationships>
			<fdd:relationship>
				<fdd:typeOfRelationship>Subtype of</fdd:typeOfRelationship>
				<fdd:relatedTo>
					<fdd:id>fdd000026</fdd:id>
					<fdd:shortName>Ogg</fdd:shortName>
					<fdd:titleName>Ogg File Format</fdd:titleName>
				</fdd:relatedTo>
			</fdd:relationship>
			<fdd:relationship>
				<fdd:typeOfRelationship>Contains</fdd:typeOfRelationship>
				<fdd:relatedTo>
					<fdd:id>fdd000109</fdd:id>
					<fdd:shortName>Vorbis_I</fdd:shortName>
					<fdd:titleName>Vorbis Audio Codec, Version I</fdd:titleName>
				</fdd:relatedTo>
			</fdd:relationship>
		</fdd:relationships>
	</fdd:identificationAndDescription>
	<fdd:localUse>
		<fdd:experience>The Library of Congress has a small amount of Ogg Vorbis files in its collections.</fdd:experience>
		<fdd:preference>See the Library of Congress Recommended Formats Statement for format preferences for <a href="https://www.loc.gov/preservation/resources/rfs/audio.html">Audio Works</a>.</fdd:preference>
	</fdd:localUse>
	<fdd:sustainabilityFactors>
		<fdd:disclosure>Fully documented. Developed by <a href="">xiph</a> as an open source and patent-free project.</fdd:disclosure>
		<fdd:documentation>Menu of <a href="https://www.xiph.org/vorbis/doc/">relevant Xiph documents</a>.  See also <a href="fdd000026.shtml">Ogg</a> and <a href="fdd000109.shtml">Vorbis_I</a>.</fdd:documentation>
		<fdd:adoption>Applications include <a href="https://wiki.xiph.org/VorbisStreams">streaming broadcasts</a> (&quot;oggcasts&quot;) and <a href="https://wiki.xiph.org/GamesThatUseVorbis">computer games</a>.  Recorded books in this format are offered by <a href="http://www.telltaleweekly.org/">Telltale Weekly</a>. Additional note: In August 2007, one specialist in the field reported that the <a href="https://whatwg.org/">Web Hypertext Application Technology Working Group</a>, promoters of improved HTML implementations, has endorsed the use of xiph specifications, especially Vorbis and Theora, for the <i>video</i> element. According to this source, &quot;This means that user agents will have the Ogg libraries native, and that external codecs or plugins won&apos;t be required for end user playback.  I&apos;m hoping the <i>audio</i> element will also have Ogg support by default.&quot; <a href="../contact_format.shtml">Comments welcome</a>.</fdd:adoption>
		<fdd:licensingAndPatents>None.</fdd:licensingAndPatents>
		<fdd:transparency>See <fddLink id="fdd000109">Vorbis_I</fddLink>
		</fdd:transparency>
		<fdd:selfDocumentation>See <fddLink id="fdd000026">Ogg</fddLink> and <fddLink id="fdd000109">Vorbis_I</fddLink>.</fdd:selfDocumentation>
		<fdd:externalDependencies>Surround sound requires appropriate amplifier and loudspeakers or headphone.</fdd:externalDependencies>
		<fdd:techProtection>None known to the compilers of this document.</fdd:techProtection>
	</fdd:sustainabilityFactors>
	<fdd:qualityAndFunctionalityFactors>
		<fdd:soundQF>
			<fdd:normalSound>Good support.</fdd:normalSound>
			<fdd:fidelity>See <fddLink id="fdd000109">Vorbis_I</fddLink>.</fdd:fidelity>
			<fdd:channels>See <fddLink id="fdd000109">Vorbis_I</fddLink>.</fdd:channels>
			<fdd:samples>See <fddLink id="fdd000109">Vorbis_I</fddLink>.</fdd:samples>
			<fdd:beyondSound>See <fddLink id="fdd000109">Vorbis_I</fddLink> and <fddLink id="fdd000026">Ogg</fddLink>.</fdd:beyondSound>
		</fdd:soundQF>
	</fdd:qualityAndFunctionalityFactors>
	<fdd:fileTypeSignifiers>
		<fdd:signifiersGroup>
			<fdd:filenameExtension>
				<fdd:sigValues>
					<fdd:sigValue>ogg</fdd:sigValue>
				</fdd:sigValues>
				<fdd:note>From <a href="https://filext.com/">The File Extension Source</a>.</fdd:note>
			</fdd:filenameExtension>
			<fdd:internetMediaType>
				<fdd:sigValues>
					<fdd:sigValue>application/ogg</fdd:sigValue>
				</fdd:sigValues>
				<fdd:note>From <a href="http://www.vorbis.com/faq/">http://www.vorbis.com/faq/</a>.</fdd:note>
			</fdd:internetMediaType>
			<fdd:internetMediaType>
				<fdd:sigValues>
					<fdd:sigValue>audio/x-ogg</fdd:sigValue>
					<fdd:sigValue>application/x-ogg</fdd:sigValue>
				</fdd:sigValues>
				<fdd:note>From <a href="https://filext.com/">The File Extension Source</a>.</fdd:note>
			</fdd:internetMediaType>
			<fdd:internetMediaType>
				<fdd:sigValues>
					<fdd:sigValue>audio/vorbis
</fdd:sigValue>
				</fdd:sigValues>
				<fdd:note>From <a href="https://en.wikipedia.org/wiki/Vorbis">https://en.wikipedia.org/wiki/Vorbis</a>.</fdd:note>
			</fdd:internetMediaType>
			<fdd:magicNumbers>
				<fdd:sigValueNA>See related format.</fdd:sigValueNA>
				<fdd:note>See <fddLink id="fdd000026">Ogg</fddLink>.</fdd:note>
			</fdd:magicNumbers>
		</fdd:signifiersGroup>
	</fdd:fileTypeSignifiers>
	<fdd:formatSpecifications>
		<fdd:urls>
			<fdd:url>
				<fdd:urlReference>
					<link>https://www.xiph.org/vorbis/doc/</link>
					<tag>Menu of relevant Xiph documents</tag>
				</fdd:urlReference>
			</fdd:url>
		</fdd:urls>
	</fdd:formatSpecifications>
	<fdd:usefulReferences>
		<fdd:urls>
			<fdd:url>
				<fdd:urlReference>
					<link>https://wiki.xiph.org/VorbisStreams</link>
					<tag>About Vorbis streams</tag>
				</fdd:urlReference>
			</fdd:url>
			<fdd:url>
				<fdd:urlReference>
					<link>https://wiki.xiph.org/GamesThatUseVorbis</link>
					<tag>About Vorbis in games</tag>
				</fdd:urlReference>
			</fdd:url>
			<fdd:url>
				<fdd:urlReference>
					<link>http://www.telltaleweekly.org/</link>
					<tag>Telltale Weekly</tag>
					<comment>Site offering audiobooks in Ogg Vorbis format.</comment>
				</fdd:urlReference>
			</fdd:url>
			<fdd:url>
				<fdd:urlReference>
					<link>https://en.wikipedia.org/wiki/Vorbis</link>
					<tag>Wikipedia entry for Vorbis. </tag>
				</fdd:urlReference>
			</fdd:url>
		</fdd:urls>
	</fdd:usefulReferences>
</fdd:FDD>
