<?xml version="1.0" encoding="UTF-8"?>
<fdd:FDD id="fdd000256" titleName="DTB (Digital Talking Book), NLS extension for AMR-WB+ Speech Codec" shortName="DTB_2002_NLS" xmlns:xsi="http://www.w3.org/2001/XMLSchema-instance" xmlns:fdd="http://www.loc.gov/preservation/digital/formats/schemas/fdd/v1" xsi:schemaLocation="http://www.loc.gov/preservation/digital/formats/schemas/fdd/v1 http://www.loc.gov/preservation/digital/formats/schemas/fdd/v1/fdd-v1-1.xsd">
	<fdd:properties>
		<fdd:gdfrGenreSelection>
			<fdd:gdfrGenres>
				<fdd:gdfrGenre>sound</fdd:gdfrGenre>
				<fdd:gdfrGenre>text</fdd:gdfrGenre>
			</fdd:gdfrGenres>
		</fdd:gdfrGenreSelection>
		<fdd:formatCategories>
			<fdd:category>encoding</fdd:category>
			<fdd:category>file-format</fdd:category>
		</fdd:formatCategories>
		<fdd:gdfrComposition>container-bundle</fdd:gdfrComposition>
		<fdd:gdfrForm>text</fdd:gdfrForm>
		<fdd:gdfrConstraint>structured</fdd:gdfrConstraint>
		<fdd:gdfrBasis>symbolic</fdd:gdfrBasis>
		<fdd:updates>
			<fdd:date>2009-04-30</fdd:date>
		</fdd:updates>
		<fdd:draftStatus>Partial</fdd:draftStatus>
	</fdd:properties>
	<fdd:identificationAndDescription>
		<fdd:fullName>NLS modification to ANSI/NISO Digital Talking Book specification to include AMR-WB+ Codec</fdd:fullName>
		<fdd:keywords>
			<fdd:keyword>digital book formats</fdd:keyword>
			<fdd:keyword>audio book formats</fdd:keyword>
		</fdd:keywords>
		<fdd:description>Modification of <fddLink id="fdd000053">DTB</fddLink> (NISO Digital Talking Book Standard, ANSI/NISO Z39.86-2002), which defines the format and content of the electronic file set that comprises a digital talking book (DTB) and establishes a limited set of requirements for DTB playback devices. The Library of Congress specification extends the NISO standard by adding the option to use <fddLink id="fdd000253">AMR-WB+</fddLink> compressed audio coding.</fdd:description>
		<fdd:shortDescription>Modification of DTB (NISO Digital Talking Book Standard, ANSI/NISO Z39.86-2002), to add the option to use AMR-WB+ compressed audio coding.</fdd:shortDescription>
		<fdd:productionPhase>This bundle of files is likely to be used primarily as a middle-state format, with dissemination to end-users managed through publishers or aggregators who provide in a form appropriate for viewers/players that enforce limitations on access and use consistent with terms imposed by copyright holders.</fdd:productionPhase>
		<fdd:relationships>
			<fdd:relationship>
				<fdd:typeOfRelationship>Contains</fdd:typeOfRelationship>
				<fdd:relatedTo>
					<fdd:id>fdd000054</fdd:id>
					<fdd:shortName>OEBPS_1_0</fdd:shortName>
					<fdd:titleName>OEBPS, Open Ebook Forum Publication Structure 1.0.1</fdd:titleName>
				</fdd:relatedTo>
			</fdd:relationship>
			<fdd:relationship>
				<fdd:typeOfRelationship>Defined via</fdd:typeOfRelationship>
				<fdd:relatedTo>
					<fdd:id>fdd000076</fdd:id>
					<fdd:shortName>XML_DTD</fdd:shortName>
					<fdd:titleName>XML Document Type Definition (DTD)</fdd:titleName>
				</fdd:relatedTo>
			</fdd:relationship>
			<fdd:relationship>
				<fdd:typeOfRelationship>Contains</fdd:typeOfRelationship>
				<fdd:relatedTo>
					<fdd:id>fdd000253</fdd:id>
					<fdd:shortName>AMR-WB+</fdd:shortName>
					<fdd:titleName>AMR-WB+, Extended Adaptive Multi-Rate - Wideband Speech Codec</fdd:titleName>
				</fdd:relatedTo>
			</fdd:relationship>
			<fdd:relationship>
				<fdd:typeOfRelationship>Modification of</fdd:typeOfRelationship>
				<fdd:relatedTo>
					<fdd:id>fdd000053</fdd:id>
					<fdd:shortName>DTB_2002</fdd:shortName>
					<fdd:titleName>DTB (Digital Talking Book), 2002</fdd:titleName>
				</fdd:relatedTo>
				<fdd:comment>Main specification omits AMR-WB+ speech codec </fdd:comment>
			</fdd:relationship>
		</fdd:relationships>
	</fdd:identificationAndDescription>
	<fdd:localUse>
		<fdd:experience>The National Library Service for the Blind and Physically Handicapped (NLS), which is part of LC, is developing this standard and produces books to this specification.  See <a href="http://www.loc.gov/nls/businessplan/businessplan2006.html">Current Strategic Business Plan for the Implementation of Digital Systems</a>, September 2006.</fdd:experience>
		<fdd:preference>Preferred format for digital talking books.  A <fddLink id="fdd000053">DTB</fddLink> or DTB_2002_NLS incorporating the full text of a work is among the acceptable XML-based formats for textual works, assuming no encryption or DRM is applied.</fdd:preference>
	</fdd:localUse>
	<fdd:sustainabilityFactors>
		<fdd:disclosure>Open standard
		</fdd:disclosure>
		<fdd:documentation>For the DTB: <a href="http://www.niso.org/workrooms/daisy/Z39-86-2002.html">ANSI/NISO Z39.86-2002. Specifications for the Digital Talking Book</a>, ISSN: 1041-5653.  Information about the extension: <a href="http://www.loc.gov/nls/businessplan/businessplan2006.html">Current Strategic Business Plan for the Implementation of Digital Systems</a>, September 2006.  See also <fddLink id="fdd000253">AMR-WB+</fddLink> for links to the audio codec specification.
		</fdd:documentation>
		<fdd:adoption>The National Library Service for the Blind and Physically Handicapped (NLS) is using the extended version of the DTB standard for all production of talking books.  As of April 2009, none of the NLS talking books include full text and there are no plans to produce books with full text.
		</fdd:adoption>
		<fdd:licensingAndPatents>None
		</fdd:licensingAndPatents>
		<fdd:transparency>See information on the encoding formats employed for the files that comprise a DTB file set: <fddLink id="fdd000075">XML</fddLink>, <fddLink id="fdd000253">AMR-WB+</fddLink>. XML rates highly for transparency.
For the audio, the master WAV format file used in the production process is more transparent.		</fdd:transparency>
		<fdd:selfDocumentation>The Package file can include Dublin Core metadata and an extended set of elements intended to record information about rights and the provenance and generation of the talking book from a source text.
		</fdd:selfDocumentation>
		<fdd:externalDependencies>None.  The format is designed to support effective use of special hardware and software players for the visually impaired, but does not require them.
		</fdd:externalDependencies>
		<fdd:techProtection>None in relation to the sets of files that comply with the ANSI/NISO Z39.86-2002 specification.  Digital Talking Books from NLS will be distributed to end users via mechanisms that do impose technical protections.  Hence it is probable that LC will need to receive such files direct from publisher or aggregator by a special transmittal process rather than by harvesting as if an end user.
		</fdd:techProtection>
	</fdd:sustainabilityFactors>
	<fdd:qualityAndFunctionalityFactors>
		<fdd:soundQF>
			<fdd:normalSound>Good support.</fdd:normalSound>
			<fdd:fidelity>Moderate quality (appropriate for speech) from <fddLink id="fdd000253">AMR-WB+</fddLink> encoding.  </fdd:fidelity>
			<fdd:channels>DTB Players are not required to support multiple channels, but must recognize stereo and render at least as monaural.</fdd:channels>
			<fdd:samples>Not investigated at this time.</fdd:samples>
			<fdd:beyondSound>Synchronization with text transcription.</fdd:beyondSound>
		</fdd:soundQF>
		<fdd:textQF>
			<fdd:normalText>Good support.</fdd:normalText>
			<fdd:structure>The logical structure of a document is an important part of a DTB with textual content.  See <a href="http://www.daisy.org/structure-guidelines">DAISY Structure Guidelines</a>
			</fdd:structure>
			<fdd:layout>This standard focuses on the textual content, the logical structure, and the synchronization of text with audio of the text being read. Layout is not of primary significance in rendering for the visually impaired.</fdd:layout>
			<fdd:mathDiag>Not supported</fdd:mathDiag>
			<fdd:beyondText>Supports embedding of audio, images, and synchronization of text with audio of the text being read.</fdd:beyondText>
		</fdd:textQF>
	</fdd:qualityAndFunctionalityFactors>
	<fdd:fileTypeSignifiers>
		<fdd:signifiersGroup>
			<fdd:filenameExtension>
				<fdd:sigValues>
					<fdd:sigValue>opf</fdd:sigValue>
				</fdd:sigValues>
				<fdd:note>For the required Package file. Documented in NISO standard.</fdd:note>
			</fdd:filenameExtension>
			<fdd:filenameExtension>
				<fdd:sigValues>
					<fdd:sigValue>xml</fdd:sigValue>
				</fdd:sigValues>
				<fdd:note>For textual content files. Documented in NISO standard.</fdd:note>
			</fdd:filenameExtension>
			<fdd:filenameExtension>
				<fdd:sigValues>
					<fdd:sigValue>ncx</fdd:sigValue>
				</fdd:sigValues>
				<fdd:note>For navigation control files. Documented in NISO standard.</fdd:note>
			</fdd:filenameExtension>
			<fdd:filenameExtension>
				<fdd:sigValues>
					<fdd:sigValue>amr</fdd:sigValue>
				</fdd:sigValues>
				<fdd:note>For AMR-WB+ audio files. Presumed to be the case; <a href="http://filext.com/">The File Extension Source</a> provides amr as the extension for Adaptive Multi-Rate Speech Codec files .</fdd:note>
			</fdd:filenameExtension>
			<fdd:filenameExtension>
				<fdd:sigValues>
					<fdd:sigValue>aac</fdd:sigValue>
				</fdd:sigValues>
				<fdd:note>For AAC_MP4 audio files. Documented in NISO standard.</fdd:note>
			</fdd:filenameExtension>
			<fdd:filenameExtension>
				<fdd:sigValues>
					<fdd:sigValue>mp3</fdd:sigValue>
				</fdd:sigValues>
				<fdd:note>For MP3 audio files. Documented in NISO standard.</fdd:note>
			</fdd:filenameExtension>
			<fdd:filenameExtension>
				<fdd:sigValues>
					<fdd:sigValue>wav</fdd:sigValue>
				</fdd:sigValues>
				<fdd:note>For WAVE_LPCM audio files. Documented in NISO standard.</fdd:note>
			</fdd:filenameExtension>
		</fdd:signifiersGroup>
	</fdd:fileTypeSignifiers>
	<fdd:notes>
		<fdd:general>In addition to requiring the AMR-WB+ audio encoding using prescribed parameters and wrappped in the 3GP file format, the <a href="http://www.loc.gov/nls/specs/1203_revNov2006_2007.pdf">NLS Specification for the Production of Digital Talking Books</a> specifies particular usage of the ANSI/NISO Z39.86:2002 standard.  Required or specified features include, for example, file-naming and metadata conventions, audio-clips for spoken title and author name and to support navigation, opening announcements, and positioning of pauses. </fdd:general>
		<fdd:history>See <fddLink id="fdd000053">DTB_2002</fddLink>.</fdd:history>
	</fdd:notes>
	<fdd:formatSpecifications>
		<fdd:urls>
			<fdd:url>
				<fdd:urlReference>
					<link>http://www.loc.gov/nls/specs/1203_revNov2006_2007.pdf</link>
					<tag>#1203, Construction of Digital Talking Books (November 2006)</tag>
				</fdd:urlReference>
			</fdd:url>
			<fdd:url>
				<fdd:urlReference>
					<link>http://www.loc.gov/nls/specs/1203_final_sigs.pdf</link>
					<tag>#1203:2011, Construction of Digital Talking Books (Version 1.1, July 2011)</tag>
					<comment>The compilers of this document have not compared the two versions of the specification in detail.</comment>
				</fdd:urlReference>
			</fdd:url>
			<fdd:url>
				<fdd:urlReference>
					<link>http://www.loc.gov/nls/businessplan/businessplan2006.html</link>
					<tag>Current Strategic Business Plan for the Implementation of Digital Systems</tag>
					<comment>From September 2006; not a true specification but provides guidance about the use of AMR-WB+ audio encoding.</comment>
				</fdd:urlReference>
			</fdd:url>
			<fdd:url>
				<fdd:urlReference>
					<link>http://www.niso.org/workrooms/daisy/Z39-86-2002.html</link>
					<tag>ANSI/NISO Z39.86-2002</tag>
					<comment>Specifications for the Digital Talking Book (ISSN: 1041-5653), on which DTB_2002_NLS is based.</comment>
				</fdd:urlReference>
			</fdd:url>
		</fdd:urls>
		<fdd:citations>
			<fdd:citation>
				<fdd:specReference>
					<specRefDetail rel="snum">ANSI/NISO Z39.86</specRefDetail> - <specRefDetail rel="date">2002</specRefDetail>.  <specRefDetail rel="stitle">Specifications for the Digital Talking Book</specRefDetail>.  ISBN: 1-880124-54-8</fdd:specReference>
			</fdd:citation>
		</fdd:citations>
	</fdd:formatSpecifications>
	<fdd:usefulReferences>
		<fdd:urls>
			<fdd:url>
				<fdd:urlGroup>
					<fdd:intro>The National Library for the Blind and Physically Handicapped (NLS) documents its specifications at <a href="http://www.loc.gov/nls/specs/">http://www.loc.gov/nls/specs/</a>.  As of January 2014, in addition to #1203 (Construction of Digital Talking Books) above, the following relate to the preparation of digital talking books or magazines:</fdd:intro>
					<fdd:urlList>
						<fdd:urlReference>
							<link>http://www.loc.gov/nls/specs/1204_April_07_Final.pdf</link>
							<tag>#1204, Construction of Audio Magazines in the Digital Talking Book Format (April 2007)</tag>
						</fdd:urlReference>
						<fdd:urlReference>
							<link>http://www.loc.gov/nls/specs/1205_Final_nov15_1_07.pdf</link>
							<tag>#1205, Protected Digital Talking Book (November 2007)</tag>
						</fdd:urlReference>
						<fdd:urlReference>
							<link>http://www.loc.gov/nls/specs/1150-2013.pdf</link>
							<tag>#1150:2013,  Digital Talking-Book Authoring Tool (March 2013)</tag>
						</fdd:urlReference>
						<fdd:urlReference>
							<link>http://www.loc.gov/nls/specs/1202_final_sigs.pdf</link>
							<tag>#1202:2011, Digital Talking-Book Mastering (Version 1.1, July 2011)</tag>
						</fdd:urlReference>
					</fdd:urlList>
				</fdd:urlGroup>
			</fdd:url>
		</fdd:urls>
	</fdd:usefulReferences>
</fdd:FDD>
